2026-05-15 10:38:50,960 [INFO] Starting ADAMS v2
2026-05-15 10:38:50,961 [WARNING] GPIO unavailable – HardwareController running in simulation mode
2026-05-15 10:38:53,589 [INFO] Firebase connected
2026-05-15 10:39:42,169 [INFO] Stopping ADAMS
2026-05-15 11:00:38,750 [INFO] Starting ADAMS v3
2026-05-15 11:00:40,501 [INFO] Firebase connected
2026-05-15 11:01:02,511 [INFO] Stopping ADAMS
2026-05-15 11:01:22,627 [INFO] Starting ADAMS v3
2026-05-15 11:01:22,965 [INFO] Firebase connected
2026-05-15 11:01:37,918 [INFO] Stopping ADAMS
2026-05-15 11:05:10,999 [INFO] Starting ADAMS v3
2026-05-15 11:05:12,222 [INFO] Firebase connected
2026-05-15 11:05:16,203 [WARNING] STATE: NORMAL -> DISTRACTED
2026-05-15 11:05:17,161 [WARNING] STATE: DISTRACTED -> NORMAL
2026-05-15 11:05:18,365 [WARNING] STATE: NORMAL -> DROWSY
2026-05-15 11:05:19,881 [WARNING] STATE: DROWSY -> NORMAL
2026-05-15 11:05:20,024 [WARNING] STATE: NORMAL -> DIZZY
2026-05-15 11:05:20,776 [WARNING] STATE: DIZZY -> DISTRACTED
2026-05-15 11:05:22,315 [WARNING] STATE: DISTRACTED -> DIZZY
2026-05-15 11:05:22,984 [WARNING] STATE: DIZZY -> NORMAL
2026-05-15 11:05:23,115 [WARNING] STATE: NORMAL -> DISTRACTED
2026-05-15 11:05:25,179 [WARNING] STATE: DISTRACTED -> NORMAL
2026-05-15 11:05:25,543 [WARNING] STATE: NORMAL -> DISTRACTED
2026-05-15 11:05:26,632 [WARNING] STATE: DISTRACTED -> NORMAL
2026-05-15 11:05:27,162 [WARNING] STATE: NORMAL -> DISTRACTED
2026-05-15 11:05:27,772 [WARNING] STATE: DISTRACTED -> NORMAL
2026-05-15 11:05:28,297 [WARNING] STATE: NORMAL -> DISTRACTED
2026-05-15 11:05:28,428 [WARNING] STATE: DISTRACTED -> DIZZY
2026-05-15 11:05:29,192 [WARNING] STATE: DIZZY -> DISTRACTED
2026-05-15 11:05:29,773 [WARNING] STATE: DISTRACTED -> DIZZY
2026-05-15 11:05:30,392 [WARNING] STATE: DIZZY -> NORMAL
2026-05-15 11:05:30,631 [WARNING] STATE: NORMAL -> DISTRACTED
2026-05-15 11:05:30,666 [WARNING] STATE: DISTRACTED -> NORMAL
2026-05-15 11:05:30,698 [WARNING] STATE: NORMAL -> DISTRACTED
2026-05-15 11:05:30,730 [WARNING] STATE: DISTRACTED -> NORMAL
2026-05-15 11:05:30,765 [WARNING] STATE: NORMAL -> DISTRACTED
2026-05-15 11:05:30,860 [WARNING] STATE: DISTRACTED -> NORMAL
2026-05-15 11:05:30,889 [WARNING] STATE: NORMAL -> DISTRACTED
2026-05-15 11:05:30,921 [WARNING] STATE: DISTRACTED -> NORMAL
2026-05-15 11:05:31,352 [WARNING] STATE: NORMAL -> DISTRACTED
2026-05-15 11:05:31,529 [WARNING] STATE: DISTRACTED -> DROWSY
2026-05-15 11:05:31,564 [WARNING] STATE: DROWSY -> DISTRACTED
2026-05-15 11:05:31,596 [WARNING] STATE: DISTRACTED -> DROWSY
2026-05-15 11:05:31,783 [WARNING] STATE: DROWSY -> DISTRACTED
2026-05-15 11:05:31,865 [WARNING] STATE: DISTRACTED -> DROWSY
2026-05-15 11:05:32,486 [WARNING] STATE: DROWSY -> DISTRACTED
2026-05-15 11:05:32,554 [WARNING] STATE: DISTRACTED -> NORMAL
2026-05-15 11:05:33,257 [WARNING] STATE: NORMAL -> DISTRACTED
2026-05-15 11:05:34,398 [INFO] Stopping ADAMS
2026-05-15 11:43:47,815 [INFO] Starting ADAMS v3
2026-05-15 11:43:48,284 [INFO] Firebase connected
2026-05-15 11:43:49,014 [WARNING] STATE: NORMAL -> DISTRACTED
2026-05-15 11:43:49,206 [WARNING] STATE: DISTRACTED -> DIZZY
2026-05-15 11:43:52,132 [WARNING] STATE: DIZZY -> NORMAL
2026-05-15 11:43:52,425 [WARNING] STATE: NORMAL -> DISTRACTED
2026-05-15 11:43:52,456 [WARNING] STATE: DISTRACTED -> DIZZY
2026-05-15 11:44:10,766 [WARNING] STATE: DIZZY -> DISTRACTED
2026-05-15 11:44:12,709 [WARNING] STATE: DISTRACTED -> DIZZY
2026-05-15 11:44:13,302 [WARNING] STATE: DIZZY -> DISTRACTED
2026-05-15 11:44:15,943 [WARNING] STATE: DISTRACTED -> DIZZY
2026-05-15 11:44:20,793 [WARNING] STATE: DIZZY -> DISTRACTED
2026-05-15 11:44:24,482 [WARNING] STATE: DISTRACTED -> DIZZY
2026-05-15 11:44:25,174 [WARNING] STATE: DIZZY -> DISTRACTED
2026-05-15 11:44:25,514 [WARNING] STATE: DISTRACTED -> DIZZY
2026-05-15 11:44:28,778 [WARNING] STATE: DIZZY -> DISTRACTED
2026-05-15 11:44:29,736 [WARNING] STATE: DISTRACTED -> DIZZY
2026-05-15 11:44:31,852 [WARNING] STATE: DIZZY -> NORMAL
2026-05-15 11:44:32,069 [WARNING] STATE: NORMAL -> DISTRACTED
2026-05-15 11:44:32,100 [WARNING] STATE: DISTRACTED -> DIZZY
2026-05-15 11:44:34,628 [WARNING] STATE: DIZZY -> NORMAL
2026-05-15 11:44:35,005 [WARNING] STATE: NORMAL -> DISTRACTED
2026-05-15 11:44:35,033 [WARNING] STATE: DISTRACTED -> DIZZY
2026-05-15 11:44:38,495 [WARNING] STATE: DIZZY -> NORMAL
2026-05-15 11:44:39,118 [WARNING] STATE: NORMAL -> DISTRACTED
2026-05-15 11:44:39,173 [WARNING] STATE: DISTRACTED -> NORMAL
2026-05-15 11:44:39,255 [WARNING] STATE: NORMAL -> DISTRACTED
2026-05-15 11:44:39,284 [WARNING] STATE: DISTRACTED -> DIZZY
2026-05-15 11:44:41,094 [WARNING] STATE: DIZZY -> DISTRACTED
2026-05-15 11:44:42,844 [WARNING] STATE: DISTRACTED -> DIZZY
2026-05-15 11:44:45,766 [WARNING] STATE: DIZZY -> NORMAL
2026-05-15 11:45:09,502 [WARNING] STATE: NORMAL -> DIZZY
2026-05-15 11:45:12,929 [WARNING] STATE: DIZZY -> NORMAL
2026-05-15 11:46:40,441 [WARNING] STATE: NORMAL -> DISTRACTED
2026-05-15 11:46:40,490 [WARNING] STATE: DISTRACTED -> DIZZY
2026-05-15 11:46:41,093 [WARNING] STATE: DIZZY -> NORMAL
2026-05-15 11:47:31,792 [WARNING] STATE: NORMAL -> DISTRACTED
2026-05-15 11:47:31,854 [WARNING] STATE: DISTRACTED -> DIZZY
2026-05-15 11:47:34,524 [WARNING] STATE: DIZZY -> NORMAL
2026-05-15 11:48:20,593 [WARNING] STATE: NORMAL -> DISTRACTED
2026-05-15 11:48:20,652 [WARNING] STATE: DISTRACTED -> DIZZY
2026-05-15 11:48:22,396 [WARNING] STATE: DIZZY -> NORMAL
2026-05-15 11:48:23,904 [WARNING] STATE: NORMAL -> DISTRACTED
2026-05-15 11:48:23,964 [WARNING] STATE: DISTRACTED -> DIZZY
2026-05-15 11:48:24,486 [WARNING] STATE: DIZZY -> NORMAL
2026-05-15 11:48:24,753 [WARNING] STATE: NORMAL -> DISTRACTED
2026-05-15 11:48:24,820 [WARNING] STATE: DISTRACTED -> DIZZY
2026-05-15 11:48:25,069 [WARNING] STATE: DIZZY -> NORMAL
2026-05-15 11:48:25,732 [WARNING] STATE: NORMAL -> DISTRACTED
2026-05-15 11:48:25,799 [WARNING] STATE: DISTRACTED -> DIZZY
2026-05-15 11:48:26,497 [WARNING] STATE: DIZZY -> NORMAL
2026-05-15 11:48:28,056 [WARNING] STATE: NORMAL -> DISTRACTED
2026-05-15 11:48:28,105 [WARNING] STATE: DISTRACTED -> DIZZY
2026-05-15 11:48:29,243 [WARNING] STATE: DIZZY -> NORMAL
2026-05-15 11:48:29,303 [WARNING] STATE: NORMAL -> DISTRACTED
2026-05-15 11:48:29,358 [WARNING] STATE: DISTRACTED -> DIZZY
2026-05-15 11:48:35,890 [WARNING] STATE: DIZZY -> DISTRACTED
2026-05-15 11:48:36,004 [WARNING] STATE: DISTRACTED -> DIZZY
2026-05-15 11:48:40,072 [WARNING] STATE: DIZZY -> DISTRACTED
2026-05-15 11:48:41,042 [WARNING] STATE: DISTRACTED -> DIZZY
2026-05-15 11:48:43,530 [WARNING] STATE: DIZZY -> NORMAL
2026-05-15 11:50:35,385 [INFO] Stopping ADAMS
2026-05-15 11:50:40,975 [INFO] Starting ADAMS v3
2026-05-15 11:50:41,466 [INFO] Firebase connected
2026-05-15 11:50:42,053 [WARNING] STATE: NORMAL -> DISTRACTED
2026-05-15 11:50:42,092 [WARNING] STATE: DISTRACTED -> DIZZY
2026-05-15 11:50:44,182 [WARNING] STATE: DIZZY -> NORMAL
2026-05-15 11:50:44,262 [WARNING] STATE: NORMAL -> DISTRACTED
2026-05-15 11:50:44,294 [WARNING] STATE: DISTRACTED -> DIZZY
2026-05-15 11:50:44,371 [WARNING] STATE: DIZZY -> NORMAL
2026-05-15 11:50:44,416 [WARNING] STATE: NORMAL -> DISTRACTED
2026-05-15 11:50:44,455 [WARNING] STATE: DISTRACTED -> NORMAL
2026-05-15 11:50:45,065 [WARNING] STATE: NORMAL -> DISTRACTED
2026-05-15 11:50:45,108 [WARNING] STATE: DISTRACTED -> DIZZY
2026-05-15 11:50:50,629 [WARNING] STATE: DIZZY -> DISTRACTED
2026-05-15 11:50:50,872 [WARNING] STATE: DISTRACTED -> DIZZY
2026-05-15 11:50:51,506 [WARNING] STATE: DIZZY -> DISTRACTED
2026-05-15 11:50:52,416 [WARNING] STATE: DISTRACTED -> DIZZY
2026-05-15 11:50:53,003 [INFO] Stopping ADAMS
2026-05-15 11:51:42,240 [INFO] Starting ADAMS v3
2026-05-15 11:51:42,621 [INFO] Firebase connected
2026-05-15 11:51:42,940 [WARNING] STATE: NORMAL -> DIZZY
2026-05-15 11:51:45,531 [WARNING] STATE: DIZZY -> NORMAL
2026-05-15 11:51:45,565 [WARNING] STATE: NORMAL -> DISTRACTED
2026-05-15 11:51:45,610 [WARNING] STATE: DISTRACTED -> DIZZY
2026-05-15 11:51:46,072 [WARNING] STATE: DIZZY -> NORMAL
2026-05-15 11:51:46,353 [WARNING] STATE: NORMAL -> DISTRACTED
2026-05-15 11:51:46,393 [WARNING] STATE: DISTRACTED -> DIZZY
2026-05-15 11:51:46,542 [WARNING] STATE: DIZZY -> NORMAL
2026-05-15 11:51:46,813 [WARNING] STATE: NORMAL -> DISTRACTED
2026-05-15 11:51:46,841 [WARNING] STATE: DISTRACTED -> DIZZY
2026-05-15 11:51:52,042 [WARNING] STATE: DIZZY -> DISTRACTED
2026-05-15 11:51:54,018 [WARNING] STATE: DISTRACTED -> DIZZY
2026-05-15 11:51:56,982 [WARNING] STATE: DIZZY -> DISTRACTED
2026-05-15 11:51:57,262 [WARNING] STATE: DISTRACTED -> NORMAL
2026-05-15 11:51:57,325 [WARNING] STATE: NORMAL -> DISTRACTED
2026-05-15 11:51:57,761 [WARNING] STATE: DISTRACTED -> NORMAL
2026-05-15 11:51:57,798 [WARNING] STATE: NORMAL -> DISTRACTED
2026-05-15 11:51:58,652 [WARNING] STATE: DISTRACTED -> NORMAL
2026-05-15 11:51:58,699 [WARNING] STATE: NORMAL -> DISTRACTED
2026-05-15 11:51:58,853 [WARNING] STATE: DISTRACTED -> NORMAL
2026-05-15 11:51:58,916 [WARNING] STATE: NORMAL -> DIZZY
2026-05-15 11:52:00,409 [WARNING] STATE: DIZZY -> DISTRACTED
2026-05-15 11:52:01,558 [WARNING] STATE: DISTRACTED -> DIZZY
2026-05-15 11:52:02,526 [WARNING] STATE: DIZZY -> DISTRACTED
2026-05-15 11:52:03,917 [WARNING] STATE: DISTRACTED -> DIZZY
2026-05-15 11:52:08,923 [INFO] Stopping ADAMS
2026-05-15 11:52:20,974 [INFO] Starting ADAMS v3
2026-05-15 11:52:21,321 [INFO] Firebase connected
2026-05-15 11:52:21,541 [WARNING] STATE: NORMAL -> DISTRACTED
2026-05-15 11:52:21,680 [WARNING] STATE: DISTRACTED -> DIZZY
2026-05-15 11:52:27,222 [WARNING] STATE: DIZZY -> DISTRACTED
2026-05-15 11:52:30,060 [WARNING] STATE: DISTRACTED -> DIZZY
2026-05-15 11:52:30,743 [WARNING] STATE: DIZZY -> DISTRACTED
2026-05-15 11:52:38,636 [WARNING] STATE: DISTRACTED -> NORMAL
2026-05-15 11:52:38,707 [WARNING] STATE: NORMAL -> DIZZY
2026-05-15 11:52:39,432 [WARNING] STATE: DIZZY -> NORMAL
2026-05-15 11:52:40,019 [WARNING] STATE: NORMAL -> DIZZY
2026-05-15 11:52:40,711 [WARNING] STATE: DIZZY -> DISTRACTED
2026-05-15 11:52:42,210 [WARNING] STATE: DISTRACTED -> DIZZY
2026-05-15 11:52:43,548 [WARNING] STATE: DIZZY -> DISTRACTED
2026-05-15 11:52:43,602 [WARNING] STATE: DISTRACTED -> DIZZY
2026-05-15 11:52:44,575 [WARNING] STATE: DIZZY -> NORMAL
2026-05-15 11:53:15,937 [ERROR] Camera frame failed
2026-05-15 11:53:15,949 [INFO] Stopping ADAMS
2026-05-15 11:58:38,133 [INFO] Starting ADAMS v3
2026-05-15 11:58:38,829 [INFO] Firebase connected
2026-05-15 11:58:40,806 [WARNING] STATE: NORMAL -> DISTRACTED
2026-05-15 11:58:40,914 [WARNING] STATE: DISTRACTED -> NORMAL
2026-05-15 11:58:41,564 [WARNING] STATE: NORMAL -> DISTRACTED
2026-05-15 11:58:42,369 [WARNING] STATE: DISTRACTED -> NORMAL
2026-05-15 11:58:42,587 [WARNING] STATE: NORMAL -> DISTRACTED
2026-05-15 11:58:42,622 [WARNING] STATE: DISTRACTED -> NORMAL
2026-05-15 11:58:42,666 [WARNING] STATE: NORMAL -> DISTRACTED
2026-05-15 11:58:43,231 [WARNING] STATE: DISTRACTED -> NORMAL
2026-05-15 11:58:43,296 [WARNING] STATE: NORMAL -> DISTRACTED
2026-05-15 11:58:43,331 [WARNING] STATE: DISTRACTED -> NORMAL
2026-05-15 11:58:43,395 [WARNING] STATE: NORMAL -> DISTRACTED
2026-05-15 11:58:43,631 [WARNING] STATE: DISTRACTED -> DIZZY
2026-05-15 11:58:44,067 [WARNING] STATE: DIZZY -> NORMAL
2026-05-15 11:58:44,145 [WARNING] STATE: NORMAL -> DIZZY
2026-05-15 11:58:45,035 [WARNING] STATE: DIZZY -> NORMAL
2026-05-15 11:58:45,712 [WARNING] STATE: NORMAL -> DISTRACTED
2026-05-15 11:58:46,232 [INFO] Stopping ADAMS
2026-05-15 11:59:28,673 [INFO] Starting ADAMS v3
2026-05-15 11:59:29,229 [INFO] Firebase connected
2026-05-15 11:59:31,864 [WARNING] STATE: NORMAL -> DISTRACTED
2026-05-15 11:59:34,556 [WARNING] STATE: DISTRACTED -> NORMAL
2026-05-15 11:59:34,588 [WARNING] STATE: NORMAL -> DISTRACTED
2026-05-15 11:59:34,770 [WARNING] STATE: DISTRACTED -> NORMAL
2026-05-15 11:59:35,019 [WARNING] STATE: NORMAL -> DISTRACTED
2026-05-15 11:59:35,290 [WARNING] STATE: DISTRACTED -> NORMAL
2026-05-15 11:59:35,389 [WARNING] STATE: NORMAL -> DISTRACTED
2026-05-15 11:59:35,417 [WARNING] STATE: DISTRACTED -> NORMAL
2026-05-15 11:59:35,581 [WARNING] STATE: NORMAL -> DISTRACTED
2026-05-15 11:59:35,631 [WARNING] STATE: DISTRACTED -> NORMAL
2026-05-15 11:59:35,666 [WARNING] STATE: NORMAL -> DISTRACTED
2026-05-15 11:59:35,735 [WARNING] STATE: DISTRACTED -> NORMAL
2026-05-15 11:59:36,969 [WARNING] STATE: NORMAL -> DIZZY
2026-05-15 11:59:37,790 [WARNING] STATE: DIZZY -> NORMAL
2026-05-15 11:59:38,016 [WARNING] STATE: NORMAL -> DIZZY
2026-05-15 11:59:38,072 [WARNING] STATE: DIZZY -> NORMAL
2026-05-15 11:59:38,535 [WARNING] STATE: NORMAL -> DISTRACTED
2026-05-15 11:59:38,587 [WARNING] STATE: DISTRACTED -> DIZZY
2026-05-15 11:59:39,213 [WARNING] STATE: DIZZY -> DISTRACTED
2026-05-15 11:59:39,916 [WARNING] STATE: DISTRACTED -> NORMAL
2026-05-15 11:59:39,951 [WARNING] STATE: NORMAL -> DISTRACTED
2026-05-15 11:59:40,105 [WARNING] STATE: DISTRACTED -> NORMAL
2026-05-15 11:59:40,137 [WARNING] STATE: NORMAL -> DISTRACTED
2026-05-15 11:59:40,282 [WARNING] STATE: DISTRACTED -> NORMAL
2026-05-15 11:59:40,449 [WARNING] STATE: NORMAL -> DISTRACTED
2026-05-15 11:59:40,599 [WARNING] STATE: DISTRACTED -> NORMAL
2026-05-15 11:59:40,632 [WARNING] STATE: NORMAL -> DISTRACTED
2026-05-15 11:59:40,875 [WARNING] STATE: DISTRACTED -> NORMAL
2026-05-15 11:59:40,907 [WARNING] STATE: NORMAL -> DISTRACTED
2026-05-15 11:59:40,941 [WARNING] STATE: DISTRACTED -> NORMAL
2026-05-15 11:59:44,262 [WARNING] STATE: NORMAL -> DROWSY
2026-05-15 11:59:47,453 [WARNING] STATE: DROWSY -> NORMAL
2026-05-15 11:59:48,332 [WARNING] STATE: NORMAL -> DIZZY
2026-05-15 11:59:49,114 [WARNING] STATE: DIZZY -> DISTRACTED
2026-05-15 11:59:50,251 [WARNING] STATE: DISTRACTED -> DIZZY
2026-05-15 11:59:50,989 [WARNING] STATE: DIZZY -> NORMAL
2026-05-15 11:59:51,794 [WARNING] STATE: NORMAL -> DROWSY
2026-05-15 11:59:53,341 [WARNING] STATE: DROWSY -> NORMAL
2026-05-15 11:59:54,446 [WARNING] STATE: NORMAL -> DISTRACTED
2026-05-15 11:59:54,535 [WARNING] STATE: DISTRACTED -> NORMAL
2026-05-15 11:59:54,566 [WARNING] STATE: NORMAL -> DISTRACTED
2026-05-15 11:59:54,668 [WARNING] STATE: DISTRACTED -> NORMAL
2026-05-15 11:59:54,715 [WARNING] STATE: NORMAL -> DISTRACTED
2026-05-15 11:59:54,747 [WARNING] STATE: DISTRACTED -> NORMAL
2026-05-15 11:59:54,812 [WARNING] STATE: NORMAL -> DISTRACTED
2026-05-15 11:59:55,039 [WARNING] STATE: DISTRACTED -> NORMAL
2026-05-15 11:59:55,072 [WARNING] STATE: NORMAL -> DISTRACTED
2026-05-15 11:59:55,472 [INFO] Stopping ADAMS
2026-05-15 12:00:12,163 [INFO] Starting ADAMS v3
2026-05-15 12:00:12,435 [INFO] Firebase connected
2026-05-15 12:00:13,763 [WARNING] STATE: NORMAL -> DISTRACTED
2026-05-15 12:00:13,882 [WARNING] STATE: DISTRACTED -> NORMAL
2026-05-15 12:00:13,965 [WARNING] STATE: NORMAL -> DISTRACTED
2026-05-15 12:00:13,989 [WARNING] STATE: DISTRACTED -> DIZZY
2026-05-15 12:00:14,221 [WARNING] STATE: DIZZY -> NORMAL
2026-05-15 12:00:14,388 [WARNING] STATE: NORMAL -> DISTRACTED
2026-05-15 12:00:14,432 [WARNING] STATE: DISTRACTED -> DIZZY
2026-05-15 12:00:14,903 [WARNING] STATE: DIZZY -> NORMAL
2026-05-15 12:00:14,951 [WARNING] STATE: NORMAL -> DISTRACTED
2026-05-15 12:00:14,978 [WARNING] STATE: DISTRACTED -> DIZZY
2026-05-15 12:00:15,101 [WARNING] STATE: DIZZY -> NORMAL
2026-05-15 12:00:15,138 [WARNING] STATE: NORMAL -> DISTRACTED
2026-05-15 12:00:15,185 [WARNING] STATE: DISTRACTED -> DIZZY
2026-05-15 12:00:15,513 [WARNING] STATE: DIZZY -> NORMAL
2026-05-15 12:00:15,811 [WARNING] STATE: NORMAL -> DISTRACTED
2026-05-15 12:00:15,856 [WARNING] STATE: DISTRACTED -> DIZZY
2026-05-15 12:00:18,366 [WARNING] STATE: DIZZY -> DISTRACTED
2026-05-15 12:00:19,211 [WARNING] STATE: DISTRACTED -> DIZZY
2026-05-15 12:00:20,009 [WARNING] STATE: DIZZY -> DISTRACTED
2026-05-15 12:00:20,928 [WARNING] STATE: DISTRACTED -> DIZZY
2026-05-15 12:00:21,695 [WARNING] STATE: DIZZY -> DISTRACTED
2026-05-15 12:00:23,247 [WARNING] STATE: DISTRACTED -> DIZZY
2026-05-15 12:00:24,064 [WARNING] STATE: DIZZY -> DISTRACTED
2026-05-15 12:00:24,256 [WARNING] STATE: DISTRACTED -> DIZZY
2026-05-15 12:00:25,022 [WARNING] STATE: DIZZY -> DISTRACTED
2026-05-15 12:00:25,164 [WARNING] STATE: DISTRACTED -> DIZZY
2026-05-15 12:00:25,194 [WARNING] STATE: DIZZY -> NORMAL
2026-05-15 12:00:26,542 [WARNING] STATE: NORMAL -> DIZZY
2026-05-15 12:00:26,603 [WARNING] STATE: DIZZY -> NORMAL
2026-05-15 12:00:26,641 [WARNING] STATE: NORMAL -> DISTRACTED
2026-05-15 12:00:26,671 [WARNING] STATE: DISTRACTED -> DIZZY
2026-05-15 12:00:27,616 [WARNING] STATE: DIZZY -> DISTRACTED
2026-05-15 12:00:29,168 [WARNING] STATE: DISTRACTED -> DIZZY
2026-05-15 12:00:30,604 [WARNING] STATE: DIZZY -> NORMAL
2026-05-15 12:00:30,662 [WARNING] STATE: NORMAL -> DISTRACTED
2026-05-15 12:00:30,689 [WARNING] STATE: DISTRACTED -> DIZZY
2026-05-15 12:00:30,723 [WARNING] STATE: DIZZY -> NORMAL
2026-05-15 12:00:30,761 [WARNING] STATE: NORMAL -> DISTRACTED
2026-05-15 12:00:30,783 [WARNING] STATE: DISTRACTED -> DIZZY
2026-05-15 12:00:30,815 [WARNING] STATE: DIZZY -> NORMAL
2026-05-15 12:00:32,158 [WARNING] STATE: NORMAL -> DIZZY
2026-05-15 12:00:32,731 [WARNING] STATE: DIZZY -> NORMAL
2026-05-15 12:00:32,837 [WARNING] STATE: NORMAL -> DISTRACTED
2026-05-15 12:00:32,864 [WARNING] STATE: DISTRACTED -> DIZZY
2026-05-15 12:00:35,423 [WARNING] STATE: DIZZY -> DISTRACTED
2026-05-15 12:00:35,854 [WARNING] STATE: DISTRACTED -> DIZZY
2026-05-15 12:00:35,935 [WARNING] STATE: DIZZY -> NORMAL
2026-05-15 12:00:36,647 [WARNING] STATE: NORMAL -> DISTRACTED
2026-05-15 12:00:36,666 [WARNING] STATE: DISTRACTED -> DIZZY
2026-05-15 12:00:38,715 [WARNING] STATE: DIZZY -> NORMAL
2026-05-15 12:00:38,896 [WARNING] STATE: NORMAL -> DISTRACTED
2026-05-15 12:00:38,927 [WARNING] STATE: DISTRACTED -> DIZZY
2026-05-15 12:00:39,421 [WARNING] STATE: DIZZY -> NORMAL
2026-05-15 12:00:39,540 [WARNING] STATE: NORMAL -> DISTRACTED
2026-05-15 12:00:39,569 [WARNING] STATE: DISTRACTED -> DIZZY
2026-05-15 12:00:41,375 [WARNING] STATE: DIZZY -> DISTRACTED
2026-05-15 12:00:42,719 [WARNING] STATE: DISTRACTED -> DIZZY
2026-05-15 12:00:45,982 [WARNING] STATE: DIZZY -> NORMAL
2026-05-15 12:00:46,047 [WARNING] STATE: NORMAL -> DIZZY
2026-05-15 12:00:46,798 [WARNING] STATE: DIZZY -> NORMAL
2026-05-15 12:00:47,024 [WARNING] STATE: NORMAL -> DISTRACTED
2026-05-15 12:00:47,055 [WARNING] STATE: DISTRACTED -> NORMAL
2026-05-15 12:00:50,735 [WARNING] STATE: NORMAL -> DROWSY
2026-05-15 12:00:52,177 [WARNING] STATE: DROWSY -> DISTRACTED
2026-05-15 12:00:52,241 [WARNING] STATE: DISTRACTED -> DIZZY
2026-05-15 12:00:53,055 [WARNING] STATE: DIZZY -> DISTRACTED
2026-05-15 12:00:54,414 [WARNING] STATE: DISTRACTED -> DIZZY
2026-05-15 12:00:55,192 [WARNING] STATE: DIZZY -> DISTRACTED
2026-05-15 12:00:57,327 [WARNING] STATE: DISTRACTED -> NORMAL
2026-05-15 12:00:58,091 [WARNING] STATE: NORMAL -> DIZZY
2026-05-15 12:00:59,133 [WARNING] STATE: DIZZY -> NORMAL
2026-05-15 12:01:01,058 [INFO] Stopping ADAMS
2026-05-15 12:01:13,147 [INFO] Starting ADAMS v3
2026-05-15 12:01:13,558 [INFO] Firebase connected
2026-05-15 12:01:14,861 [WARNING] STATE: NORMAL -> DISTRACTED
2026-05-15 12:01:16,885 [WARNING] STATE: DISTRACTED -> NORMAL
2026-05-15 12:01:17,486 [WARNING] STATE: NORMAL -> DIZZY
2026-05-15 12:01:20,954 [WARNING] STATE: DIZZY -> NORMAL
2026-05-15 12:01:26,664 [WARNING] STATE: NORMAL -> DISTRACTED
2026-05-15 12:01:26,866 [WARNING] STATE: DISTRACTED -> DIZZY
2026-05-15 12:01:27,507 [WARNING] STATE: DIZZY -> DISTRACTED
2026-05-15 12:01:29,101 [WARNING] STATE: DISTRACTED -> DIZZY
2026-05-15 12:01:29,830 [WARNING] STATE: DIZZY -> NORMAL
2026-05-15 12:01:30,200 [WARNING] STATE: NORMAL -> DROWSY
2026-05-15 12:01:32,617 [WARNING] STATE: DROWSY -> NORMAL
2026-05-15 12:01:32,697 [WARNING] STATE: NORMAL -> DISTRACTED
2026-05-15 12:01:34,567 [WARNING] STATE: DISTRACTED -> DROWSY
2026-05-15 12:01:34,601 [WARNING] STATE: DROWSY -> DISTRACTED
2026-05-15 12:01:34,933 [WARNING] STATE: DISTRACTED -> DROWSY
2026-05-15 12:01:34,979 [WARNING] STATE: DROWSY -> DISTRACTED
2026-05-15 12:01:35,113 [WARNING] STATE: DISTRACTED -> DROWSY
2026-05-15 12:01:35,177 [WARNING] STATE: DROWSY -> DISTRACTED
2026-05-15 12:01:35,240 [WARNING] STATE: DISTRACTED -> DROWSY
2026-05-15 12:01:35,273 [WARNING] STATE: DROWSY -> DISTRACTED
2026-05-15 12:01:35,449 [WARNING] STATE: DISTRACTED -> DROWSY
2026-05-15 12:01:35,489 [WARNING] STATE: DROWSY -> DISTRACTED
2026-05-15 12:01:36,362 [WARNING] STATE: DISTRACTED -> DROWSY
2026-05-15 12:01:36,423 [WARNING] STATE: DROWSY -> NORMAL
2026-05-15 12:01:40,228 [WARNING] STATE: NORMAL -> DISTRACTED
2026-05-15 12:01:40,391 [WARNING] STATE: DISTRACTED -> DIZZY
2026-05-15 12:01:42,212 [WARNING] STATE: DIZZY -> NORMAL
2026-05-15 12:01:42,276 [WARNING] STATE: NORMAL -> DISTRACTED
2026-05-15 12:01:42,320 [WARNING] STATE: DISTRACTED -> DIZZY
2026-05-15 12:01:42,840 [WARNING] STATE: DIZZY -> NORMAL
2026-05-15 12:01:42,989 [INFO] Stopping ADAMS
2026-05-15 12:02:07,143 [INFO] Starting ADAMS v3
2026-05-15 12:02:07,495 [INFO] Firebase connected
2026-05-15 12:02:11,941 [WARNING] STATE: NORMAL -> DISTRACTED
2026-05-15 12:02:11,980 [WARNING] STATE: DISTRACTED -> DIZZY
2026-05-15 12:02:12,195 [WARNING] STATE: DIZZY -> DISTRACTED
2026-05-15 12:02:13,965 [WARNING] STATE: DISTRACTED -> NORMAL
2026-05-15 12:02:14,149 [WARNING] STATE: NORMAL -> DIZZY
2026-05-15 12:02:15,734 [WARNING] STATE: DIZZY -> NORMAL
2026-05-15 12:02:16,247 [WARNING] STATE: NORMAL -> DISTRACTED
2026-05-15 12:02:16,287 [WARNING] STATE: DISTRACTED -> DIZZY
2026-05-15 12:02:16,364 [WARNING] STATE: DIZZY -> NORMAL
2026-05-15 12:02:20,234 [WARNING] STATE: NORMAL -> DISTRACTED
2026-05-15 12:02:20,270 [WARNING] STATE: DISTRACTED -> DIZZY
2026-05-15 12:02:20,717 [WARNING] STATE: DIZZY -> NORMAL
2026-05-15 12:02:20,871 [WARNING] STATE: NORMAL -> DISTRACTED
2026-05-15 12:02:20,909 [WARNING] STATE: DISTRACTED -> NORMAL
2026-05-15 12:02:21,437 [WARNING] STATE: NORMAL -> DISTRACTED
2026-05-15 12:02:21,479 [WARNING] STATE: DISTRACTED -> DIZZY
2026-05-15 12:02:22,752 [WARNING] STATE: DIZZY -> DISTRACTED
2026-05-15 12:02:23,734 [WARNING] STATE: DISTRACTED -> DIZZY
2026-05-15 12:02:24,429 [WARNING] STATE: DIZZY -> NORMAL
2026-05-15 12:02:25,999 [WARNING] STATE: NORMAL -> DISTRACTED
2026-05-15 12:02:26,031 [WARNING] STATE: DISTRACTED -> NORMAL
2026-05-15 12:02:26,063 [WARNING] STATE: NORMAL -> DISTRACTED
2026-05-15 12:02:26,154 [WARNING] STATE: DISTRACTED -> NORMAL
2026-05-15 12:02:26,189 [WARNING] STATE: NORMAL -> DISTRACTED
2026-05-15 12:02:26,416 [WARNING] STATE: DISTRACTED -> DIZZY
2026-05-15 12:02:27,196 [WARNING] STATE: DIZZY -> DISTRACTED
2026-05-15 12:02:28,134 [WARNING] STATE: DISTRACTED -> NORMAL
2026-05-15 12:02:29,170 [WARNING] STATE: NORMAL -> DISTRACTED
2026-05-15 12:02:29,300 [WARNING] STATE: DISTRACTED -> DIZZY
2026-05-15 12:02:30,001 [WARNING] STATE: DIZZY -> DISTRACTED
2026-05-15 12:02:30,457 [WARNING] STATE: DISTRACTED -> DIZZY
2026-05-15 12:02:30,490 [WARNING] STATE: DIZZY -> NORMAL
2026-05-15 12:02:31,007 [WARNING] STATE: NORMAL -> DISTRACTED
2026-05-15 12:02:31,033 [WARNING] STATE: DISTRACTED -> DIZZY
2026-05-15 12:02:31,826 [WARNING] STATE: DIZZY -> DISTRACTED
2026-05-15 12:02:32,104 [WARNING] STATE: DISTRACTED -> DIZZY
2026-05-15 12:02:33,271 [WARNING] STATE: DIZZY -> DISTRACTED
2026-05-15 12:02:33,412 [WARNING] STATE: DISTRACTED -> DIZZY
2026-05-15 12:02:33,600 [WARNING] STATE: DIZZY -> DISTRACTED
2026-05-15 12:02:34,482 [WARNING] STATE: DISTRACTED -> DIZZY
2026-05-15 12:02:35,554 [WARNING] STATE: DIZZY -> DISTRACTED
2026-05-15 12:02:41,232 [WARNING] STATE: DISTRACTED -> DIZZY
2026-05-15 12:02:41,968 [WARNING] STATE: DIZZY -> NORMAL
2026-05-15 12:02:42,036 [WARNING] STATE: NORMAL -> DISTRACTED
2026-05-15 12:02:47,877 [WARNING] STATE: DISTRACTED -> NORMAL
2026-05-15 12:02:48,067 [WARNING] STATE: NORMAL -> DISTRACTED
2026-05-15 12:02:48,131 [WARNING] STATE: DISTRACTED -> DIZZY
2026-05-15 12:02:48,814 [WARNING] STATE: DIZZY -> DISTRACTED
2026-05-15 12:02:54,358 [WARNING] STATE: DISTRACTED -> DIZZY
2026-05-15 12:02:54,998 [WARNING] STATE: DIZZY -> NORMAL
2026-05-15 12:02:55,044 [WARNING] STATE: NORMAL -> DISTRACTED
2026-05-15 12:02:55,081 [WARNING] STATE: DISTRACTED -> NORMAL
2026-05-15 12:02:58,866 [WARNING] STATE: NORMAL -> DISTRACTED
2026-05-15 12:02:58,893 [WARNING] STATE: DISTRACTED -> DIZZY
2026-05-15 12:02:59,687 [WARNING] STATE: DIZZY -> DISTRACTED
2026-05-15 12:03:00,826 [WARNING] STATE: DISTRACTED -> NORMAL
2026-05-15 12:03:02,635 [WARNING] STATE: NORMAL -> DISTRACTED
2026-05-15 12:03:03,249 [WARNING] STATE: DISTRACTED -> DIZZY
2026-05-15 12:03:04,509 [WARNING] STATE: DIZZY -> DISTRACTED
2026-05-15 12:03:04,883 [WARNING] STATE: DISTRACTED -> DIZZY
2026-05-15 12:03:05,518 [WARNING] STATE: DIZZY -> DISTRACTED
2026-05-15 12:03:05,938 [WARNING] STATE: DISTRACTED -> DIZZY
2026-05-15 12:03:05,971 [WARNING] STATE: DIZZY -> NORMAL
2026-05-15 12:03:06,149 [WARNING] STATE: NORMAL -> DISTRACTED
2026-05-15 12:03:06,187 [WARNING] STATE: DISTRACTED -> DIZZY
2026-05-15 12:03:06,602 [WARNING] STATE: DIZZY -> NORMAL
2026-05-15 12:03:25,548 [WARNING] STATE: NORMAL -> DISTRACTED
2026-05-15 12:03:25,588 [WARNING] STATE: DISTRACTED -> DIZZY
2026-05-15 12:03:27,104 [WARNING] STATE: DIZZY -> DISTRACTED
2026-05-15 12:03:27,778 [WARNING] STATE: DISTRACTED -> DIZZY
2026-05-15 12:03:28,803 [WARNING] STATE: DIZZY -> DISTRACTED
2026-05-15 12:03:29,302 [WARNING] STATE: DISTRACTED -> DIZZY
2026-05-15 12:03:30,422 [WARNING] STATE: DIZZY -> NORMAL
2026-05-15 12:03:31,465 [WARNING] STATE: NORMAL -> DISTRACTED
2026-05-15 12:03:31,504 [WARNING] STATE: DISTRACTED -> DIZZY
2026-05-15 12:03:32,433 [WARNING] STATE: DIZZY -> DISTRACTED
2026-05-15 12:03:33,367 [WARNING] STATE: DISTRACTED -> DIZZY
2026-05-15 12:03:33,845 [WARNING] STATE: DIZZY -> DISTRACTED
2026-05-15 12:03:34,188 [WARNING] STATE: DISTRACTED -> DIZZY
2026-05-15 12:03:34,764 [WARNING] STATE: DIZZY -> DISTRACTED
2026-05-15 12:03:38,413 [WARNING] STATE: DISTRACTED -> DIZZY
2026-05-15 12:03:38,727 [WARNING] STATE: DIZZY -> NORMAL
2026-05-15 12:03:39,725 [WARNING] STATE: NORMAL -> DISTRACTED
2026-05-15 12:03:39,763 [WARNING] STATE: DISTRACTED -> DIZZY
2026-05-15 12:03:39,794 [WARNING] STATE: DIZZY -> NORMAL
2026-05-15 12:03:41,566 [WARNING] STATE: NORMAL -> DISTRACTED
2026-05-15 12:03:41,609 [WARNING] STATE: DISTRACTED -> DIZZY
2026-05-15 12:03:42,310 [WARNING] STATE: DIZZY -> DISTRACTED
2026-05-15 12:03:47,547 [WARNING] STATE: DISTRACTED -> DIZZY
2026-05-15 12:03:48,186 [WARNING] STATE: DIZZY -> DISTRACTED
2026-05-15 12:03:49,597 [WARNING] STATE: DISTRACTED -> NORMAL
2026-05-15 12:03:49,825 [WARNING] STATE: NORMAL -> DISTRACTED
2026-05-15 12:03:49,907 [WARNING] STATE: DISTRACTED -> NORMAL
2026-05-15 12:03:49,951 [WARNING] STATE: NORMAL -> DISTRACTED
2026-05-15 12:03:50,052 [WARNING] STATE: DISTRACTED -> DIZZY
2026-05-15 12:03:50,831 [WARNING] STATE: DIZZY -> DISTRACTED
2026-05-15 12:03:51,033 [WARNING] STATE: DISTRACTED -> DIZZY
2026-05-15 12:03:51,067 [WARNING] STATE: DIZZY -> DISTRACTED
2026-05-15 12:03:51,205 [WARNING] STATE: DISTRACTED -> DIZZY
2026-05-15 12:03:53,856 [WARNING] STATE: DIZZY -> DISTRACTED
2026-05-15 12:03:59,691 [WARNING] STATE: DISTRACTED -> DIZZY
2026-05-15 12:04:00,513 [WARNING] STATE: DIZZY -> NORMAL
2026-05-15 12:04:01,378 [WARNING] STATE: NORMAL -> DISTRACTED
2026-05-15 12:04:01,417 [WARNING] STATE: DISTRACTED -> DIZZY
2026-05-15 12:04:02,780 [WARNING] STATE: DIZZY -> DISTRACTED
2026-05-15 12:04:02,953 [WARNING] STATE: DISTRACTED -> DIZZY
2026-05-15 12:04:03,777 [WARNING] STATE: DIZZY -> NORMAL
2026-05-15 12:04:07,829 [WARNING] STATE: NORMAL -> DISTRACTED
2026-05-15 12:04:07,856 [WARNING] STATE: DISTRACTED -> DIZZY
2026-05-15 12:04:08,166 [WARNING] STATE: DIZZY -> NORMAL
2026-05-15 12:04:08,209 [WARNING] STATE: NORMAL -> DISTRACTED
2026-05-15 12:04:08,249 [WARNING] STATE: DISTRACTED -> DIZZY
2026-05-15 12:04:08,310 [WARNING] STATE: DIZZY -> NORMAL
2026-05-15 12:04:08,386 [WARNING] STATE: NORMAL -> DIZZY
2026-05-15 12:04:08,415 [WARNING] STATE: DIZZY -> NORMAL
2026-05-15 12:04:08,504 [WARNING] STATE: NORMAL -> DISTRACTED
2026-05-15 12:04:08,543 [WARNING] STATE: DISTRACTED -> DIZZY
2026-05-15 12:04:08,574 [WARNING] STATE: DIZZY -> NORMAL
2026-05-15 12:04:09,090 [WARNING] STATE: NORMAL -> DIZZY
2026-05-15 12:04:09,119 [WARNING] STATE: DIZZY -> NORMAL
2026-05-15 12:04:09,291 [WARNING] STATE: NORMAL -> DIZZY
2026-05-15 12:04:09,446 [WARNING] STATE: DIZZY -> NORMAL
2026-05-15 12:04:09,528 [WARNING] STATE: NORMAL -> DIZZY
2026-05-15 12:04:09,589 [WARNING] STATE: DIZZY -> NORMAL
2026-05-15 12:04:09,632 [WARNING] STATE: NORMAL -> DISTRACTED
2026-05-15 12:04:09,669 [WARNING] STATE: DISTRACTED -> DIZZY
2026-05-15 12:04:10,857 [WARNING] STATE: DIZZY -> NORMAL
2026-05-15 12:04:10,920 [WARNING] STATE: NORMAL -> DIZZY
2026-05-15 12:04:10,990 [WARNING] STATE: DIZZY -> DISTRACTED
2026-05-15 12:04:11,069 [WARNING] STATE: DISTRACTED -> NORMAL
2026-05-15 12:04:11,119 [WARNING] STATE: NORMAL -> DIZZY
2026-05-15 12:04:11,640 [WARNING] STATE: DIZZY -> DISTRACTED
2026-05-15 12:04:11,701 [WARNING] STATE: DISTRACTED -> NORMAL
2026-05-15 12:04:11,845 [WARNING] STATE: NORMAL -> DIZZY
2026-05-15 12:04:11,940 [WARNING] STATE: DIZZY -> NORMAL
2026-05-15 12:04:14,123 [WARNING] STATE: NORMAL -> DIZZY
2026-05-15 12:04:14,155 [WARNING] STATE: DIZZY -> NORMAL
2026-05-15 12:04:14,235 [WARNING] STATE: NORMAL -> DIZZY
2026-05-15 12:04:14,543 [WARNING] STATE: DIZZY -> NORMAL
2026-05-15 12:04:14,793 [WARNING] STATE: NORMAL -> DIZZY
2026-05-15 12:04:15,394 [WARNING] STATE: DIZZY -> NORMAL
2026-05-15 12:04:15,552 [WARNING] STATE: NORMAL -> DIZZY
2026-05-15 12:04:16,539 [WARNING] STATE: DIZZY -> NORMAL
2026-05-15 12:05:14,457 [WARNING] STATE: NORMAL -> DISTRACTED
2026-05-15 12:05:14,498 [WARNING] STATE: DISTRACTED -> DIZZY
2026-05-15 12:05:15,948 [WARNING] STATE: DIZZY -> DISTRACTED
2026-05-15 12:05:17,159 [WARNING] STATE: DISTRACTED -> DIZZY
2026-05-15 12:05:17,922 [WARNING] STATE: DIZZY -> DISTRACTED
2026-05-15 12:05:20,210 [WARNING] STATE: DISTRACTED -> DIZZY
2026-05-15 12:05:20,334 [WARNING] STATE: DIZZY -> NORMAL
2026-05-15 12:05:20,374 [WARNING] STATE: NORMAL -> DISTRACTED
2026-05-15 12:05:20,408 [WARNING] STATE: DISTRACTED -> NORMAL
2026-05-15 12:05:20,455 [WARNING] STATE: NORMAL -> DISTRACTED
2026-05-15 12:05:20,494 [WARNING] STATE: DISTRACTED -> DIZZY
2026-05-15 12:05:20,800 [WARNING] STATE: DIZZY -> NORMAL
2026-05-15 12:05:20,844 [WARNING] STATE: NORMAL -> DISTRACTED
2026-05-15 12:05:20,883 [WARNING] STATE: DISTRACTED -> DIZZY
2026-05-15 12:05:21,377 [WARNING] STATE: DIZZY -> NORMAL
2026-05-15 12:05:22,011 [WARNING] STATE: NORMAL -> DISTRACTED
2026-05-15 12:05:22,051 [WARNING] STATE: DISTRACTED -> DIZZY
2026-05-15 12:05:22,081 [WARNING] STATE: DIZZY -> NORMAL
2026-05-15 12:05:23,822 [WARNING] STATE: NORMAL -> DISTRACTED
2026-05-15 12:05:23,861 [WARNING] STATE: DISTRACTED -> DIZZY
2026-05-15 12:05:24,593 [WARNING] STATE: DIZZY -> NORMAL
2026-05-15 12:05:36,621 [WARNING] STATE: NORMAL -> DISTRACTED
2026-05-15 12:05:36,657 [WARNING] STATE: DISTRACTED -> NORMAL
2026-05-15 12:05:36,731 [WARNING] STATE: NORMAL -> DISTRACTED
2026-05-15 12:05:36,770 [WARNING] STATE: DISTRACTED -> DIZZY
2026-05-15 12:05:36,922 [WARNING] STATE: DIZZY -> NORMAL
2026-05-15 12:05:36,965 [WARNING] STATE: NORMAL -> DISTRACTED
2026-05-15 12:05:37,000 [WARNING] STATE: DISTRACTED -> NORMAL
2026-05-15 12:05:37,042 [WARNING] STATE: NORMAL -> DISTRACTED
2026-05-15 12:05:37,080 [WARNING] STATE: DISTRACTED -> DIZZY
2026-05-15 12:05:37,110 [WARNING] STATE: DIZZY -> NORMAL
2026-05-15 12:05:37,186 [WARNING] STATE: NORMAL -> DISTRACTED
2026-05-15 12:05:37,221 [WARNING] STATE: DISTRACTED -> DIZZY
2026-05-15 12:05:37,255 [WARNING] STATE: DIZZY -> NORMAL
2026-05-15 12:05:37,295 [WARNING] STATE: NORMAL -> DISTRACTED
2026-05-15 12:05:37,330 [WARNING] STATE: DISTRACTED -> NORMAL
2026-05-15 12:05:37,375 [WARNING] STATE: NORMAL -> DISTRACTED
2026-05-15 12:05:37,414 [WARNING] STATE: DISTRACTED -> DIZZY
2026-05-15 12:05:37,549 [WARNING] STATE: DIZZY -> NORMAL
2026-05-15 12:05:37,746 [WARNING] STATE: NORMAL -> DISTRACTED
2026-05-15 12:05:37,783 [WARNING] STATE: DISTRACTED -> DIZZY
2026-05-15 12:05:37,814 [WARNING] STATE: DIZZY -> NORMAL
2026-05-15 12:05:40,167 [ERROR] Camera frame failed
2026-05-15 12:05:40,170 [INFO] Stopping ADAMS
2026-05-15 12:42:30,352 [INFO] Starting ADAMS v3
2026-05-15 12:42:30,968 [INFO] Firebase connected
2026-05-15 12:42:33,307 [WARNING] STATE: NORMAL -> DISTRACTED
2026-05-15 12:42:33,494 [WARNING] STATE: DISTRACTED -> DIZZY
2026-05-15 12:42:35,365 [WARNING] STATE: DIZZY -> DISTRACTED
2026-05-15 12:42:36,980 [WARNING] STATE: DISTRACTED -> NORMAL
2026-05-15 12:42:37,200 [WARNING] STATE: NORMAL -> DISTRACTED
2026-05-15 12:42:38,483 [WARNING] STATE: DISTRACTED -> NORMAL
2026-05-15 12:42:38,786 [WARNING] STATE: NORMAL -> DISTRACTED
2026-05-15 12:42:38,848 [WARNING] STATE: DISTRACTED -> NORMAL
2026-05-15 12:42:38,928 [WARNING] STATE: NORMAL -> DISTRACTED
2026-05-15 12:42:39,297 [WARNING] STATE: DISTRACTED -> NORMAL
2026-05-15 12:42:40,309 [WARNING] STATE: NORMAL -> DIZZY
2026-05-15 12:42:41,476 [WARNING] STATE: DIZZY -> DISTRACTED
2026-05-15 12:42:42,472 [WARNING] STATE: DISTRACTED -> DIZZY
2026-05-15 12:42:42,816 [WARNING] STATE: DIZZY -> NORMAL
2026-05-15 12:42:42,969 [WARNING] STATE: NORMAL -> DISTRACTED
2026-05-15 12:42:42,994 [WARNING] STATE: DISTRACTED -> DIZZY
2026-05-15 12:42:43,665 [WARNING] STATE: DIZZY -> DISTRACTED
2026-05-15 12:42:44,096 [WARNING] STATE: DISTRACTED -> NORMAL
2026-05-15 12:42:47,138 [WARNING] STATE: NORMAL -> DROWSY
2026-05-15 12:42:48,944 [WARNING] STATE: DROWSY -> DISTRACTED
2026-05-15 12:42:49,119 [WARNING] STATE: DISTRACTED -> DIZZY
2026-05-15 12:42:49,760 [WARNING] STATE: DIZZY -> DISTRACTED
2026-05-15 12:42:51,534 [WARNING] STATE: DISTRACTED -> NORMAL
2026-05-15 12:42:51,571 [WARNING] STATE: NORMAL -> DISTRACTED
2026-05-15 12:42:52,242 [WARNING] STATE: DISTRACTED -> DROWSY
2026-05-15 12:42:52,914 [WARNING] STATE: DROWSY -> DISTRACTED
2026-05-15 12:42:52,947 [WARNING] STATE: DISTRACTED -> DROWSY
2026-05-15 12:42:53,059 [WARNING] STATE: DROWSY -> DISTRACTED
2026-05-15 12:42:53,093 [WARNING] STATE: DISTRACTED -> DROWSY
2026-05-15 12:42:53,282 [WARNING] STATE: DROWSY -> NORMAL
2026-05-15 12:42:53,428 [WARNING] STATE: NORMAL -> DISTRACTED
2026-05-15 12:42:53,460 [WARNING] STATE: DISTRACTED -> NORMAL
2026-05-15 12:42:57,393 [WARNING] STATE: NORMAL -> DISTRACTED
2026-05-15 12:42:57,761 [WARNING] STATE: DISTRACTED -> DIZZY
2026-05-15 12:42:59,288 [WARNING] STATE: DIZZY -> DISTRACTED
2026-05-15 12:42:59,318 [WARNING] STATE: DISTRACTED -> DIZZY
2026-05-15 12:42:59,346 [WARNING] STATE: DIZZY -> DISTRACTED
2026-05-15 12:42:59,681 [INFO] Stopping ADAMS
2026-05-15 12:49:57,853 [INFO] Starting ADAMS v3
2026-05-15 12:49:58,408 [INFO] Firebase connected
2026-05-15 12:50:00,387 [WARNING] STATE: NORMAL -> DISTRACTED
2026-05-15 12:50:03,574 [WARNING] STATE: DISTRACTED -> NORMAL
2026-05-15 12:50:04,658 [WARNING] STATE: NORMAL -> DISTRACTED
2026-05-15 12:50:05,090 [WARNING] STATE: DISTRACTED -> DIZZY
2026-05-15 12:50:05,762 [WARNING] STATE: DIZZY -> DISTRACTED
2026-05-15 12:50:07,623 [WARNING] STATE: DISTRACTED -> DIZZY
2026-05-15 12:50:08,898 [WARNING] STATE: DIZZY -> DISTRACTED
2026-05-15 12:50:09,429 [WARNING] STATE: DISTRACTED -> DIZZY
2026-05-15 12:50:09,458 [WARNING] STATE: DIZZY -> NORMAL
2026-05-15 12:50:09,643 [WARNING] STATE: NORMAL -> DISTRACTED
2026-05-15 12:50:09,668 [WARNING] STATE: DISTRACTED -> DIZZY
2026-05-15 12:50:09,905 [WARNING] STATE: DIZZY -> NORMAL
2026-05-15 12:50:10,041 [WARNING] STATE: NORMAL -> DISTRACTED
2026-05-15 12:50:10,070 [WARNING] STATE: DISTRACTED -> DIZZY
2026-05-15 12:50:11,222 [WARNING] STATE: DIZZY -> DISTRACTED
2026-05-15 12:50:11,408 [WARNING] STATE: DISTRACTED -> DIZZY
2026-05-15 12:50:11,952 [WARNING] STATE: DIZZY -> DISTRACTED
2026-05-15 12:50:12,117 [WARNING] STATE: DISTRACTED -> NORMAL
2026-05-15 12:50:12,170 [WARNING] STATE: NORMAL -> DISTRACTED
2026-05-15 12:50:13,513 [WARNING] STATE: DISTRACTED -> NORMAL
2026-05-15 12:50:13,602 [WARNING] STATE: NORMAL -> DISTRACTED
2026-05-15 12:50:13,636 [WARNING] STATE: DISTRACTED -> DIZZY
2026-05-15 12:50:14,842 [WARNING] STATE: DIZZY -> DISTRACTED
2026-05-15 12:50:15,123 [WARNING] STATE: DISTRACTED -> DIZZY
2026-05-15 12:50:15,890 [WARNING] STATE: DIZZY -> NORMAL
2026-05-15 12:50:16,085 [WARNING] STATE: NORMAL -> DIZZY
2026-05-15 12:50:16,438 [WARNING] STATE: DIZZY -> NORMAL
2026-05-15 12:50:16,662 [WARNING] STATE: NORMAL -> DISTRACTED
2026-05-15 12:50:17,877 [WARNING] STATE: DISTRACTED -> DROWSY
2026-05-15 12:50:18,036 [WARNING] STATE: DROWSY -> NORMAL
2026-05-15 12:50:18,169 [WARNING] STATE: NORMAL -> DISTRACTED
2026-05-15 12:50:18,923 [WARNING] STATE: DISTRACTED -> NORMAL
2026-05-15 12:50:20,494 [WARNING] STATE: NORMAL -> DISTRACTED
2026-05-15 12:50:21,305 [WARNING] STATE: DISTRACTED -> NORMAL
2026-05-15 12:50:21,815 [WARNING] STATE: NORMAL -> DISTRACTED
2026-05-15 12:50:23,957 [WARNING] STATE: DISTRACTED -> NORMAL
2026-05-15 12:50:23,998 [WARNING] STATE: NORMAL -> DIZZY
2026-05-15 12:50:24,732 [WARNING] STATE: DIZZY -> DISTRACTED
2026-05-15 12:50:24,869 [WARNING] STATE: DISTRACTED -> DIZZY
2026-05-15 12:50:25,989 [WARNING] STATE: DIZZY -> DISTRACTED
2026-05-15 12:50:26,083 [WARNING] STATE: DISTRACTED -> NORMAL
2026-05-15 12:50:26,150 [WARNING] STATE: NORMAL -> DIZZY
2026-05-15 12:50:26,850 [WARNING] STATE: DIZZY -> DISTRACTED
2026-05-15 12:50:27,305 [WARNING] STATE: DISTRACTED -> DIZZY
2026-05-15 12:50:27,926 [WARNING] STATE: DIZZY -> DISTRACTED
2026-05-15 12:50:31,265 [WARNING] STATE: DISTRACTED -> NORMAL
2026-05-15 12:50:31,300 [WARNING] STATE: NORMAL -> DISTRACTED
2026-05-15 12:50:31,335 [WARNING] STATE: DISTRACTED -> NORMAL
2026-05-15 12:50:31,490 [WARNING] STATE: NORMAL -> DISTRACTED
2026-05-15 12:50:31,520 [WARNING] STATE: DISTRACTED -> NORMAL
2026-05-15 12:50:33,477 [WARNING] STATE: NORMAL -> DROWSY
2026-05-15 12:50:36,181 [WARNING] STATE: DROWSY -> NORMAL
2026-05-15 12:50:36,266 [WARNING] STATE: NORMAL -> DISTRACTED
2026-05-15 12:50:37,045 [WARNING] STATE: DISTRACTED -> DIZZY
2026-05-15 12:50:37,347 [WARNING] STATE: DIZZY -> NORMAL
2026-05-15 12:50:38,224 [WARNING] STATE: NORMAL -> DISTRACTED
2026-05-15 12:50:38,258 [WARNING] STATE: DISTRACTED -> DIZZY
2026-05-15 12:50:39,061 [WARNING] STATE: DIZZY -> DISTRACTED
2026-05-15 12:50:39,435 [INFO] Stopping ADAMS
2026-05-15 12:50:53,912 [INFO] Starting ADAMS v3
2026-05-15 12:50:54,411 [INFO] Firebase connected
2026-05-15 12:50:55,844 [WARNING] STATE: NORMAL -> DISTRACTED
2026-05-15 12:51:01,534 [WARNING] STATE: DISTRACTED -> NORMAL
2026-05-15 12:51:01,642 [WARNING] STATE: NORMAL -> DISTRACTED
2026-05-15 12:51:01,703 [WARNING] STATE: DISTRACTED -> DIZZY
2026-05-15 12:51:05,274 [WARNING] STATE: DIZZY -> DISTRACTED
2026-05-15 12:51:08,135 [INFO] Stopping ADAMS
2026-05-15 13:14:37,121 [INFO] Starting ADAMS v3
2026-05-15 13:14:37,121 [WARNING] GPIO unavailable – HardwareController running in simulation mode
2026-05-15 13:14:37,589 [INFO] Firebase connected
2026-05-15 13:14:39,372 [WARNING] STATE: NORMAL -> DIZZY
2026-05-15 13:14:39,682 [WARNING] STATE: DIZZY -> NORMAL
2026-05-15 13:14:40,201 [WARNING] STATE: NORMAL -> DISTRACTED
2026-05-15 13:14:40,225 [WARNING] STATE: DISTRACTED -> DIZZY
2026-05-15 13:14:41,915 [WARNING] STATE: DIZZY -> DISTRACTED
2026-05-15 13:14:42,165 [WARNING] STATE: DISTRACTED -> DIZZY
2026-05-15 13:14:42,702 [WARNING] STATE: DIZZY -> DISTRACTED
2026-05-15 13:14:42,991 [WARNING] STATE: DISTRACTED -> DIZZY
2026-05-15 13:14:43,815 [WARNING] STATE: DIZZY -> DISTRACTED
2026-05-15 13:14:52,149 [WARNING] STATE: DISTRACTED -> NORMAL
2026-05-15 13:14:52,185 [WARNING] STATE: NORMAL -> DIZZY
2026-05-15 13:14:52,920 [WARNING] STATE: DIZZY -> DISTRACTED
2026-05-15 13:14:53,021 [WARNING] STATE: DISTRACTED -> DIZZY
2026-05-15 13:14:53,798 [WARNING] STATE: DIZZY -> DISTRACTED
2026-05-15 13:14:55,513 [WARNING] STATE: DISTRACTED -> NORMAL
2026-05-15 13:14:55,636 [WARNING] STATE: NORMAL -> DIZZY
2026-05-15 13:14:56,279 [WARNING] STATE: DIZZY -> DISTRACTED
2026-05-15 13:14:57,495 [WARNING] STATE: DISTRACTED -> NORMAL
2026-05-15 13:14:57,688 [WARNING] STATE: NORMAL -> DISTRACTED
2026-05-15 13:14:59,336 [WARNING] STATE: DISTRACTED -> NORMAL
2026-05-15 13:14:59,385 [WARNING] STATE: NORMAL -> DISTRACTED
2026-05-15 13:14:59,417 [WARNING] STATE: DISTRACTED -> NORMAL
2026-05-15 13:14:59,445 [WARNING] STATE: NORMAL -> DISTRACTED
2026-05-15 13:14:59,482 [WARNING] STATE: DISTRACTED -> NORMAL
2026-05-15 13:14:59,722 [WARNING] STATE: NORMAL -> DISTRACTED
2026-05-15 13:14:59,749 [WARNING] STATE: DISTRACTED -> NORMAL
2026-05-15 13:14:59,849 [WARNING] STATE: NORMAL -> DISTRACTED
2026-05-15 13:14:59,878 [WARNING] STATE: DISTRACTED -> NORMAL
2026-05-15 13:15:00,081 [WARNING] STATE: NORMAL -> DISTRACTED
2026-05-15 13:15:00,361 [WARNING] STATE: DISTRACTED -> DIZZY
2026-05-15 13:15:01,060 [WARNING] STATE: DIZZY -> DISTRACTED
2026-05-15 13:15:02,133 [WARNING] STATE: DISTRACTED -> DIZZY
2026-05-15 13:15:02,778 [WARNING] STATE: DIZZY -> DISTRACTED
2026-05-15 13:15:04,857 [WARNING] STATE: DISTRACTED -> NORMAL
2026-05-15 13:15:04,890 [WARNING] STATE: NORMAL -> DIZZY
2026-05-15 13:15:05,161 [WARNING] STATE: DIZZY -> NORMAL
2026-05-15 13:15:05,399 [WARNING] STATE: NORMAL -> DISTRACTED
2026-05-15 13:15:05,429 [WARNING] STATE: DISTRACTED -> DIZZY
2026-05-15 13:15:06,167 [WARNING] STATE: DIZZY -> NORMAL
2026-05-15 13:15:06,273 [WARNING] STATE: NORMAL -> DISTRACTED
2026-05-15 13:15:06,304 [WARNING] STATE: DISTRACTED -> DIZZY
2026-05-15 13:15:07,142 [WARNING] STATE: DIZZY -> DISTRACTED
2026-05-15 13:15:09,461 [WARNING] STATE: DISTRACTED -> NORMAL
2026-05-15 13:15:11,961 [WARNING] STATE: NORMAL -> DROWSY
2026-05-15 13:15:14,742 [WARNING] STATE: DROWSY -> DISTRACTED
2026-05-15 13:15:14,854 [WARNING] STATE: DISTRACTED -> DIZZY
2026-05-15 13:15:15,418 [WARNING] STATE: DIZZY -> DISTRACTED
2026-05-15 13:15:17,143 [WARNING] STATE: DISTRACTED -> DIZZY
2026-05-15 13:15:18,679 [WARNING] STATE: DIZZY -> DISTRACTED
2026-05-15 13:15:19,804 [INFO] Stopping ADAMS
2026-05-15 13:42:58,886 [INFO] Starting ADAMS v3
2026-05-15 13:42:58,887 [WARNING] GPIO unavailable – HardwareController running in simulation mode
2026-05-15 13:42:59,601 [INFO] Firebase connected
2026-05-15 13:43:01,624 [WARNING] STATE: NORMAL -> DISTRACTED
2026-05-15 13:43:01,796 [WARNING] STATE: DISTRACTED -> NORMAL
2026-05-15 13:43:01,965 [WARNING] STATE: NORMAL -> DISTRACTED
2026-05-15 13:43:01,996 [WARNING] STATE: DISTRACTED -> NORMAL
2026-05-15 13:43:02,122 [WARNING] STATE: NORMAL -> DISTRACTED
2026-05-15 13:43:02,451 [WARNING] STATE: DISTRACTED -> DIZZY
2026-05-15 13:43:03,569 [WARNING] STATE: DIZZY -> NORMAL
2026-05-15 13:43:03,774 [WARNING] STATE: NORMAL -> DISTRACTED
2026-05-15 13:43:03,808 [WARNING] STATE: DISTRACTED -> NORMAL
2026-05-15 13:43:03,868 [WARNING] STATE: NORMAL -> DISTRACTED
2026-05-15 13:43:03,931 [WARNING] STATE: DISTRACTED -> NORMAL
2026-05-15 13:43:03,964 [WARNING] STATE: NORMAL -> DISTRACTED
2026-05-15 13:43:06,319 [WARNING] STATE: DISTRACTED -> DROWSY
2026-05-15 13:43:06,354 [WARNING] STATE: DROWSY -> DISTRACTED
2026-05-15 13:43:06,428 [WARNING] STATE: DISTRACTED -> DROWSY
2026-05-15 13:43:06,461 [WARNING] STATE: DROWSY -> NORMAL
2026-05-15 13:43:08,765 [WARNING] STATE: NORMAL -> DISTRACTED
2026-05-15 13:43:08,826 [WARNING] STATE: DISTRACTED -> NORMAL
2026-05-15 13:43:08,860 [WARNING] STATE: NORMAL -> DISTRACTED
2026-05-15 13:43:08,921 [WARNING] STATE: DISTRACTED -> NORMAL
2026-05-15 13:43:08,953 [WARNING] STATE: NORMAL -> DISTRACTED
2026-05-15 13:43:09,111 [WARNING] STATE: DISTRACTED -> NORMAL
2026-05-15 13:43:09,155 [WARNING] STATE: NORMAL -> DISTRACTED
2026-05-15 13:43:09,187 [WARNING] STATE: DISTRACTED -> NORMAL
2026-05-15 13:43:10,050 [WARNING] STATE: NORMAL -> DISTRACTED
2026-05-15 13:43:10,079 [WARNING] STATE: DISTRACTED -> NORMAL
2026-05-15 13:43:10,110 [WARNING] STATE: NORMAL -> DISTRACTED
2026-05-15 13:43:10,750 [WARNING] STATE: DISTRACTED -> NORMAL
2026-05-15 13:43:10,802 [WARNING] STATE: NORMAL -> DISTRACTED
2026-05-15 13:43:10,909 [WARNING] STATE: DISTRACTED -> NORMAL
2026-05-15 13:43:10,955 [WARNING] STATE: NORMAL -> DISTRACTED
2026-05-15 13:43:10,992 [WARNING] STATE: DISTRACTED -> NORMAL
2026-05-15 13:43:11,063 [WARNING] STATE: NORMAL -> DISTRACTED
2026-05-15 13:43:11,099 [WARNING] STATE: DISTRACTED -> NORMAL
2026-05-15 13:43:11,172 [WARNING] STATE: NORMAL -> DISTRACTED
2026-05-15 13:43:11,207 [WARNING] STATE: DISTRACTED -> NORMAL
2026-05-15 13:43:11,275 [WARNING] STATE: NORMAL -> DISTRACTED
2026-05-15 13:43:11,343 [WARNING] STATE: DISTRACTED -> NORMAL
2026-05-15 13:43:11,386 [WARNING] STATE: NORMAL -> DISTRACTED
2026-05-15 13:43:11,422 [WARNING] STATE: DISTRACTED -> NORMAL
2026-05-15 13:43:11,613 [WARNING] STATE: NORMAL -> DISTRACTED
2026-05-15 13:43:11,651 [WARNING] STATE: DISTRACTED -> NORMAL
2026-05-15 13:43:12,190 [WARNING] STATE: NORMAL -> DISTRACTED
2026-05-15 13:43:12,229 [WARNING] STATE: DISTRACTED -> DIZZY
2026-05-15 13:43:12,260 [WARNING] STATE: DIZZY -> NORMAL
2026-05-15 13:43:12,301 [WARNING] STATE: NORMAL -> DISTRACTED
2026-05-15 13:43:12,337 [WARNING] STATE: DISTRACTED -> DIZZY
2026-05-15 13:43:12,371 [WARNING] STATE: DIZZY -> NORMAL
2026-05-15 13:43:12,592 [WARNING] STATE: NORMAL -> DISTRACTED
2026-05-15 13:43:12,632 [WARNING] STATE: DISTRACTED -> NORMAL
2026-05-15 13:43:13,108 [WARNING] STATE: NORMAL -> DISTRACTED
2026-05-15 13:43:13,148 [WARNING] STATE: DISTRACTED -> NORMAL
2026-05-15 13:43:13,640 [WARNING] STATE: NORMAL -> DISTRACTED
2026-05-15 13:43:13,693 [WARNING] STATE: DISTRACTED -> NORMAL
2026-05-15 13:43:13,734 [WARNING] STATE: NORMAL -> DISTRACTED
2026-05-15 13:43:13,769 [WARNING] STATE: DISTRACTED -> DIZZY
2026-05-15 13:43:13,797 [WARNING] STATE: DIZZY -> NORMAL
2026-05-15 13:43:13,838 [WARNING] STATE: NORMAL -> DISTRACTED
2026-05-15 13:43:13,863 [WARNING] STATE: DISTRACTED -> DIZZY
2026-05-15 13:43:13,893 [WARNING] STATE: DIZZY -> NORMAL
2026-05-15 13:43:13,936 [WARNING] STATE: NORMAL -> DISTRACTED
2026-05-15 13:43:13,977 [WARNING] STATE: DISTRACTED -> DIZZY
2026-05-15 13:43:14,005 [WARNING] STATE: DIZZY -> NORMAL
2026-05-15 13:43:14,046 [WARNING] STATE: NORMAL -> DISTRACTED
2026-05-15 13:43:14,081 [WARNING] STATE: DISTRACTED -> DIZZY
2026-05-15 13:43:14,113 [WARNING] STATE: DIZZY -> NORMAL
2026-05-15 13:43:14,195 [WARNING] STATE: NORMAL -> DISTRACTED
2026-05-15 13:43:14,225 [WARNING] STATE: DISTRACTED -> DIZZY
2026-05-15 13:43:14,251 [WARNING] STATE: DIZZY -> NORMAL
2026-05-15 13:43:14,290 [WARNING] STATE: NORMAL -> DISTRACTED
2026-05-15 13:43:14,314 [WARNING] STATE: DISTRACTED -> DIZZY
2026-05-15 13:43:14,344 [WARNING] STATE: DIZZY -> NORMAL
2026-05-15 13:43:14,387 [WARNING] STATE: NORMAL -> DISTRACTED
2026-05-15 13:43:14,428 [WARNING] STATE: DISTRACTED -> DIZZY
2026-05-15 13:43:14,490 [WARNING] STATE: DIZZY -> NORMAL
2026-05-15 13:43:14,528 [WARNING] STATE: NORMAL -> DISTRACTED
2026-05-15 13:43:14,566 [WARNING] STATE: DISTRACTED -> DIZZY
2026-05-15 13:43:14,953 [WARNING] STATE: DIZZY -> NORMAL
2026-05-15 13:43:14,997 [WARNING] STATE: NORMAL -> DISTRACTED
2026-05-15 13:43:15,031 [WARNING] STATE: DISTRACTED -> DIZZY
2026-05-15 13:43:15,061 [WARNING] STATE: DIZZY -> NORMAL
2026-05-15 13:43:15,166 [WARNING] STATE: NORMAL -> DISTRACTED
2026-05-15 13:43:15,202 [WARNING] STATE: DISTRACTED -> DIZZY
2026-05-15 13:43:15,266 [WARNING] STATE: DIZZY -> NORMAL
2026-05-15 13:43:21,180 [WARNING] STATE: NORMAL -> DISTRACTED
2026-05-15 13:43:21,214 [WARNING] STATE: DISTRACTED -> NORMAL
2026-05-15 13:43:21,323 [WARNING] STATE: NORMAL -> DISTRACTED
2026-05-15 13:43:21,355 [WARNING] STATE: DISTRACTED -> DIZZY
2026-05-15 13:43:21,382 [WARNING] STATE: DIZZY -> NORMAL
2026-05-15 13:43:21,424 [WARNING] STATE: NORMAL -> DISTRACTED
2026-05-15 13:43:21,458 [WARNING] STATE: DISTRACTED -> DIZZY
2026-05-15 13:43:22,266 [WARNING] STATE: DIZZY -> NORMAL
2026-05-15 13:45:46,405 [WARNING] STATE: NORMAL -> DIZZY
2026-05-15 13:45:46,936 [WARNING] STATE: DIZZY -> NORMAL
2026-05-15 13:45:46,968 [WARNING] STATE: NORMAL -> DISTRACTED
2026-05-15 13:45:47,000 [WARNING] STATE: DISTRACTED -> NORMAL
2026-05-15 13:45:47,099 [WARNING] STATE: NORMAL -> DISTRACTED
2026-05-15 13:45:47,140 [WARNING] STATE: DISTRACTED -> DIZZY
2026-05-15 13:45:47,214 [WARNING] STATE: DIZZY -> NORMAL
2026-05-15 13:45:47,259 [WARNING] STATE: NORMAL -> DISTRACTED
2026-05-15 13:45:47,296 [WARNING] STATE: DISTRACTED -> NORMAL
2026-05-15 13:45:48,625 [WARNING] STATE: NORMAL -> DISTRACTED
2026-05-15 13:45:48,660 [WARNING] STATE: DISTRACTED -> NORMAL
2026-05-15 13:45:48,703 [WARNING] STATE: NORMAL -> DISTRACTED
2026-05-15 13:45:48,737 [WARNING] STATE: DISTRACTED -> NORMAL
2026-05-15 13:45:48,782 [WARNING] STATE: NORMAL -> DISTRACTED
2026-05-15 13:45:48,818 [WARNING] STATE: DISTRACTED -> NORMAL
2026-05-15 13:45:48,935 [WARNING] STATE: NORMAL -> DISTRACTED
2026-05-15 13:45:48,973 [WARNING] STATE: DISTRACTED -> NORMAL
2026-05-15 13:46:06,131 [WARNING] STATE: NORMAL -> DISTRACTED
2026-05-15 13:46:06,165 [WARNING] STATE: DISTRACTED -> NORMAL
2026-05-15 13:46:06,211 [WARNING] STATE: NORMAL -> DISTRACTED
2026-05-15 13:46:06,246 [WARNING] STATE: DISTRACTED -> NORMAL
2026-05-15 13:46:06,290 [WARNING] STATE: NORMAL -> DISTRACTED
2026-05-15 13:46:06,329 [WARNING] STATE: DISTRACTED -> DIZZY
2026-05-15 13:46:06,579 [WARNING] STATE: DIZZY -> NORMAL
2026-05-15 13:46:06,620 [WARNING] STATE: NORMAL -> DISTRACTED
2026-05-15 13:46:06,658 [WARNING] STATE: DISTRACTED -> DIZZY
2026-05-15 13:46:06,716 [WARNING] STATE: DIZZY -> NORMAL
2026-05-15 13:46:07,056 [WARNING] STATE: NORMAL -> DISTRACTED
2026-05-15 13:46:07,079 [WARNING] STATE: DISTRACTED -> NORMAL
2026-05-15 13:46:07,511 [WARNING] STATE: NORMAL -> DISTRACTED
2026-05-15 13:46:07,547 [WARNING] STATE: DISTRACTED -> NORMAL
2026-05-15 13:46:07,633 [WARNING] STATE: NORMAL -> DISTRACTED
2026-05-15 13:46:07,672 [WARNING] STATE: DISTRACTED -> NORMAL
2026-05-15 13:46:07,774 [WARNING] STATE: NORMAL -> DISTRACTED
2026-05-15 13:46:07,809 [WARNING] STATE: DISTRACTED -> NORMAL
2026-05-15 13:46:07,880 [WARNING] STATE: NORMAL -> DISTRACTED
2026-05-15 13:46:07,902 [WARNING] STATE: DISTRACTED -> NORMAL
2026-05-15 13:46:07,946 [WARNING] STATE: NORMAL -> DISTRACTED
2026-05-15 13:46:07,982 [WARNING] STATE: DISTRACTED -> NORMAL
2026-05-15 13:46:08,397 [WARNING] STATE: NORMAL -> DISTRACTED
2026-05-15 13:46:08,424 [WARNING] STATE: DISTRACTED -> DIZZY
2026-05-15 13:46:08,453 [WARNING] STATE: DIZZY -> NORMAL
2026-05-15 13:46:08,640 [WARNING] STATE: NORMAL -> DIZZY
2026-05-15 13:46:08,671 [WARNING] STATE: DIZZY -> NORMAL
2026-05-15 13:46:08,712 [WARNING] STATE: NORMAL -> DISTRACTED
2026-05-15 13:46:08,754 [WARNING] STATE: DISTRACTED -> DIZZY
2026-05-15 13:46:08,843 [WARNING] STATE: DIZZY -> NORMAL
2026-05-15 13:46:08,923 [WARNING] STATE: NORMAL -> DIZZY
2026-05-15 13:46:09,045 [WARNING] STATE: DIZZY -> NORMAL
2026-05-15 13:46:09,124 [WARNING] STATE: NORMAL -> DIZZY
2026-05-15 13:46:09,154 [WARNING] STATE: DIZZY -> NORMAL
2026-05-15 13:46:09,194 [WARNING] STATE: NORMAL -> DISTRACTED
2026-05-15 13:46:09,231 [WARNING] STATE: DISTRACTED -> DIZZY
2026-05-15 13:46:09,608 [WARNING] STATE: DIZZY -> NORMAL
2026-05-15 13:46:10,117 [WARNING] STATE: NORMAL -> DISTRACTED
2026-05-15 13:46:10,158 [WARNING] STATE: DISTRACTED -> DIZZY
2026-05-15 13:46:10,185 [WARNING] STATE: DIZZY -> NORMAL
2026-05-15 13:46:10,346 [WARNING] STATE: NORMAL -> DISTRACTED
2026-05-15 13:46:10,370 [WARNING] STATE: DISTRACTED -> NORMAL
2026-05-15 13:46:10,413 [WARNING] STATE: NORMAL -> DISTRACTED
2026-05-15 13:46:10,449 [WARNING] STATE: DISTRACTED -> NORMAL
2026-05-15 13:46:10,496 [WARNING] STATE: NORMAL -> DISTRACTED
2026-05-15 13:46:10,529 [WARNING] STATE: DISTRACTED -> NORMAL
2026-05-15 13:46:10,647 [WARNING] STATE: NORMAL -> DISTRACTED
2026-05-15 13:46:10,681 [WARNING] STATE: DISTRACTED -> NORMAL
2026-05-15 13:46:10,804 [WARNING] STATE: NORMAL -> DISTRACTED
2026-05-15 13:46:10,840 [WARNING] STATE: DISTRACTED -> NORMAL
2026-05-15 13:46:10,881 [WARNING] STATE: NORMAL -> DISTRACTED
2026-05-15 13:46:10,917 [WARNING] STATE: DISTRACTED -> NORMAL
2026-05-15 13:46:11,008 [WARNING] STATE: NORMAL -> DISTRACTED
2026-05-15 13:46:11,053 [WARNING] STATE: DISTRACTED -> NORMAL
2026-05-15 13:46:11,099 [WARNING] STATE: NORMAL -> DISTRACTED
2026-05-15 13:46:11,135 [WARNING] STATE: DISTRACTED -> NORMAL
2026-05-15 13:46:11,316 [WARNING] STATE: NORMAL -> DISTRACTED
2026-05-15 13:46:11,352 [WARNING] STATE: DISTRACTED -> NORMAL
2026-05-15 13:46:11,546 [WARNING] STATE: NORMAL -> DISTRACTED
2026-05-15 13:46:11,585 [WARNING] STATE: DISTRACTED -> NORMAL
2026-05-15 13:46:11,700 [WARNING] STATE: NORMAL -> DISTRACTED
2026-05-15 13:46:11,736 [WARNING] STATE: DISTRACTED -> NORMAL
2026-05-15 13:46:11,993 [WARNING] STATE: NORMAL -> DISTRACTED
2026-05-15 13:46:12,017 [WARNING] STATE: DISTRACTED -> NORMAL
2026-05-15 13:46:12,116 [WARNING] STATE: NORMAL -> DIZZY
2026-05-15 13:46:12,145 [WARNING] STATE: DIZZY -> NORMAL
2026-05-15 13:46:12,267 [WARNING] STATE: NORMAL -> DISTRACTED
2026-05-15 13:46:12,301 [WARNING] STATE: DISTRACTED -> NORMAL
2026-05-15 13:46:12,791 [WARNING] STATE: NORMAL -> DISTRACTED
2026-05-15 13:46:12,814 [WARNING] STATE: DISTRACTED -> NORMAL
2026-05-15 13:46:13,079 [WARNING] STATE: NORMAL -> DISTRACTED
2026-05-15 13:46:13,114 [WARNING] STATE: DISTRACTED -> NORMAL
2026-05-15 13:46:13,200 [WARNING] STATE: NORMAL -> DISTRACTED
2026-05-15 13:46:13,237 [WARNING] STATE: DISTRACTED -> NORMAL
2026-05-15 13:46:34,921 [WARNING] STATE: NORMAL -> DISTRACTED
2026-05-15 13:46:34,959 [WARNING] STATE: DISTRACTED -> NORMAL
2026-05-15 13:46:36,684 [WARNING] STATE: NORMAL -> DISTRACTED
2026-05-15 13:46:36,717 [WARNING] STATE: DISTRACTED -> NORMAL
2026-05-15 13:46:36,762 [WARNING] STATE: NORMAL -> DISTRACTED
2026-05-15 13:46:36,798 [WARNING] STATE: DISTRACTED -> NORMAL
2026-05-15 13:46:36,911 [WARNING] STATE: NORMAL -> DISTRACTED
2026-05-15 13:46:36,934 [WARNING] STATE: DISTRACTED -> NORMAL
2026-05-15 13:46:36,975 [WARNING] STATE: NORMAL -> DISTRACTED
2026-05-15 13:46:37,011 [WARNING] STATE: DISTRACTED -> NORMAL
2026-05-15 13:46:37,055 [WARNING] STATE: NORMAL -> DISTRACTED
2026-05-15 13:46:37,093 [WARNING] STATE: DISTRACTED -> DIZZY
2026-05-15 13:46:37,123 [WARNING] STATE: DIZZY -> NORMAL
2026-05-15 13:46:37,169 [WARNING] STATE: NORMAL -> DISTRACTED
2026-05-15 13:46:37,208 [WARNING] STATE: DISTRACTED -> DIZZY
2026-05-15 13:46:37,250 [WARNING] STATE: DIZZY -> NORMAL
2026-05-15 13:46:37,294 [WARNING] STATE: NORMAL -> DISTRACTED
2026-05-15 13:46:37,343 [WARNING] STATE: DISTRACTED -> DIZZY
2026-05-15 13:46:37,807 [WARNING] STATE: DIZZY -> NORMAL
2026-05-15 13:46:37,849 [WARNING] STATE: NORMAL -> DISTRACTED
2026-05-15 13:46:37,884 [WARNING] STATE: DISTRACTED -> NORMAL
2026-05-15 13:46:38,092 [WARNING] STATE: NORMAL -> DISTRACTED
2026-05-15 13:46:38,115 [WARNING] STATE: DISTRACTED -> NORMAL
2026-05-15 13:46:38,185 [WARNING] STATE: NORMAL -> DISTRACTED
2026-05-15 13:46:38,221 [WARNING] STATE: DISTRACTED -> DIZZY
2026-05-15 13:46:38,353 [WARNING] STATE: DIZZY -> DISTRACTED
2026-05-15 13:46:38,520 [WARNING] STATE: DISTRACTED -> NORMAL
2026-05-15 13:46:38,560 [WARNING] STATE: NORMAL -> DISTRACTED
2026-05-15 13:46:38,657 [WARNING] STATE: DISTRACTED -> NORMAL
2026-05-15 13:46:38,698 [WARNING] STATE: NORMAL -> DISTRACTED
2026-05-15 13:46:38,722 [WARNING] STATE: DISTRACTED -> DIZZY
2026-05-15 13:46:38,911 [WARNING] STATE: DIZZY -> NORMAL
2026-05-15 13:46:39,093 [WARNING] STATE: NORMAL -> DISTRACTED
2026-05-15 13:46:39,128 [WARNING] STATE: DISTRACTED -> NORMAL
2026-05-15 13:46:39,244 [WARNING] STATE: NORMAL -> DISTRACTED
2026-05-15 13:46:39,279 [WARNING] STATE: DISTRACTED -> NORMAL
2026-05-15 13:46:39,323 [WARNING] STATE: NORMAL -> DISTRACTED
2026-05-15 13:46:39,359 [WARNING] STATE: DISTRACTED -> NORMAL
2026-05-15 13:46:40,270 [WARNING] STATE: NORMAL -> DISTRACTED
2026-05-15 13:46:40,303 [WARNING] STATE: DISTRACTED -> NORMAL
2026-05-15 13:46:40,632 [WARNING] STATE: NORMAL -> DISTRACTED
2026-05-15 13:46:40,665 [WARNING] STATE: DISTRACTED -> NORMAL
2026-05-15 13:46:42,365 [WARNING] STATE: NORMAL -> DISTRACTED
2026-05-15 13:46:42,399 [WARNING] STATE: DISTRACTED -> NORMAL
2026-05-15 13:46:42,552 [WARNING] STATE: NORMAL -> DISTRACTED
2026-05-15 13:46:42,590 [WARNING] STATE: DISTRACTED -> NORMAL
2026-05-15 13:46:42,681 [WARNING] STATE: NORMAL -> DISTRACTED
2026-05-15 13:46:42,716 [WARNING] STATE: DISTRACTED -> NORMAL
2026-05-15 13:46:42,762 [WARNING] STATE: NORMAL -> DISTRACTED
2026-05-15 13:46:42,796 [WARNING] STATE: DISTRACTED -> DIZZY
2026-05-15 13:46:42,858 [WARNING] STATE: DIZZY -> NORMAL
2026-05-15 13:46:42,903 [WARNING] STATE: NORMAL -> DISTRACTED
2026-05-15 13:46:42,936 [WARNING] STATE: DISTRACTED -> DIZZY
2026-05-15 13:46:43,011 [WARNING] STATE: DIZZY -> NORMAL
2026-05-15 13:46:43,245 [WARNING] STATE: NORMAL -> DISTRACTED
2026-05-15 13:46:43,269 [WARNING] STATE: DISTRACTED -> NORMAL
2026-05-15 13:46:43,502 [WARNING] STATE: NORMAL -> DISTRACTED
2026-05-15 13:46:43,543 [WARNING] STATE: DISTRACTED -> NORMAL
2026-05-15 13:46:43,613 [WARNING] STATE: NORMAL -> DISTRACTED
2026-05-15 13:46:43,655 [WARNING] STATE: DISTRACTED -> NORMAL
2026-05-15 13:46:57,225 [WARNING] STATE: NORMAL -> DISTRACTED
2026-05-15 13:46:57,260 [WARNING] STATE: DISTRACTED -> NORMAL
2026-05-15 13:46:57,978 [WARNING] STATE: NORMAL -> DIZZY
2026-05-15 13:46:58,009 [WARNING] STATE: DIZZY -> NORMAL
2026-05-15 13:46:58,048 [WARNING] STATE: NORMAL -> DISTRACTED
2026-05-15 13:46:58,073 [WARNING] STATE: DISTRACTED -> DIZZY
2026-05-15 13:46:58,101 [WARNING] STATE: DIZZY -> NORMAL
2026-05-15 13:46:58,181 [WARNING] STATE: NORMAL -> DIZZY
2026-05-15 13:46:58,273 [WARNING] STATE: DIZZY -> NORMAL
2026-05-15 13:46:58,392 [WARNING] STATE: NORMAL -> DISTRACTED
2026-05-15 13:46:58,418 [WARNING] STATE: DISTRACTED -> NORMAL
2026-05-15 13:47:11,059 [WARNING] STATE: NORMAL -> DISTRACTED
2026-05-15 13:47:11,099 [WARNING] STATE: DISTRACTED -> DIZZY
2026-05-15 13:47:11,254 [WARNING] STATE: DIZZY -> NORMAL
2026-05-15 13:47:11,297 [WARNING] STATE: NORMAL -> DISTRACTED
2026-05-15 13:47:11,337 [WARNING] STATE: DISTRACTED -> DIZZY
2026-05-15 13:47:11,365 [WARNING] STATE: DIZZY -> NORMAL
2026-05-15 13:47:11,481 [WARNING] STATE: NORMAL -> DISTRACTED
2026-05-15 13:47:11,521 [WARNING] STATE: DISTRACTED -> DIZZY
2026-05-15 13:47:11,961 [WARNING] STATE: DIZZY -> DISTRACTED
2026-05-15 13:47:12,137 [WARNING] STATE: DISTRACTED -> DIZZY
2026-05-15 13:47:12,180 [WARNING] STATE: DIZZY -> DISTRACTED
2026-05-15 13:47:12,517 [WARNING] STATE: DISTRACTED -> NORMAL
2026-05-15 13:47:12,563 [WARNING] STATE: NORMAL -> DISTRACTED
2026-05-15 13:47:12,642 [WARNING] STATE: DISTRACTED -> NORMAL
2026-05-15 13:47:12,777 [WARNING] STATE: NORMAL -> DISTRACTED
2026-05-15 13:47:12,863 [WARNING] STATE: DISTRACTED -> NORMAL
2026-05-15 13:47:12,908 [WARNING] STATE: NORMAL -> DISTRACTED
2026-05-15 13:47:13,079 [WARNING] STATE: DISTRACTED -> NORMAL
2026-05-15 13:47:13,117 [WARNING] STATE: NORMAL -> DISTRACTED
2026-05-15 13:47:13,205 [WARNING] STATE: DISTRACTED -> NORMAL
2026-05-15 13:47:13,249 [WARNING] STATE: NORMAL -> DISTRACTED
2026-05-15 13:47:13,381 [WARNING] STATE: DISTRACTED -> NORMAL
2026-05-15 13:47:13,429 [WARNING] STATE: NORMAL -> DISTRACTED
2026-05-15 13:47:13,465 [WARNING] STATE: DISTRACTED -> DIZZY
2026-05-15 13:47:13,578 [WARNING] STATE: DIZZY -> NORMAL
2026-05-15 13:47:13,674 [WARNING] STATE: NORMAL -> DISTRACTED
2026-05-15 13:47:13,710 [WARNING] STATE: DISTRACTED -> DIZZY
2026-05-15 13:47:13,737 [WARNING] STATE: DIZZY -> NORMAL
2026-05-15 13:47:13,780 [WARNING] STATE: NORMAL -> DISTRACTED
2026-05-15 13:47:13,816 [WARNING] STATE: DISTRACTED -> DIZZY
2026-05-15 13:47:13,845 [WARNING] STATE: DIZZY -> NORMAL
2026-05-15 13:47:13,933 [WARNING] STATE: NORMAL -> DISTRACTED
2026-05-15 13:47:13,973 [WARNING] STATE: DISTRACTED -> NORMAL
2026-05-15 13:47:14,237 [WARNING] STATE: NORMAL -> DIZZY
2026-05-15 13:47:14,348 [WARNING] STATE: DIZZY -> NORMAL
2026-05-15 13:47:14,389 [WARNING] STATE: NORMAL -> DISTRACTED
2026-05-15 13:47:14,425 [WARNING] STATE: DISTRACTED -> DIZZY
2026-05-15 13:47:14,484 [WARNING] STATE: DIZZY -> NORMAL
2026-05-15 13:47:14,529 [WARNING] STATE: NORMAL -> DISTRACTED
2026-05-15 13:47:14,564 [WARNING] STATE: DISTRACTED -> DIZZY
2026-05-15 13:47:15,038 [WARNING] STATE: DIZZY -> DISTRACTED
2026-05-15 13:47:15,224 [WARNING] STATE: DISTRACTED -> NORMAL
2026-05-15 13:47:15,271 [WARNING] STATE: NORMAL -> DISTRACTED
2026-05-15 13:47:15,345 [WARNING] STATE: DISTRACTED -> NORMAL
2026-05-15 13:47:15,390 [WARNING] STATE: NORMAL -> DISTRACTED
2026-05-15 13:47:15,454 [WARNING] STATE: DISTRACTED -> NORMAL
2026-05-15 13:47:15,489 [WARNING] STATE: NORMAL -> DISTRACTED
2026-05-15 13:47:15,520 [WARNING] STATE: DISTRACTED -> NORMAL
2026-05-15 13:47:15,591 [WARNING] STATE: NORMAL -> DISTRACTED
2026-05-15 13:47:15,631 [WARNING] STATE: DISTRACTED -> DIZZY
2026-05-15 13:47:15,754 [WARNING] STATE: DIZZY -> NORMAL
2026-05-15 13:47:15,801 [WARNING] STATE: NORMAL -> DISTRACTED
2026-05-15 13:47:15,835 [WARNING] STATE: DISTRACTED -> DIZZY
2026-05-15 13:47:15,868 [WARNING] STATE: DIZZY -> NORMAL
2026-05-15 13:47:15,907 [WARNING] STATE: NORMAL -> DISTRACTED
2026-05-15 13:47:15,933 [WARNING] STATE: DISTRACTED -> DIZZY
2026-05-15 13:47:15,975 [WARNING] STATE: DIZZY -> NORMAL
2026-05-15 13:47:16,014 [WARNING] STATE: NORMAL -> DISTRACTED
2026-05-15 13:47:16,066 [WARNING] STATE: DISTRACTED -> DIZZY
2026-05-15 13:47:16,105 [WARNING] STATE: DIZZY -> NORMAL
2026-05-15 13:47:16,151 [WARNING] STATE: NORMAL -> DISTRACTED
2026-05-15 13:47:16,192 [WARNING] STATE: DISTRACTED -> DIZZY
2026-05-15 13:47:16,340 [WARNING] STATE: DIZZY -> NORMAL
2026-05-15 13:47:16,378 [WARNING] STATE: NORMAL -> DISTRACTED
2026-05-15 13:47:16,430 [WARNING] STATE: DISTRACTED -> DIZZY
2026-05-15 13:47:16,487 [WARNING] STATE: DIZZY -> NORMAL
2026-05-15 13:47:16,591 [WARNING] STATE: NORMAL -> DISTRACTED
2026-05-15 13:47:16,634 [WARNING] STATE: DISTRACTED -> DIZZY
2026-05-15 13:47:16,923 [WARNING] STATE: DIZZY -> NORMAL
2026-05-15 13:47:16,964 [WARNING] STATE: NORMAL -> DISTRACTED
2026-05-15 13:47:17,008 [WARNING] STATE: DISTRACTED -> DIZZY
2026-05-15 13:47:17,034 [WARNING] STATE: DIZZY -> NORMAL
2026-05-15 13:47:17,121 [WARNING] STATE: NORMAL -> DIZZY
2026-05-15 13:47:17,166 [WARNING] STATE: DIZZY -> NORMAL
2026-05-15 13:47:17,253 [WARNING] STATE: NORMAL -> DIZZY
2026-05-15 13:47:17,314 [WARNING] STATE: DIZZY -> NORMAL
2026-05-15 13:47:17,395 [WARNING] STATE: NORMAL -> DIZZY
2026-05-15 13:47:17,485 [WARNING] STATE: DIZZY -> NORMAL
2026-05-15 13:47:17,565 [WARNING] STATE: NORMAL -> DIZZY
2026-05-15 13:47:17,659 [WARNING] STATE: DIZZY -> NORMAL
2026-05-15 13:47:17,703 [WARNING] STATE: NORMAL -> DISTRACTED
2026-05-15 13:47:17,741 [WARNING] STATE: DISTRACTED -> DIZZY
2026-05-15 13:47:17,813 [WARNING] STATE: DIZZY -> NORMAL
2026-05-15 13:47:17,880 [WARNING] STATE: NORMAL -> DIZZY
2026-05-15 13:47:17,907 [WARNING] STATE: DIZZY -> NORMAL
2026-05-15 13:47:18,143 [WARNING] STATE: NORMAL -> DIZZY
2026-05-15 13:47:18,250 [WARNING] STATE: DIZZY -> NORMAL
2026-05-15 13:47:18,330 [WARNING] STATE: NORMAL -> DIZZY
2026-05-15 13:47:18,444 [WARNING] STATE: DIZZY -> NORMAL
2026-05-15 13:47:18,501 [WARNING] STATE: NORMAL -> DISTRACTED
2026-05-15 13:47:18,531 [WARNING] STATE: DISTRACTED -> DIZZY
2026-05-15 13:47:18,559 [WARNING] STATE: DIZZY -> NORMAL
2026-05-15 13:47:18,781 [WARNING] STATE: NORMAL -> DIZZY
2026-05-15 13:47:18,809 [WARNING] STATE: DIZZY -> NORMAL
2026-05-15 13:47:19,107 [WARNING] STATE: NORMAL -> DISTRACTED
2026-05-15 13:47:19,147 [WARNING] STATE: DISTRACTED -> NORMAL
2026-05-15 13:47:19,192 [WARNING] STATE: NORMAL -> DISTRACTED
2026-05-15 13:47:19,224 [WARNING] STATE: DISTRACTED -> NORMAL
2026-05-15 13:47:19,270 [WARNING] STATE: NORMAL -> DISTRACTED
2026-05-15 13:47:19,306 [WARNING] STATE: DISTRACTED -> DIZZY
2026-05-15 13:47:19,363 [WARNING] STATE: DIZZY -> NORMAL
2026-05-15 13:47:20,439 [WARNING] STATE: NORMAL -> DISTRACTED
2026-05-15 13:47:20,476 [WARNING] STATE: DISTRACTED -> NORMAL
2026-05-15 13:47:20,669 [WARNING] STATE: NORMAL -> DISTRACTED
2026-05-15 13:47:20,694 [WARNING] STATE: DISTRACTED -> NORMAL
2026-05-15 13:47:21,288 [WARNING] STATE: NORMAL -> DISTRACTED
2026-05-15 13:47:21,336 [WARNING] STATE: DISTRACTED -> NORMAL
2026-05-15 13:47:23,604 [WARNING] STATE: NORMAL -> DISTRACTED
2026-05-15 13:47:23,638 [WARNING] STATE: DISTRACTED -> NORMAL
2026-05-15 13:47:23,892 [WARNING] STATE: NORMAL -> DISTRACTED
2026-05-15 13:47:23,930 [WARNING] STATE: DISTRACTED -> NORMAL
2026-05-15 13:47:37,722 [WARNING] STATE: NORMAL -> DIZZY
2026-05-15 13:47:38,291 [WARNING] STATE: DIZZY -> NORMAL
2026-05-15 13:47:38,680 [WARNING] STATE: NORMAL -> DIZZY
2026-05-15 13:47:38,896 [WARNING] STATE: DIZZY -> NORMAL
2026-05-15 13:47:38,959 [WARNING] STATE: NORMAL -> DIZZY
2026-05-15 13:47:39,079 [WARNING] STATE: DIZZY -> NORMAL
2026-05-15 13:47:39,144 [WARNING] STATE: NORMAL -> DIZZY
2026-05-15 13:47:39,173 [WARNING] STATE: DIZZY -> NORMAL
2026-05-15 13:47:39,238 [WARNING] STATE: NORMAL -> DIZZY
2026-05-15 13:47:39,580 [WARNING] STATE: DIZZY -> NORMAL
2026-05-15 13:47:39,923 [WARNING] STATE: NORMAL -> DIZZY
2026-05-15 13:47:39,952 [WARNING] STATE: DIZZY -> NORMAL
2026-05-15 13:47:40,103 [WARNING] STATE: NORMAL -> DISTRACTED
2026-05-15 13:47:40,128 [WARNING] STATE: DISTRACTED -> DIZZY
2026-05-15 13:47:40,392 [WARNING] STATE: DIZZY -> NORMAL
2026-05-15 13:47:41,479 [WARNING] STATE: NORMAL -> DISTRACTED
2026-05-15 13:47:41,515 [WARNING] STATE: DISTRACTED -> DIZZY
2026-05-15 13:47:41,605 [WARNING] STATE: DIZZY -> NORMAL
2026-05-15 13:47:42,043 [WARNING] STATE: NORMAL -> DIZZY
2026-05-15 13:47:42,605 [WARNING] STATE: DIZZY -> NORMAL
2026-05-15 13:47:42,859 [WARNING] STATE: NORMAL -> DISTRACTED
2026-05-15 13:47:42,921 [WARNING] STATE: DISTRACTED -> NORMAL
2026-05-15 13:47:42,965 [WARNING] STATE: NORMAL -> DISTRACTED
2026-05-15 13:47:43,007 [WARNING] STATE: DISTRACTED -> NORMAL
2026-05-15 13:47:43,047 [WARNING] STATE: NORMAL -> DISTRACTED
2026-05-15 13:47:43,084 [WARNING] STATE: DISTRACTED -> NORMAL
2026-05-15 13:47:43,127 [WARNING] STATE: NORMAL -> DISTRACTED
2026-05-15 13:47:43,164 [WARNING] STATE: DISTRACTED -> NORMAL
2026-05-15 13:47:44,526 [WARNING] STATE: NORMAL -> DISTRACTED
2026-05-15 13:47:44,564 [WARNING] STATE: DISTRACTED -> DIZZY
2026-05-15 13:47:44,607 [WARNING] STATE: DIZZY -> NORMAL
2026-05-15 13:47:46,237 [WARNING] STATE: NORMAL -> DIZZY
2026-05-15 13:47:46,812 [WARNING] STATE: DIZZY -> NORMAL
2026-05-15 13:47:48,329 [WARNING] STATE: NORMAL -> DISTRACTED
2026-05-15 13:47:49,731 [WARNING] STATE: DISTRACTED -> NORMAL
2026-05-15 13:47:51,052 [WARNING] STATE: NORMAL -> DISTRACTED
2026-05-15 13:47:51,076 [WARNING] STATE: DISTRACTED -> NORMAL
2026-05-15 13:47:51,152 [WARNING] STATE: NORMAL -> DISTRACTED
2026-05-15 13:47:51,190 [WARNING] STATE: DISTRACTED -> DIZZY
2026-05-15 13:47:51,220 [WARNING] STATE: DIZZY -> NORMAL
2026-05-15 13:47:51,285 [WARNING] STATE: NORMAL -> DIZZY
2026-05-15 13:47:51,360 [WARNING] STATE: DIZZY -> NORMAL
2026-05-15 13:47:51,871 [WARNING] STATE: NORMAL -> DISTRACTED
2026-05-15 13:47:51,896 [WARNING] STATE: DISTRACTED -> DIZZY
2026-05-15 13:47:52,459 [WARNING] STATE: DIZZY -> DISTRACTED
2026-05-15 13:48:00,186 [WARNING] STATE: DISTRACTED -> NORMAL
2026-05-15 13:48:00,971 [WARNING] STATE: NORMAL -> DISTRACTED
2026-05-15 13:48:01,008 [WARNING] STATE: DISTRACTED -> NORMAL
2026-05-15 13:48:01,289 [WARNING] STATE: NORMAL -> DISTRACTED
2026-05-15 13:48:01,323 [WARNING] STATE: DISTRACTED -> NORMAL
2026-05-15 13:48:01,407 [WARNING] STATE: NORMAL -> DISTRACTED
2026-05-15 13:48:01,444 [WARNING] STATE: DISTRACTED -> NORMAL
2026-05-15 13:48:01,487 [WARNING] STATE: NORMAL -> DISTRACTED
2026-05-15 13:48:01,526 [WARNING] STATE: DISTRACTED -> NORMAL
2026-05-15 13:48:01,611 [WARNING] STATE: NORMAL -> DISTRACTED
2026-05-15 13:48:01,649 [WARNING] STATE: DISTRACTED -> NORMAL
2026-05-15 13:48:01,691 [WARNING] STATE: NORMAL -> DISTRACTED
2026-05-15 13:48:01,731 [WARNING] STATE: DISTRACTED -> DIZZY
2026-05-15 13:48:01,775 [WARNING] STATE: DIZZY -> NORMAL
2026-05-15 13:48:01,818 [WARNING] STATE: NORMAL -> DISTRACTED
2026-05-15 13:48:01,850 [WARNING] STATE: DISTRACTED -> NORMAL
2026-05-15 13:48:01,896 [WARNING] STATE: NORMAL -> DISTRACTED
2026-05-15 13:48:01,930 [WARNING] STATE: DISTRACTED -> NORMAL
2026-05-15 13:48:01,976 [WARNING] STATE: NORMAL -> DISTRACTED
2026-05-15 13:48:02,008 [WARNING] STATE: DISTRACTED -> DIZZY
2026-05-15 13:48:02,040 [WARNING] STATE: DIZZY -> NORMAL
2026-05-15 13:48:02,085 [WARNING] STATE: NORMAL -> DISTRACTED
2026-05-15 13:48:02,120 [WARNING] STATE: DISTRACTED -> NORMAL
2026-05-15 13:48:02,165 [WARNING] STATE: NORMAL -> DISTRACTED
2026-05-15 13:48:02,201 [WARNING] STATE: DISTRACTED -> DIZZY
2026-05-15 13:48:02,257 [WARNING] STATE: DIZZY -> NORMAL
2026-05-15 13:48:02,305 [WARNING] STATE: NORMAL -> DISTRACTED
2026-05-15 13:48:02,343 [WARNING] STATE: DISTRACTED -> DIZZY
2026-05-15 13:48:02,373 [WARNING] STATE: DIZZY -> NORMAL
2026-05-15 13:48:02,415 [WARNING] STATE: NORMAL -> DISTRACTED
2026-05-15 13:48:02,454 [WARNING] STATE: DISTRACTED -> DIZZY
2026-05-15 13:48:02,506 [WARNING] STATE: DIZZY -> NORMAL
2026-05-15 13:48:02,606 [WARNING] STATE: NORMAL -> DIZZY
2026-05-15 13:48:02,647 [WARNING] STATE: DIZZY -> NORMAL
2026-05-15 13:48:02,728 [WARNING] STATE: NORMAL -> DIZZY
2026-05-15 13:48:02,788 [WARNING] STATE: DIZZY -> NORMAL
2026-05-15 13:48:02,830 [WARNING] STATE: NORMAL -> DISTRACTED
2026-05-15 13:48:02,862 [WARNING] STATE: DISTRACTED -> DIZZY
2026-05-15 13:48:02,904 [WARNING] STATE: DIZZY -> NORMAL
2026-05-15 13:48:02,970 [WARNING] STATE: NORMAL -> DIZZY
2026-05-15 13:48:03,064 [WARNING] STATE: DIZZY -> NORMAL
2026-05-15 13:48:03,129 [WARNING] STATE: NORMAL -> DIZZY
2026-05-15 13:48:03,188 [WARNING] STATE: DIZZY -> NORMAL
2026-05-15 13:48:03,265 [WARNING] STATE: NORMAL -> DIZZY
2026-05-15 13:48:03,321 [WARNING] STATE: DIZZY -> NORMAL
2026-05-15 13:48:03,387 [WARNING] STATE: NORMAL -> DIZZY
2026-05-15 13:48:03,420 [WARNING] STATE: DIZZY -> NORMAL
2026-05-15 13:48:03,619 [WARNING] STATE: NORMAL -> DIZZY
2026-05-15 13:48:03,644 [WARNING] STATE: DIZZY -> NORMAL
2026-05-15 13:48:03,716 [WARNING] STATE: NORMAL -> DIZZY
2026-05-15 13:48:03,745 [WARNING] STATE: DIZZY -> NORMAL
2026-05-15 13:48:03,808 [WARNING] STATE: NORMAL -> DIZZY
2026-05-15 13:48:03,870 [WARNING] STATE: DIZZY -> NORMAL
2026-05-15 13:48:03,938 [WARNING] STATE: NORMAL -> DIZZY
2026-05-15 13:48:03,964 [WARNING] STATE: DIZZY -> NORMAL
2026-05-15 13:48:04,022 [WARNING] STATE: NORMAL -> DISTRACTED
2026-05-15 13:48:04,059 [WARNING] STATE: DISTRACTED -> DIZZY
2026-05-15 13:48:04,089 [WARNING] STATE: DIZZY -> NORMAL
2026-05-15 13:48:04,129 [WARNING] STATE: NORMAL -> DISTRACTED
2026-05-15 13:48:04,166 [WARNING] STATE: DISTRACTED -> DIZZY
2026-05-15 13:48:04,197 [WARNING] STATE: DIZZY -> NORMAL
2026-05-15 13:48:04,239 [WARNING] STATE: NORMAL -> DISTRACTED
2026-05-15 13:48:04,275 [WARNING] STATE: DISTRACTED -> DIZZY
2026-05-15 13:48:04,823 [WARNING] STATE: DIZZY -> NORMAL
2026-05-15 13:48:05,213 [WARNING] STATE: NORMAL -> DISTRACTED
2026-05-15 13:48:05,369 [WARNING] STATE: DISTRACTED -> NORMAL
2026-05-15 13:48:05,400 [WARNING] STATE: NORMAL -> DISTRACTED
2026-05-15 13:48:05,565 [WARNING] STATE: DISTRACTED -> NORMAL
2026-05-15 13:48:05,702 [WARNING] STATE: NORMAL -> DISTRACTED
2026-05-15 13:48:05,741 [WARNING] STATE: DISTRACTED -> NORMAL
2026-05-15 13:48:05,852 [WARNING] STATE: NORMAL -> DISTRACTED
2026-05-15 13:48:05,889 [WARNING] STATE: DISTRACTED -> NORMAL
2026-05-15 13:48:05,998 [WARNING] STATE: NORMAL -> DISTRACTED
2026-05-15 13:48:06,024 [WARNING] STATE: DISTRACTED -> NORMAL
2026-05-15 13:48:06,092 [WARNING] STATE: NORMAL -> DISTRACTED
2026-05-15 13:48:06,137 [WARNING] STATE: DISTRACTED -> DIZZY
2026-05-15 13:48:06,165 [WARNING] STATE: DIZZY -> NORMAL
2026-05-15 13:48:06,579 [WARNING] STATE: NORMAL -> DISTRACTED
2026-05-15 13:48:06,621 [WARNING] STATE: DISTRACTED -> NORMAL
2026-05-15 13:48:06,667 [WARNING] STATE: NORMAL -> DISTRACTED
2026-05-15 13:48:06,701 [WARNING] STATE: DISTRACTED -> NORMAL
2026-05-15 13:48:06,791 [WARNING] STATE: NORMAL -> DISTRACTED
2026-05-15 13:48:06,822 [WARNING] STATE: DISTRACTED -> NORMAL
2026-05-15 13:48:06,908 [WARNING] STATE: NORMAL -> DISTRACTED
2026-05-15 13:48:06,947 [WARNING] STATE: DISTRACTED -> DIZZY
2026-05-15 13:48:07,007 [WARNING] STATE: DIZZY -> NORMAL
2026-05-15 13:48:07,088 [WARNING] STATE: NORMAL -> DIZZY
2026-05-15 13:48:07,151 [WARNING] STATE: DIZZY -> NORMAL
2026-05-15 13:48:07,230 [WARNING] STATE: NORMAL -> DIZZY
2026-05-15 13:48:07,262 [WARNING] STATE: DIZZY -> NORMAL
2026-05-15 13:48:07,309 [WARNING] STATE: NORMAL -> DISTRACTED
2026-05-15 13:48:07,343 [WARNING] STATE: DISTRACTED -> DIZZY
2026-05-15 13:48:07,372 [WARNING] STATE: DIZZY -> NORMAL
2026-05-15 13:48:07,411 [WARNING] STATE: NORMAL -> DISTRACTED
2026-05-15 13:48:07,449 [WARNING] STATE: DISTRACTED -> DIZZY
2026-05-15 13:48:07,480 [WARNING] STATE: DIZZY -> NORMAL
2026-05-15 13:48:07,524 [WARNING] STATE: NORMAL -> DISTRACTED
2026-05-15 13:48:07,560 [WARNING] STATE: DISTRACTED -> DIZZY
2026-05-15 13:48:07,693 [WARNING] STATE: DIZZY -> NORMAL
2026-05-15 13:48:07,732 [WARNING] STATE: NORMAL -> DISTRACTED
2026-05-15 13:48:07,760 [WARNING] STATE: DISTRACTED -> DIZZY
2026-05-15 13:48:07,791 [WARNING] STATE: DIZZY -> NORMAL
2026-05-15 13:48:07,836 [WARNING] STATE: NORMAL -> DISTRACTED
2026-05-15 13:48:07,874 [WARNING] STATE: DISTRACTED -> DIZZY
2026-05-15 13:48:07,918 [WARNING] STATE: DIZZY -> NORMAL
2026-05-15 13:48:07,959 [WARNING] STATE: NORMAL -> DISTRACTED
2026-05-15 13:48:07,994 [WARNING] STATE: DISTRACTED -> DIZZY
2026-05-15 13:48:08,024 [WARNING] STATE: DIZZY -> NORMAL
2026-05-15 13:48:08,103 [WARNING] STATE: NORMAL -> DIZZY
2026-05-15 13:48:08,133 [WARNING] STATE: DIZZY -> NORMAL
2026-05-15 13:48:08,221 [WARNING] STATE: NORMAL -> DISTRACTED
2026-05-15 13:48:08,256 [WARNING] STATE: DISTRACTED -> NORMAL
2026-05-15 13:48:08,319 [WARNING] STATE: NORMAL -> DISTRACTED
2026-05-15 13:48:08,353 [WARNING] STATE: DISTRACTED -> DIZZY
2026-05-15 13:48:08,381 [WARNING] STATE: DIZZY -> NORMAL
2026-05-15 13:48:08,592 [WARNING] STATE: NORMAL -> DISTRACTED
2026-05-15 13:48:08,628 [WARNING] STATE: DISTRACTED -> NORMAL
2026-05-15 13:48:38,324 [WARNING] STATE: NORMAL -> DISTRACTED
2026-05-15 13:48:38,366 [WARNING] STATE: DISTRACTED -> DIZZY
2026-05-15 13:48:39,755 [WARNING] STATE: DIZZY -> NORMAL
2026-05-15 13:48:39,846 [WARNING] STATE: NORMAL -> DIZZY
2026-05-15 13:48:40,540 [WARNING] STATE: DIZZY -> NORMAL
2026-05-15 13:48:41,943 [WARNING] STATE: NORMAL -> DISTRACTED
2026-05-15 13:48:42,475 [WARNING] STATE: DISTRACTED -> NORMAL
2026-05-15 13:48:43,768 [WARNING] STATE: NORMAL -> DISTRACTED
2026-05-15 13:48:44,501 [WARNING] STATE: DISTRACTED -> DIZZY
2026-05-15 13:48:44,965 [WARNING] STATE: DIZZY -> DISTRACTED
2026-05-15 13:48:45,093 [WARNING] STATE: DISTRACTED -> DIZZY
2026-05-15 13:48:45,908 [WARNING] STATE: DIZZY -> NORMAL
2026-05-15 13:48:46,886 [WARNING] STATE: NORMAL -> DISTRACTED
2026-05-15 13:48:51,360 [WARNING] STATE: DISTRACTED -> NORMAL
2026-05-15 13:48:54,096 [WARNING] STATE: NORMAL -> DISTRACTED
2026-05-15 13:48:54,490 [WARNING] STATE: DISTRACTED -> NORMAL
2026-05-15 13:48:54,553 [WARNING] STATE: NORMAL -> DISTRACTED
2026-05-15 13:48:54,586 [WARNING] STATE: DISTRACTED -> NORMAL
2026-05-15 13:48:54,617 [WARNING] STATE: NORMAL -> DISTRACTED
2026-05-15 13:48:54,860 [WARNING] STATE: DISTRACTED -> NORMAL
2026-05-15 13:48:54,892 [WARNING] STATE: NORMAL -> DISTRACTED
2026-05-15 13:48:55,596 [WARNING] STATE: DISTRACTED -> DIZZY
2026-05-15 13:48:55,625 [WARNING] STATE: DIZZY -> NORMAL
2026-05-15 13:49:22,015 [WARNING] STATE: NORMAL -> DISTRACTED
2026-05-15 13:49:22,051 [WARNING] STATE: DISTRACTED -> DIZZY
2026-05-15 13:49:22,080 [WARNING] STATE: DIZZY -> NORMAL
2026-05-15 13:49:22,146 [WARNING] STATE: NORMAL -> DIZZY
2026-05-15 13:49:22,175 [WARNING] STATE: DIZZY -> NORMAL
2026-05-15 13:49:22,463 [WARNING] STATE: NORMAL -> DISTRACTED
2026-05-15 13:49:22,488 [WARNING] STATE: DISTRACTED -> NORMAL
2026-05-15 13:49:22,765 [WARNING] STATE: NORMAL -> DIZZY
2026-05-15 13:49:22,794 [WARNING] STATE: DIZZY -> NORMAL
2026-05-15 13:49:22,959 [WARNING] STATE: NORMAL -> DISTRACTED
2026-05-15 13:49:22,984 [WARNING] STATE: DISTRACTED -> NORMAL
2026-05-15 13:49:23,692 [WARNING] STATE: NORMAL -> DISTRACTED
2026-05-15 13:49:23,717 [WARNING] STATE: DISTRACTED -> DIZZY
2026-05-15 13:49:24,853 [WARNING] STATE: DIZZY -> NORMAL
2026-05-15 13:49:25,185 [WARNING] STATE: NORMAL -> DISTRACTED
2026-05-15 13:49:27,454 [WARNING] STATE: DISTRACTED -> DIZZY
2026-05-15 13:49:27,788 [WARNING] STATE: DIZZY -> DISTRACTED
2026-05-15 13:49:28,082 [WARNING] STATE: DISTRACTED -> NORMAL
2026-05-15 13:49:28,400 [WARNING] STATE: NORMAL -> DISTRACTED
2026-05-15 13:49:28,968 [WARNING] STATE: DISTRACTED -> DIZZY
2026-05-15 13:49:29,166 [WARNING] STATE: DIZZY -> NORMAL
2026-05-15 13:49:33,307 [WARNING] STATE: NORMAL -> DISTRACTED
2026-05-15 13:49:33,333 [WARNING] STATE: DISTRACTED -> DIZZY
2026-05-15 13:49:34,198 [WARNING] STATE: DIZZY -> NORMAL
2026-05-15 13:49:34,727 [WARNING] STATE: NORMAL -> DIZZY
2026-05-15 13:49:35,320 [WARNING] STATE: DIZZY -> NORMAL
2026-05-15 13:49:35,354 [WARNING] STATE: NORMAL -> DISTRACTED
2026-05-15 13:49:35,759 [WARNING] STATE: DISTRACTED -> DIZZY
2026-05-15 13:49:37,343 [WARNING] STATE: DIZZY -> DISTRACTED
2026-05-15 13:49:37,709 [WARNING] STATE: DISTRACTED -> NORMAL
2026-05-15 13:49:39,467 [WARNING] STATE: NORMAL -> DISTRACTED
2026-05-15 13:49:39,500 [WARNING] STATE: DISTRACTED -> NORMAL
2026-05-15 13:49:39,566 [WARNING] STATE: NORMAL -> DISTRACTED
2026-05-15 13:49:39,603 [WARNING] STATE: DISTRACTED -> NORMAL
2026-05-15 13:49:40,354 [WARNING] STATE: NORMAL -> DISTRACTED
2026-05-15 13:49:40,984 [WARNING] STATE: DISTRACTED -> DIZZY
2026-05-15 13:49:41,125 [WARNING] STATE: DIZZY -> NORMAL
2026-05-15 13:49:41,161 [WARNING] STATE: NORMAL -> DISTRACTED
2026-05-15 13:49:41,185 [WARNING] STATE: DISTRACTED -> DIZZY
2026-05-15 13:49:41,217 [WARNING] STATE: DIZZY -> DISTRACTED
2026-05-15 13:49:41,248 [WARNING] STATE: DISTRACTED -> DIZZY
2026-05-15 13:49:41,277 [WARNING] STATE: DIZZY -> NORMAL
2026-05-15 13:49:41,352 [WARNING] STATE: NORMAL -> DISTRACTED
2026-05-15 13:49:41,393 [WARNING] STATE: DISTRACTED -> DIZZY
2026-05-15 13:49:41,485 [WARNING] STATE: DIZZY -> DISTRACTED
2026-05-15 13:49:41,516 [WARNING] STATE: DISTRACTED -> NORMAL
2026-05-15 13:49:41,555 [WARNING] STATE: NORMAL -> DISTRACTED
2026-05-15 13:49:42,144 [WARNING] STATE: DISTRACTED -> DIZZY
2026-05-15 13:49:42,284 [WARNING] STATE: DIZZY -> NORMAL
2026-05-15 13:49:43,497 [WARNING] STATE: NORMAL -> DISTRACTED
2026-05-15 13:49:43,532 [WARNING] STATE: DISTRACTED -> NORMAL
2026-05-15 13:49:45,323 [WARNING] STATE: NORMAL -> DISTRACTED
2026-05-15 13:49:45,386 [WARNING] STATE: DISTRACTED -> NORMAL
2026-05-15 13:49:46,076 [WARNING] STATE: NORMAL -> DISTRACTED
2026-05-15 13:49:46,103 [WARNING] STATE: DISTRACTED -> NORMAL
2026-05-15 13:49:46,326 [WARNING] STATE: NORMAL -> DISTRACTED
2026-05-15 13:49:46,354 [WARNING] STATE: DISTRACTED -> NORMAL
2026-05-15 13:49:46,850 [WARNING] STATE: NORMAL -> DISTRACTED
2026-05-15 13:49:46,888 [WARNING] STATE: DISTRACTED -> NORMAL
2026-05-15 13:49:46,961 [WARNING] STATE: NORMAL -> DISTRACTED
2026-05-15 13:49:47,002 [WARNING] STATE: DISTRACTED -> NORMAL
2026-05-15 13:49:47,045 [WARNING] STATE: NORMAL -> DISTRACTED
2026-05-15 13:49:47,077 [WARNING] STATE: DISTRACTED -> NORMAL
2026-05-15 13:50:04,537 [WARNING] STATE: NORMAL -> DISTRACTED
2026-05-15 13:50:04,576 [WARNING] STATE: DISTRACTED -> DIZZY
2026-05-15 13:50:04,636 [WARNING] STATE: DIZZY -> NORMAL
2026-05-15 13:50:04,685 [WARNING] STATE: NORMAL -> DISTRACTED
2026-05-15 13:50:04,722 [WARNING] STATE: DISTRACTED -> DIZZY
2026-05-15 13:50:05,073 [WARNING] STATE: DIZZY -> NORMAL
2026-05-15 13:50:05,120 [WARNING] STATE: NORMAL -> DISTRACTED
2026-05-15 13:50:05,157 [WARNING] STATE: DISTRACTED -> DIZZY
2026-05-15 13:50:05,430 [WARNING] STATE: DIZZY -> NORMAL
2026-05-15 13:50:05,593 [WARNING] STATE: NORMAL -> DIZZY
2026-05-15 13:50:05,705 [WARNING] STATE: DIZZY -> NORMAL
2026-05-15 13:50:30,609 [WARNING] STATE: NORMAL -> DISTRACTED
2026-05-15 13:50:30,651 [WARNING] STATE: DISTRACTED -> DIZZY
2026-05-15 13:50:30,684 [WARNING] STATE: DIZZY -> NORMAL
2026-05-15 13:50:30,741 [WARNING] STATE: NORMAL -> DISTRACTED
2026-05-15 13:50:30,772 [WARNING] STATE: DISTRACTED -> DIZZY
2026-05-15 13:50:31,698 [WARNING] STATE: DIZZY -> DISTRACTED
2026-05-15 13:50:32,228 [WARNING] STATE: DISTRACTED -> NORMAL
2026-05-15 13:50:44,324 [WARNING] STATE: NORMAL -> DIZZY
2026-05-15 13:50:45,244 [WARNING] STATE: DIZZY -> NORMAL
2026-05-15 13:50:45,286 [WARNING] STATE: NORMAL -> DISTRACTED
2026-05-15 13:50:45,320 [WARNING] STATE: DISTRACTED -> NORMAL
2026-05-15 13:50:53,207 [WARNING] STATE: NORMAL -> DISTRACTED
2026-05-15 13:50:53,228 [WARNING] STATE: DISTRACTED -> NORMAL
2026-05-15 13:51:03,396 [WARNING] STATE: NORMAL -> DISTRACTED
2026-05-15 13:51:03,437 [WARNING] STATE: DISTRACTED -> NORMAL
2026-05-15 13:51:17,946 [WARNING] STATE: NORMAL -> DIZZY
2026-05-15 13:51:17,960 [WARNING] STATE: DIZZY -> NORMAL
2026-05-15 13:51:18,019 [WARNING] STATE: NORMAL -> DISTRACTED
2026-05-15 13:51:18,049 [WARNING] STATE: DISTRACTED -> DIZZY
2026-05-15 13:51:18,106 [WARNING] STATE: DIZZY -> NORMAL
2026-05-15 13:51:18,174 [WARNING] STATE: NORMAL -> DIZZY
2026-05-15 13:51:18,239 [WARNING] STATE: DIZZY -> NORMAL
2026-05-15 13:51:32,711 [WARNING] STATE: NORMAL -> DISTRACTED
2026-05-15 13:51:32,767 [WARNING] STATE: DISTRACTED -> DIZZY
2026-05-15 13:51:33,621 [WARNING] STATE: DIZZY -> NORMAL
2026-05-15 13:51:33,748 [WARNING] STATE: NORMAL -> DISTRACTED
2026-05-15 13:51:33,789 [WARNING] STATE: DISTRACTED -> DIZZY
2026-05-15 13:51:35,388 [WARNING] STATE: DIZZY -> NORMAL
2026-05-15 13:51:35,525 [WARNING] STATE: NORMAL -> DIZZY
2026-05-15 13:51:35,901 [WARNING] STATE: DIZZY -> NORMAL
2026-05-15 13:51:50,413 [WARNING] STATE: NORMAL -> DISTRACTED
2026-05-15 13:51:50,464 [WARNING] STATE: DISTRACTED -> NORMAL
2026-05-15 13:51:50,628 [WARNING] STATE: NORMAL -> DISTRACTED
2026-05-15 13:51:50,677 [WARNING] STATE: DISTRACTED -> NORMAL
2026-05-15 13:51:50,735 [WARNING] STATE: NORMAL -> DISTRACTED
2026-05-15 13:51:50,774 [WARNING] STATE: DISTRACTED -> NORMAL
2026-05-15 13:51:50,831 [WARNING] STATE: NORMAL -> DISTRACTED
2026-05-15 13:51:50,881 [WARNING] STATE: DISTRACTED -> NORMAL
2026-05-15 13:51:50,937 [WARNING] STATE: NORMAL -> DISTRACTED
2026-05-15 13:51:50,992 [WARNING] STATE: DISTRACTED -> NORMAL
2026-05-15 13:51:51,049 [WARNING] STATE: NORMAL -> DISTRACTED
2026-05-15 13:51:51,086 [WARNING] STATE: DISTRACTED -> NORMAL
2026-05-15 13:51:51,140 [WARNING] STATE: NORMAL -> DISTRACTED
2026-05-15 13:51:51,178 [WARNING] STATE: DISTRACTED -> NORMAL
2026-05-15 13:52:22,621 [WARNING] STATE: NORMAL -> DISTRACTED
2026-05-15 13:52:22,661 [WARNING] STATE: DISTRACTED -> DIZZY
2026-05-15 13:52:22,714 [WARNING] STATE: DIZZY -> NORMAL
2026-05-15 13:52:22,833 [WARNING] STATE: NORMAL -> DIZZY
2026-05-15 13:52:22,864 [WARNING] STATE: DIZZY -> NORMAL
2026-05-15 13:52:22,937 [WARNING] STATE: NORMAL -> DIZZY
2026-05-15 13:52:23,505 [WARNING] STATE: DIZZY -> NORMAL
2026-05-15 13:52:23,829 [WARNING] STATE: NORMAL -> DISTRACTED
2026-05-15 13:52:23,866 [WARNING] STATE: DISTRACTED -> NORMAL
2026-05-15 13:52:25,452 [WARNING] STATE: NORMAL -> DISTRACTED
2026-05-15 13:52:25,506 [WARNING] STATE: DISTRACTED -> NORMAL
2026-05-15 13:52:25,580 [WARNING] STATE: NORMAL -> DISTRACTED
2026-05-15 13:52:25,865 [WARNING] STATE: DISTRACTED -> DIZZY
2026-05-15 13:52:26,575 [WARNING] STATE: DIZZY -> DISTRACTED
2026-05-15 13:52:28,538 [WARNING] STATE: DISTRACTED -> DIZZY
2026-05-15 13:52:29,314 [WARNING] STATE: DIZZY -> DISTRACTED
2026-05-15 13:52:32,027 [WARNING] STATE: DISTRACTED -> NORMAL
2026-05-15 13:52:32,075 [WARNING] STATE: NORMAL -> DISTRACTED
2026-05-15 13:52:36,798 [WARNING] STATE: DISTRACTED -> NORMAL
2026-05-15 13:52:36,841 [WARNING] STATE: NORMAL -> DISTRACTED
2026-05-15 13:52:36,946 [WARNING] STATE: DISTRACTED -> NORMAL
2026-05-15 13:52:36,999 [WARNING] STATE: NORMAL -> DISTRACTED
2026-05-15 13:52:37,128 [WARNING] STATE: DISTRACTED -> NORMAL
2026-05-15 13:52:37,297 [WARNING] STATE: NORMAL -> DISTRACTED
2026-05-15 13:52:37,331 [WARNING] STATE: DISTRACTED -> NORMAL
2026-05-15 13:52:37,378 [WARNING] STATE: NORMAL -> DISTRACTED
2026-05-15 13:52:37,411 [WARNING] STATE: DISTRACTED -> NORMAL
2026-05-15 13:52:37,598 [WARNING] STATE: NORMAL -> DISTRACTED
2026-05-15 13:52:37,632 [WARNING] STATE: DISTRACTED -> NORMAL
2026-05-15 13:52:38,081 [WARNING] STATE: NORMAL -> DISTRACTED
2026-05-15 13:52:38,116 [WARNING] STATE: DISTRACTED -> NORMAL
2026-05-15 13:52:38,384 [WARNING] STATE: NORMAL -> DISTRACTED
2026-05-15 13:52:38,422 [WARNING] STATE: DISTRACTED -> NORMAL
2026-05-15 13:52:41,521 [WARNING] STATE: NORMAL -> DISTRACTED
2026-05-15 13:53:02,152 [WARNING] STATE: DISTRACTED -> NORMAL
2026-05-15 13:53:02,201 [WARNING] STATE: NORMAL -> DISTRACTED
2026-05-15 13:53:02,281 [WARNING] STATE: DISTRACTED -> NORMAL
2026-05-15 13:53:02,327 [WARNING] STATE: NORMAL -> DISTRACTED
2026-05-15 13:53:02,423 [WARNING] STATE: DISTRACTED -> NORMAL
2026-05-15 13:53:02,483 [WARNING] STATE: NORMAL -> DISTRACTED
2026-05-15 13:53:02,577 [WARNING] STATE: DISTRACTED -> NORMAL
2026-05-15 13:53:02,635 [WARNING] STATE: NORMAL -> DISTRACTED
2026-05-15 13:53:02,696 [WARNING] STATE: DISTRACTED -> NORMAL
2026-05-15 13:53:02,845 [WARNING] STATE: NORMAL -> DISTRACTED
2026-05-15 13:53:02,976 [WARNING] STATE: DISTRACTED -> NORMAL
2026-05-15 13:53:03,070 [WARNING] STATE: NORMAL -> DISTRACTED
2026-05-15 13:53:03,154 [WARNING] STATE: DISTRACTED -> NORMAL
2026-05-15 13:53:03,199 [WARNING] STATE: NORMAL -> DISTRACTED
2026-05-15 13:53:03,289 [WARNING] STATE: DISTRACTED -> NORMAL
2026-05-15 13:53:03,511 [WARNING] STATE: NORMAL -> DISTRACTED
2026-05-15 13:53:03,653 [WARNING] STATE: DISTRACTED -> NORMAL
2026-05-15 13:53:03,711 [WARNING] STATE: NORMAL -> DISTRACTED
2026-05-15 13:53:03,774 [WARNING] STATE: DISTRACTED -> NORMAL
2026-05-15 13:53:03,888 [WARNING] STATE: NORMAL -> DISTRACTED
2026-05-15 13:53:04,007 [WARNING] STATE: DISTRACTED -> NORMAL
2026-05-15 13:53:04,051 [WARNING] STATE: NORMAL -> DISTRACTED
2026-05-15 13:53:04,090 [WARNING] STATE: DISTRACTED -> DIZZY
2026-05-15 13:53:04,153 [WARNING] STATE: DIZZY -> NORMAL
2026-05-15 13:53:04,364 [WARNING] STATE: NORMAL -> DISTRACTED
2026-05-15 13:53:04,406 [WARNING] STATE: DISTRACTED -> DIZZY
2026-05-15 13:53:04,436 [WARNING] STATE: DIZZY -> NORMAL
2026-05-15 13:53:04,481 [WARNING] STATE: NORMAL -> DISTRACTED
2026-05-15 13:53:04,516 [WARNING] STATE: DISTRACTED -> DIZZY
2026-05-15 13:53:04,569 [WARNING] STATE: DIZZY -> NORMAL
2026-05-15 13:53:04,625 [WARNING] STATE: NORMAL -> DISTRACTED
2026-05-15 13:53:04,648 [WARNING] STATE: DISTRACTED -> DIZZY
2026-05-15 13:53:04,678 [WARNING] STATE: DIZZY -> NORMAL
2026-05-15 13:53:04,787 [WARNING] STATE: NORMAL -> DISTRACTED
2026-05-15 13:53:04,825 [WARNING] STATE: DISTRACTED -> DIZZY
2026-05-15 13:53:04,855 [WARNING] STATE: DIZZY -> NORMAL
2026-05-15 13:53:05,647 [WARNING] STATE: NORMAL -> DISTRACTED
2026-05-15 13:53:05,686 [WARNING] STATE: DISTRACTED -> DIZZY
2026-05-15 13:53:05,719 [WARNING] STATE: DIZZY -> NORMAL
2026-05-15 13:53:05,867 [WARNING] STATE: NORMAL -> DISTRACTED
2026-05-15 13:53:05,899 [WARNING] STATE: DISTRACTED -> NORMAL
2026-05-15 13:53:06,125 [WARNING] STATE: NORMAL -> DISTRACTED
2026-05-15 13:53:06,166 [WARNING] STATE: DISTRACTED -> DIZZY
2026-05-15 13:53:06,198 [WARNING] STATE: DIZZY -> NORMAL
2026-05-15 13:53:07,094 [WARNING] STATE: NORMAL -> DISTRACTED
2026-05-15 13:53:07,135 [WARNING] STATE: DISTRACTED -> DIZZY
2026-05-15 13:53:07,178 [WARNING] STATE: DIZZY -> NORMAL
2026-05-15 13:53:07,831 [WARNING] STATE: NORMAL -> DIZZY
2026-05-15 13:53:07,862 [WARNING] STATE: DIZZY -> NORMAL
2026-05-15 13:53:07,905 [WARNING] STATE: NORMAL -> DISTRACTED
2026-05-15 13:53:07,941 [WARNING] STATE: DISTRACTED -> NORMAL
2026-05-15 13:53:09,431 [WARNING] STATE: NORMAL -> DISTRACTED
2026-05-15 13:53:09,470 [WARNING] STATE: DISTRACTED -> NORMAL
2026-05-15 13:53:10,933 [WARNING] STATE: NORMAL -> DIZZY
2026-05-15 13:53:10,986 [WARNING] STATE: DIZZY -> NORMAL
2026-05-15 13:53:11,180 [WARNING] STATE: NORMAL -> DISTRACTED
2026-05-15 13:53:11,201 [WARNING] STATE: DISTRACTED -> NORMAL
2026-05-15 13:53:11,580 [WARNING] STATE: NORMAL -> DISTRACTED
2026-05-15 13:53:11,618 [WARNING] STATE: DISTRACTED -> NORMAL
2026-05-15 13:53:11,992 [WARNING] STATE: NORMAL -> DIZZY
2026-05-15 13:53:12,022 [WARNING] STATE: DIZZY -> NORMAL
2026-05-15 13:53:12,057 [WARNING] STATE: NORMAL -> DISTRACTED
2026-05-15 13:53:12,086 [WARNING] STATE: DISTRACTED -> DIZZY
2026-05-15 13:53:12,586 [WARNING] STATE: DIZZY -> DISTRACTED
2026-05-15 13:53:12,647 [WARNING] STATE: DISTRACTED -> NORMAL
2026-05-15 13:53:12,680 [WARNING] STATE: NORMAL -> DISTRACTED
2026-05-15 13:53:14,146 [WARNING] STATE: DISTRACTED -> NORMAL
2026-05-15 13:53:14,208 [WARNING] STATE: NORMAL -> DISTRACTED
2026-05-15 13:53:14,242 [WARNING] STATE: DISTRACTED -> NORMAL
2026-05-15 13:53:14,334 [WARNING] STATE: NORMAL -> DISTRACTED
2026-05-15 13:53:14,398 [WARNING] STATE: DISTRACTED -> NORMAL
2026-05-15 13:53:14,461 [WARNING] STATE: NORMAL -> DISTRACTED
2026-05-15 13:53:14,495 [WARNING] STATE: DISTRACTED -> NORMAL
2026-05-15 13:53:15,268 [WARNING] STATE: NORMAL -> DISTRACTED
2026-05-15 13:53:15,302 [WARNING] STATE: DISTRACTED -> NORMAL
2026-05-15 13:53:15,335 [WARNING] STATE: NORMAL -> DISTRACTED
2026-05-15 13:53:16,619 [WARNING] STATE: DISTRACTED -> NORMAL
2026-05-15 13:53:18,302 [WARNING] STATE: NORMAL -> DISTRACTED
2026-05-15 13:53:18,662 [WARNING] STATE: DISTRACTED -> NORMAL
2026-05-15 13:53:18,694 [WARNING] STATE: NORMAL -> DIZZY
2026-05-15 13:53:19,380 [WARNING] STATE: DIZZY -> DISTRACTED
2026-05-15 13:53:19,832 [WARNING] STATE: DISTRACTED -> NORMAL
2026-05-15 13:53:21,022 [WARNING] STATE: NORMAL -> DISTRACTED
2026-05-15 13:53:21,322 [WARNING] STATE: DISTRACTED -> NORMAL
2026-05-15 13:53:21,354 [WARNING] STATE: NORMAL -> DISTRACTED
2026-05-15 13:53:21,386 [WARNING] STATE: DISTRACTED -> NORMAL
2026-05-15 13:53:21,463 [WARNING] STATE: NORMAL -> DIZZY
2026-05-15 13:53:21,619 [WARNING] STATE: DIZZY -> NORMAL
2026-05-15 13:53:22,296 [WARNING] STATE: NORMAL -> DISTRACTED
2026-05-15 13:53:22,330 [WARNING] STATE: DISTRACTED -> NORMAL
2026-05-15 13:53:22,364 [WARNING] STATE: NORMAL -> DISTRACTED
2026-05-15 13:53:22,440 [WARNING] STATE: DISTRACTED -> NORMAL
2026-05-15 13:53:22,501 [WARNING] STATE: NORMAL -> DISTRACTED
2026-05-15 13:53:46,877 [WARNING] STATE: DISTRACTED -> NORMAL
2026-05-15 13:53:47,548 [WARNING] STATE: NORMAL -> DISTRACTED
2026-05-15 13:53:47,584 [WARNING] STATE: DISTRACTED -> NORMAL
2026-05-15 13:53:47,927 [WARNING] STATE: NORMAL -> DISTRACTED
2026-05-15 13:53:47,966 [WARNING] STATE: DISTRACTED -> NORMAL
2026-05-15 13:53:48,290 [WARNING] STATE: NORMAL -> DISTRACTED
2026-05-15 13:53:48,328 [WARNING] STATE: DISTRACTED -> DIZZY
2026-05-15 13:53:48,362 [WARNING] STATE: DIZZY -> NORMAL
2026-05-15 13:53:50,761 [WARNING] STATE: NORMAL -> DISTRACTED
2026-05-15 13:53:50,791 [WARNING] STATE: DISTRACTED -> NORMAL
2026-05-15 13:53:51,733 [WARNING] STATE: NORMAL -> DISTRACTED
2026-05-15 13:53:51,770 [WARNING] STATE: DISTRACTED -> NORMAL
2026-05-15 13:53:52,270 [WARNING] STATE: NORMAL -> DISTRACTED
2026-05-15 13:53:52,312 [WARNING] STATE: DISTRACTED -> DIZZY
2026-05-15 13:53:52,352 [WARNING] STATE: DIZZY -> NORMAL
2026-05-15 13:53:52,390 [WARNING] STATE: NORMAL -> DISTRACTED
2026-05-15 13:53:52,426 [WARNING] STATE: DISTRACTED -> DIZZY
2026-05-15 13:53:52,460 [WARNING] STATE: DIZZY -> NORMAL
2026-05-15 13:53:52,505 [WARNING] STATE: NORMAL -> DISTRACTED
2026-05-15 13:53:52,541 [WARNING] STATE: DISTRACTED -> DIZZY
2026-05-15 13:53:52,584 [WARNING] STATE: DIZZY -> NORMAL
2026-05-15 13:53:52,631 [WARNING] STATE: NORMAL -> DISTRACTED
2026-05-15 13:53:52,669 [WARNING] STATE: DISTRACTED -> DIZZY
2026-05-15 13:53:52,711 [WARNING] STATE: DIZZY -> NORMAL
2026-05-15 13:53:52,809 [WARNING] STATE: NORMAL -> DIZZY
2026-05-15 13:53:52,851 [WARNING] STATE: DIZZY -> NORMAL
2026-05-15 13:53:52,938 [WARNING] STATE: NORMAL -> DIZZY
2026-05-15 13:53:52,976 [WARNING] STATE: DIZZY -> NORMAL
2026-05-15 13:53:53,022 [WARNING] STATE: NORMAL -> DISTRACTED
2026-05-15 13:53:53,062 [WARNING] STATE: DISTRACTED -> DIZZY
2026-05-15 13:53:53,102 [WARNING] STATE: DIZZY -> NORMAL
2026-05-15 13:53:53,144 [WARNING] STATE: NORMAL -> DISTRACTED
2026-05-15 13:53:53,181 [WARNING] STATE: DISTRACTED -> DIZZY
2026-05-15 13:53:53,380 [WARNING] STATE: DIZZY -> NORMAL
2026-05-15 13:53:53,424 [WARNING] STATE: NORMAL -> DISTRACTED
2026-05-15 13:53:53,463 [WARNING] STATE: DISTRACTED -> DIZZY
2026-05-15 13:53:53,790 [WARNING] STATE: DIZZY -> DISTRACTED
2026-05-15 13:54:06,692 [WARNING] STATE: DISTRACTED -> NORMAL
2026-05-15 13:54:07,508 [WARNING] STATE: NORMAL -> DISTRACTED
2026-05-15 13:54:19,492 [WARNING] STATE: DISTRACTED -> NORMAL
2026-05-15 13:54:19,536 [WARNING] STATE: NORMAL -> DISTRACTED
2026-05-15 13:54:54,241 [WARNING] STATE: DISTRACTED -> NORMAL
2026-05-15 13:54:54,503 [WARNING] STATE: NORMAL -> DISTRACTED
2026-05-15 13:54:54,595 [WARNING] STATE: DISTRACTED -> NORMAL
2026-05-15 13:54:54,656 [WARNING] STATE: NORMAL -> DISTRACTED
2026-05-15 13:55:01,862 [WARNING] STATE: DISTRACTED -> NORMAL
2026-05-15 13:55:01,940 [WARNING] STATE: NORMAL -> DISTRACTED
2026-05-15 13:55:02,141 [WARNING] STATE: DISTRACTED -> NORMAL
2026-05-15 13:55:02,455 [WARNING] STATE: NORMAL -> DISTRACTED
2026-05-15 13:55:02,550 [WARNING] STATE: DISTRACTED -> NORMAL
2026-05-15 13:55:02,658 [WARNING] STATE: NORMAL -> DISTRACTED
2026-05-15 13:55:02,785 [WARNING] STATE: DISTRACTED -> NORMAL
2026-05-15 13:55:03,129 [WARNING] STATE: NORMAL -> DISTRACTED
2026-05-15 13:55:05,058 [WARNING] STATE: DISTRACTED -> DIZZY
2026-05-15 13:55:05,998 [WARNING] STATE: DIZZY -> NORMAL
2026-05-15 13:55:07,203 [WARNING] STATE: NORMAL -> DISTRACTED
2026-05-15 13:55:07,333 [WARNING] STATE: DISTRACTED -> NORMAL
2026-05-15 13:55:07,463 [WARNING] STATE: NORMAL -> DISTRACTED
2026-05-15 13:55:07,532 [WARNING] STATE: DISTRACTED -> NORMAL
2026-05-15 13:55:07,710 [WARNING] STATE: NORMAL -> DISTRACTED
2026-05-15 13:55:12,591 [WARNING] STATE: DISTRACTED -> NORMAL
2026-05-15 13:55:12,655 [WARNING] STATE: NORMAL -> DISTRACTED
2026-05-15 13:55:13,169 [WARNING] STATE: DISTRACTED -> NORMAL
2026-05-15 13:55:13,357 [WARNING] STATE: NORMAL -> DISTRACTED
2026-05-15 13:55:13,767 [WARNING] STATE: DISTRACTED -> DIZZY
2026-05-15 13:55:14,058 [WARNING] STATE: DIZZY -> DISTRACTED
2026-05-15 13:55:14,309 [WARNING] STATE: DISTRACTED -> DIZZY
2026-05-15 13:55:14,406 [WARNING] STATE: DIZZY -> DISTRACTED
2026-05-15 13:55:16,020 [WARNING] STATE: DISTRACTED -> NORMAL
2026-05-15 13:55:16,248 [WARNING] STATE: NORMAL -> DISTRACTED
2026-05-15 13:55:16,290 [WARNING] STATE: DISTRACTED -> DIZZY
2026-05-15 13:55:16,685 [WARNING] STATE: DIZZY -> NORMAL
2026-05-15 13:55:16,742 [WARNING] STATE: NORMAL -> DISTRACTED
2026-05-15 13:55:16,764 [WARNING] STATE: DISTRACTED -> DIZZY
2026-05-15 13:55:17,014 [WARNING] STATE: DIZZY -> NORMAL
2026-05-15 13:55:17,153 [WARNING] STATE: NORMAL -> DISTRACTED
2026-05-15 13:55:17,195 [WARNING] STATE: DISTRACTED -> DIZZY
2026-05-15 13:55:17,223 [WARNING] STATE: DIZZY -> NORMAL
2026-05-15 13:55:17,455 [WARNING] STATE: NORMAL -> DISTRACTED
2026-05-15 13:55:17,492 [WARNING] STATE: DISTRACTED -> DIZZY
2026-05-15 13:55:17,522 [WARNING] STATE: DIZZY -> NORMAL
2026-05-15 13:55:17,567 [WARNING] STATE: NORMAL -> DISTRACTED
2026-05-15 13:55:17,601 [WARNING] STATE: DISTRACTED -> NORMAL
2026-05-15 13:55:17,879 [WARNING] STATE: NORMAL -> DISTRACTED
2026-05-15 13:55:17,903 [WARNING] STATE: DISTRACTED -> NORMAL
2026-05-15 13:55:18,239 [WARNING] STATE: NORMAL -> DISTRACTED
2026-05-15 13:55:18,281 [WARNING] STATE: DISTRACTED -> DIZZY
2026-05-15 13:55:18,403 [WARNING] STATE: DIZZY -> NORMAL
2026-05-15 13:55:18,489 [WARNING] STATE: NORMAL -> DISTRACTED
2026-05-15 13:55:18,531 [WARNING] STATE: DISTRACTED -> NORMAL
2026-05-15 13:55:18,959 [WARNING] STATE: NORMAL -> DISTRACTED
2026-05-15 13:55:18,988 [WARNING] STATE: DISTRACTED -> DIZZY
2026-05-15 13:55:19,046 [WARNING] STATE: DIZZY -> NORMAL
2026-05-15 13:55:19,088 [WARNING] STATE: NORMAL -> DISTRACTED
2026-05-15 13:55:19,124 [WARNING] STATE: DISTRACTED -> NORMAL
2026-05-15 13:55:19,165 [WARNING] STATE: NORMAL -> DISTRACTED
2026-05-15 13:55:19,219 [WARNING] STATE: DISTRACTED -> DIZZY
2026-05-15 13:55:19,252 [WARNING] STATE: DIZZY -> NORMAL
2026-05-15 13:55:19,292 [WARNING] STATE: NORMAL -> DISTRACTED
2026-05-15 13:55:19,333 [WARNING] STATE: DISTRACTED -> DIZZY
2026-05-15 13:55:19,409 [WARNING] STATE: DIZZY -> NORMAL
2026-05-15 13:55:19,501 [WARNING] STATE: NORMAL -> DISTRACTED
2026-05-15 13:55:19,538 [WARNING] STATE: DISTRACTED -> DIZZY
2026-05-15 13:55:19,703 [WARNING] STATE: DIZZY -> NORMAL
2026-05-15 13:55:19,752 [WARNING] STATE: NORMAL -> DISTRACTED
2026-05-15 13:55:19,788 [WARNING] STATE: DISTRACTED -> DIZZY
2026-05-15 13:55:19,924 [WARNING] STATE: DIZZY -> NORMAL
2026-05-15 13:55:19,969 [WARNING] STATE: NORMAL -> DISTRACTED
2026-05-15 13:55:20,008 [WARNING] STATE: DISTRACTED -> DIZZY
2026-05-15 13:55:20,165 [WARNING] STATE: DIZZY -> NORMAL
2026-05-15 13:55:20,210 [WARNING] STATE: NORMAL -> DISTRACTED
2026-05-15 13:55:20,259 [WARNING] STATE: DISTRACTED -> DIZZY
2026-05-15 13:55:20,729 [WARNING] STATE: DIZZY -> DISTRACTED
2026-05-15 13:55:29,343 [WARNING] STATE: DISTRACTED -> NORMAL
2026-05-15 13:55:29,991 [WARNING] STATE: NORMAL -> DISTRACTED
2026-05-15 13:55:30,149 [WARNING] STATE: DISTRACTED -> NORMAL
2026-05-15 13:55:32,516 [WARNING] STATE: NORMAL -> DISTRACTED
2026-05-15 13:55:32,550 [WARNING] STATE: DISTRACTED -> NORMAL
2026-05-15 13:55:32,701 [WARNING] STATE: NORMAL -> DISTRACTED
2026-05-15 13:55:32,737 [WARNING] STATE: DISTRACTED -> NORMAL
2026-05-15 13:55:34,078 [WARNING] STATE: NORMAL -> DIZZY
2026-05-15 13:55:34,499 [WARNING] STATE: DIZZY -> NORMAL
2026-05-15 13:55:36,024 [WARNING] STATE: NORMAL -> DISTRACTED
2026-05-15 13:55:36,062 [WARNING] STATE: DISTRACTED -> DIZZY
2026-05-15 13:55:36,736 [WARNING] STATE: DIZZY -> NORMAL
2026-05-15 13:55:36,780 [WARNING] STATE: NORMAL -> DISTRACTED
2026-05-15 13:55:36,814 [WARNING] STATE: DISTRACTED -> NORMAL
2026-05-15 13:55:36,894 [WARNING] STATE: NORMAL -> DIZZY
2026-05-15 13:55:36,929 [WARNING] STATE: DIZZY -> NORMAL
2026-05-15 13:55:37,125 [WARNING] STATE: NORMAL -> DISTRACTED
2026-05-15 13:55:37,158 [WARNING] STATE: DISTRACTED -> NORMAL
2026-05-15 13:55:37,284 [WARNING] STATE: NORMAL -> DISTRACTED
2026-05-15 13:55:37,314 [WARNING] STATE: DISTRACTED -> DIZZY
2026-05-15 13:55:37,955 [WARNING] STATE: DIZZY -> DISTRACTED
2026-05-15 13:55:38,258 [WARNING] STATE: DISTRACTED -> DIZZY
2026-05-15 13:55:38,290 [WARNING] STATE: DIZZY -> NORMAL
2026-05-15 13:55:38,578 [WARNING] STATE: NORMAL -> DISTRACTED
2026-05-15 13:55:38,616 [WARNING] STATE: DISTRACTED -> NORMAL
2026-05-15 13:55:39,902 [WARNING] STATE: NORMAL -> DISTRACTED
2026-05-15 13:55:39,940 [WARNING] STATE: DISTRACTED -> DIZZY
2026-05-15 13:55:40,770 [WARNING] STATE: DIZZY -> DISTRACTED
2026-05-15 13:55:43,539 [WARNING] STATE: DISTRACTED -> NORMAL
2026-05-15 13:55:43,579 [WARNING] STATE: NORMAL -> DISTRACTED
2026-05-15 13:55:43,678 [WARNING] STATE: DISTRACTED -> NORMAL
2026-05-15 13:55:43,878 [WARNING] STATE: NORMAL -> DIZZY
2026-05-15 13:55:43,910 [WARNING] STATE: DIZZY -> NORMAL
2026-05-15 13:55:43,958 [WARNING] STATE: NORMAL -> DISTRACTED
2026-05-15 13:55:43,998 [WARNING] STATE: DISTRACTED -> DIZZY
2026-05-15 13:55:44,037 [WARNING] STATE: DIZZY -> NORMAL
2026-05-15 13:55:46,751 [WARNING] STATE: NORMAL -> DISTRACTED
2026-05-15 13:55:46,782 [WARNING] STATE: DISTRACTED -> NORMAL
2026-05-15 13:55:46,870 [WARNING] STATE: NORMAL -> DISTRACTED
2026-05-15 13:55:46,908 [WARNING] STATE: DISTRACTED -> NORMAL
2026-05-15 13:55:47,160 [WARNING] STATE: NORMAL -> DISTRACTED
2026-05-15 13:55:47,198 [WARNING] STATE: DISTRACTED -> NORMAL
2026-05-15 13:55:47,332 [WARNING] STATE: NORMAL -> DISTRACTED
2026-05-15 13:55:47,374 [WARNING] STATE: DISTRACTED -> DIZZY
2026-05-15 13:55:47,510 [WARNING] STATE: DIZZY -> NORMAL
2026-05-15 13:55:47,651 [WARNING] STATE: NORMAL -> DISTRACTED
2026-05-15 13:55:47,680 [WARNING] STATE: DISTRACTED -> DIZZY
2026-05-15 13:55:47,709 [WARNING] STATE: DIZZY -> NORMAL
2026-05-15 13:55:47,808 [WARNING] STATE: NORMAL -> DISTRACTED
2026-05-15 13:55:47,853 [WARNING] STATE: DISTRACTED -> DIZZY
2026-05-15 13:55:47,958 [WARNING] STATE: DIZZY -> NORMAL
2026-05-15 13:55:48,059 [WARNING] STATE: NORMAL -> DISTRACTED
2026-05-15 13:55:48,103 [WARNING] STATE: DISTRACTED -> DIZZY
2026-05-15 13:55:48,179 [WARNING] STATE: DIZZY -> NORMAL
2026-05-15 13:55:48,683 [WARNING] STATE: NORMAL -> DISTRACTED
2026-05-15 13:55:48,720 [WARNING] STATE: DISTRACTED -> DIZZY
2026-05-15 13:55:48,825 [WARNING] STATE: DIZZY -> NORMAL
2026-05-15 13:55:48,867 [WARNING] STATE: NORMAL -> DISTRACTED
2026-05-15 13:55:48,905 [WARNING] STATE: DISTRACTED -> DIZZY
2026-05-15 13:55:49,244 [WARNING] STATE: DIZZY -> NORMAL
2026-05-15 13:55:49,300 [WARNING] STATE: NORMAL -> DISTRACTED
2026-05-15 13:55:49,346 [WARNING] STATE: DISTRACTED -> DIZZY
2026-05-15 13:55:49,387 [WARNING] STATE: DIZZY -> NORMAL
2026-05-15 13:55:49,428 [WARNING] STATE: NORMAL -> DISTRACTED
2026-05-15 13:55:50,736 [WARNING] STATE: DISTRACTED -> NORMAL
2026-05-15 13:55:50,775 [WARNING] STATE: NORMAL -> DISTRACTED
2026-05-15 13:55:50,799 [WARNING] STATE: DISTRACTED -> NORMAL
2026-05-15 13:55:50,860 [WARNING] STATE: NORMAL -> DISTRACTED
2026-05-15 13:55:50,923 [WARNING] STATE: DISTRACTED -> NORMAL
2026-05-15 13:55:50,969 [WARNING] STATE: NORMAL -> DISTRACTED
2026-05-15 13:55:51,004 [WARNING] STATE: DISTRACTED -> NORMAL
2026-05-15 13:55:51,101 [WARNING] STATE: NORMAL -> DISTRACTED
2026-05-15 13:55:51,145 [WARNING] STATE: DISTRACTED -> NORMAL
2026-05-15 13:55:51,205 [WARNING] STATE: NORMAL -> DISTRACTED
2026-05-15 13:55:51,232 [WARNING] STATE: DISTRACTED -> NORMAL
2026-05-15 13:55:51,335 [WARNING] STATE: NORMAL -> DISTRACTED
2026-05-15 13:55:51,357 [WARNING] STATE: DISTRACTED -> NORMAL
2026-05-15 13:55:51,397 [WARNING] STATE: NORMAL -> DISTRACTED
2026-05-15 13:55:51,439 [WARNING] STATE: DISTRACTED -> NORMAL
2026-05-15 13:55:51,472 [WARNING] STATE: NORMAL -> DISTRACTED
2026-05-15 13:55:51,841 [WARNING] STATE: DISTRACTED -> DIZZY
2026-05-15 13:55:53,316 [WARNING] STATE: DIZZY -> NORMAL
2026-05-15 13:55:53,680 [WARNING] STATE: NORMAL -> DISTRACTED
2026-05-15 13:55:53,715 [WARNING] STATE: DISTRACTED -> NORMAL
2026-05-15 13:55:53,915 [WARNING] STATE: NORMAL -> DISTRACTED
2026-05-15 13:55:53,955 [WARNING] STATE: DISTRACTED -> DIZZY
2026-05-15 13:55:53,997 [WARNING] STATE: DIZZY -> NORMAL
2026-05-15 13:55:54,048 [WARNING] STATE: NORMAL -> DISTRACTED
2026-05-15 13:55:54,089 [WARNING] STATE: DISTRACTED -> NORMAL
2026-05-15 13:55:54,538 [WARNING] STATE: NORMAL -> DISTRACTED
2026-05-15 13:55:54,592 [WARNING] STATE: DISTRACTED -> NORMAL
2026-05-15 13:55:54,824 [WARNING] STATE: NORMAL -> DIZZY
2026-05-15 13:55:54,868 [WARNING] STATE: DIZZY -> NORMAL
2026-05-15 13:55:55,950 [WARNING] STATE: NORMAL -> DIZZY
2026-05-15 13:55:56,693 [WARNING] STATE: DIZZY -> NORMAL
2026-05-15 13:55:57,238 [WARNING] STATE: NORMAL -> DISTRACTED
2026-05-15 13:55:57,260 [WARNING] STATE: DISTRACTED -> NORMAL
2026-05-15 13:55:57,355 [WARNING] STATE: NORMAL -> DIZZY
2026-05-15 13:55:57,389 [WARNING] STATE: DIZZY -> NORMAL
2026-05-15 13:55:57,956 [WARNING] STATE: NORMAL -> DIZZY
2026-05-15 13:55:57,987 [WARNING] STATE: DIZZY -> NORMAL
2026-05-15 13:55:58,109 [WARNING] STATE: NORMAL -> DIZZY
2026-05-15 13:55:58,139 [WARNING] STATE: DIZZY -> NORMAL
2026-05-15 13:55:59,072 [WARNING] STATE: NORMAL -> DISTRACTED
2026-05-15 13:55:59,108 [WARNING] STATE: DISTRACTED -> NORMAL
2026-05-15 13:56:09,728 [WARNING] STATE: NORMAL -> DISTRACTED
2026-05-15 13:56:09,765 [WARNING] STATE: DISTRACTED -> DIZZY
2026-05-15 13:56:10,471 [WARNING] STATE: DIZZY -> DISTRACTED
2026-05-15 13:56:13,616 [WARNING] STATE: DISTRACTED -> NORMAL
2026-05-15 13:56:14,933 [WARNING] STATE: NORMAL -> DISTRACTED
2026-05-15 13:56:16,010 [WARNING] STATE: DISTRACTED -> NORMAL
2026-05-15 13:56:16,663 [WARNING] STATE: NORMAL -> DISTRACTED
2026-05-15 13:56:18,098 [WARNING] STATE: DISTRACTED -> NORMAL
2026-05-15 13:56:18,224 [WARNING] STATE: NORMAL -> DISTRACTED
2026-05-15 13:56:18,624 [WARNING] STATE: DISTRACTED -> DIZZY
2026-05-15 13:56:19,741 [WARNING] STATE: DIZZY -> DISTRACTED
2026-05-15 13:56:20,237 [WARNING] STATE: DISTRACTED -> DIZZY
2026-05-15 13:56:21,154 [WARNING] STATE: DIZZY -> DISTRACTED
2026-05-15 13:56:22,541 [WARNING] STATE: DISTRACTED -> NORMAL
2026-05-15 13:56:22,646 [WARNING] STATE: NORMAL -> DISTRACTED
2026-05-15 13:56:23,291 [WARNING] STATE: DISTRACTED -> NORMAL
2026-05-15 13:56:26,065 [WARNING] STATE: NORMAL -> DISTRACTED
2026-05-15 13:56:26,098 [WARNING] STATE: DISTRACTED -> NORMAL
2026-05-15 13:56:26,225 [WARNING] STATE: NORMAL -> DISTRACTED
2026-05-15 13:56:26,274 [WARNING] STATE: DISTRACTED -> NORMAL
2026-05-15 13:56:26,469 [WARNING] STATE: NORMAL -> DISTRACTED
2026-05-15 13:56:26,506 [WARNING] STATE: DISTRACTED -> NORMAL
2026-05-15 13:56:26,781 [WARNING] STATE: NORMAL -> DISTRACTED
2026-05-15 13:56:26,816 [WARNING] STATE: DISTRACTED -> NORMAL
2026-05-15 13:56:26,876 [WARNING] STATE: NORMAL -> DISTRACTED
2026-05-15 13:56:26,923 [WARNING] STATE: DISTRACTED -> NORMAL
2026-05-15 13:56:30,346 [WARNING] STATE: NORMAL -> DISTRACTED
2026-05-15 13:56:36,763 [WARNING] STATE: DISTRACTED -> DIZZY
2026-05-15 13:56:37,497 [WARNING] STATE: DIZZY -> NORMAL
2026-05-15 13:56:42,274 [WARNING] STATE: NORMAL -> DISTRACTED
2026-05-15 13:56:42,307 [WARNING] STATE: DISTRACTED -> DIZZY
2026-05-15 13:56:42,382 [WARNING] STATE: DIZZY -> NORMAL
2026-05-15 13:56:42,446 [WARNING] STATE: NORMAL -> DISTRACTED
2026-05-15 13:56:42,488 [WARNING] STATE: DISTRACTED -> DIZZY
2026-05-15 13:56:42,860 [WARNING] STATE: DIZZY -> NORMAL
2026-05-15 13:56:42,908 [WARNING] STATE: NORMAL -> DISTRACTED
2026-05-15 13:56:42,938 [WARNING] STATE: DISTRACTED -> NORMAL
2026-05-15 13:56:43,193 [WARNING] STATE: NORMAL -> DISTRACTED
2026-05-15 13:56:43,233 [WARNING] STATE: DISTRACTED -> DIZZY
2026-05-15 13:56:43,353 [WARNING] STATE: DIZZY -> NORMAL
2026-05-15 13:56:44,601 [WARNING] STATE: NORMAL -> DISTRACTED
2026-05-15 13:56:44,628 [WARNING] STATE: DISTRACTED -> DIZZY
2026-05-15 13:56:45,260 [WARNING] STATE: DIZZY -> DISTRACTED
2026-05-15 13:56:46,213 [WARNING] STATE: DISTRACTED -> NORMAL
2026-05-15 13:56:46,283 [WARNING] STATE: NORMAL -> DISTRACTED
2026-05-15 13:56:46,414 [WARNING] STATE: DISTRACTED -> NORMAL
2026-05-15 13:56:46,458 [WARNING] STATE: NORMAL -> DISTRACTED
2026-05-15 13:56:46,493 [WARNING] STATE: DISTRACTED -> NORMAL
2026-05-15 13:57:08,491 [WARNING] STATE: NORMAL -> DISTRACTED
2026-05-15 13:57:08,518 [WARNING] STATE: DISTRACTED -> NORMAL
2026-05-15 13:57:16,496 [WARNING] STATE: NORMAL -> DISTRACTED
2026-05-15 13:57:16,531 [WARNING] STATE: DISTRACTED -> NORMAL
2026-05-15 13:57:17,068 [WARNING] STATE: NORMAL -> DISTRACTED
2026-05-15 13:57:17,104 [WARNING] STATE: DISTRACTED -> NORMAL
2026-05-15 13:57:17,146 [WARNING] STATE: NORMAL -> DISTRACTED
2026-05-15 13:57:17,184 [WARNING] STATE: DISTRACTED -> NORMAL
2026-05-15 13:57:17,242 [WARNING] STATE: NORMAL -> DISTRACTED
2026-05-15 13:57:17,281 [WARNING] STATE: DISTRACTED -> NORMAL
2026-05-15 13:57:17,352 [WARNING] STATE: NORMAL -> DISTRACTED
2026-05-15 13:57:17,424 [WARNING] STATE: DISTRACTED -> NORMAL
2026-05-15 13:57:17,470 [WARNING] STATE: NORMAL -> DISTRACTED
2026-05-15 13:57:17,503 [WARNING] STATE: DISTRACTED -> NORMAL
2026-05-15 13:57:17,549 [WARNING] STATE: NORMAL -> DISTRACTED
2026-05-15 13:57:17,584 [WARNING] STATE: DISTRACTED -> NORMAL
2026-05-15 13:57:17,629 [WARNING] STATE: NORMAL -> DISTRACTED
2026-05-15 13:57:17,669 [WARNING] STATE: DISTRACTED -> NORMAL
2026-05-15 13:57:25,058 [WARNING] STATE: NORMAL -> DISTRACTED
2026-05-15 13:57:25,098 [WARNING] STATE: DISTRACTED -> NORMAL
2026-05-15 13:57:25,235 [WARNING] STATE: NORMAL -> DISTRACTED
2026-05-15 13:57:25,301 [WARNING] STATE: DISTRACTED -> NORMAL
2026-05-15 13:57:25,499 [WARNING] STATE: NORMAL -> DISTRACTED
2026-05-15 13:57:25,584 [WARNING] STATE: DISTRACTED -> NORMAL
2026-05-15 13:57:25,645 [WARNING] STATE: NORMAL -> DISTRACTED
2026-05-15 13:57:25,693 [WARNING] STATE: DISTRACTED -> NORMAL
2026-05-15 13:58:27,663 [WARNING] STATE: NORMAL -> DISTRACTED
2026-05-15 13:58:27,701 [WARNING] STATE: DISTRACTED -> NORMAL
2026-05-15 13:58:28,270 [WARNING] STATE: NORMAL -> DISTRACTED
2026-05-15 13:58:28,313 [WARNING] STATE: DISTRACTED -> DIZZY
2026-05-15 13:58:29,259 [WARNING] STATE: DIZZY -> DISTRACTED
2026-05-15 13:58:29,729 [WARNING] STATE: DISTRACTED -> DIZZY
2026-05-15 13:58:30,482 [WARNING] STATE: DIZZY -> DISTRACTED
2026-05-15 13:58:31,453 [WARNING] STATE: DISTRACTED -> DIZZY
2026-05-15 13:58:32,078 [WARNING] STATE: DIZZY -> DISTRACTED
2026-05-15 13:58:33,773 [WARNING] STATE: DISTRACTED -> DIZZY
2026-05-15 13:58:34,785 [WARNING] STATE: DIZZY -> DISTRACTED
2026-05-15 13:58:35,802 [INFO] Stopping ADAMS
2026-05-15 14:06:21,101 [INFO] Starting ADAMS v3
2026-05-15 14:06:21,101 [WARNING] GPIO unavailable – simulation mode
2026-05-15 14:06:21,750 [INFO] Firebase connected
2026-05-15 14:06:24,113 [WARNING] STATE: NORMAL -> DISTRACTED
2026-05-15 14:06:24,542 [WARNING] STATE: DISTRACTED -> DIZZY
2026-05-15 14:06:24,958 [WARNING] STATE: DIZZY -> NORMAL
2026-05-15 14:06:27,697 [WARNING] STATE: NORMAL -> DROWSY
2026-05-15 14:06:30,557 [WARNING] STATE: DROWSY -> DISTRACTED
2026-05-15 14:06:30,643 [WARNING] STATE: DISTRACTED -> DIZZY
2026-05-15 14:06:31,311 [WARNING] STATE: DIZZY -> DISTRACTED
2026-05-15 14:06:33,746 [WARNING] STATE: DISTRACTED -> NORMAL
2026-05-15 14:06:33,780 [WARNING] STATE: NORMAL -> DISTRACTED
2026-05-15 14:06:33,822 [WARNING] STATE: DISTRACTED -> NORMAL
2026-05-15 14:06:33,855 [WARNING] STATE: NORMAL -> DISTRACTED
2026-05-15 14:06:33,939 [WARNING] STATE: DISTRACTED -> NORMAL
2026-05-15 14:06:38,048 [WARNING] STATE: NORMAL -> DIZZY
2026-05-15 14:06:38,816 [WARNING] STATE: DIZZY -> DISTRACTED
2026-05-15 14:06:41,824 [WARNING] STATE: DISTRACTED -> NORMAL
2026-05-15 14:06:42,047 [WARNING] STATE: NORMAL -> DISTRACTED
2026-05-15 14:06:42,098 [WARNING] STATE: DISTRACTED -> DIZZY
2026-05-15 14:06:42,718 [WARNING] STATE: DIZZY -> DISTRACTED
2026-05-15 14:06:44,279 [WARNING] STATE: DISTRACTED -> NORMAL
2026-05-15 14:06:44,543 [WARNING] STATE: NORMAL -> DISTRACTED
2026-05-15 14:06:44,674 [WARNING] STATE: DISTRACTED -> DIZZY
2026-05-15 14:06:45,345 [WARNING] STATE: DIZZY -> DISTRACTED
2026-05-15 14:06:46,431 [WARNING] STATE: DISTRACTED -> DIZZY
2026-05-15 14:06:47,167 [WARNING] STATE: DIZZY -> DISTRACTED
2026-05-15 14:06:49,056 [WARNING] STATE: DISTRACTED -> NORMAL
2026-05-15 14:06:49,330 [WARNING] STATE: NORMAL -> DIZZY
2026-05-15 14:06:50,802 [WARNING] STATE: DIZZY -> DISTRACTED
2026-05-15 14:06:53,055 [WARNING] STATE: DISTRACTED -> DIZZY
2026-05-15 14:06:56,351 [WARNING] STATE: DIZZY -> NORMAL
2026-05-15 14:06:57,822 [WARNING] STATE: NORMAL -> DISTRACTED
2026-05-15 14:06:58,703 [WARNING] STATE: DISTRACTED -> NORMAL
2026-05-15 14:06:59,073 [WARNING] STATE: NORMAL -> DISTRACTED
2026-05-15 14:07:01,453 [WARNING] STATE: DISTRACTED -> NORMAL
2026-05-15 14:07:02,030 [WARNING] STATE: NORMAL -> DISTRACTED
2026-05-15 14:07:02,432 [WARNING] STATE: DISTRACTED -> DIZZY
2026-05-15 14:07:02,882 [WARNING] STATE: DIZZY -> DISTRACTED
2026-05-15 14:07:05,998 [WARNING] STATE: DISTRACTED -> NORMAL
2026-05-15 14:07:07,281 [WARNING] STATE: NORMAL -> DISTRACTED
2026-05-15 14:07:09,172 [WARNING] STATE: DISTRACTED -> DIZZY
2026-05-15 14:07:09,744 [WARNING] STATE: DIZZY -> DISTRACTED
2026-05-15 14:07:09,933 [WARNING] STATE: DISTRACTED -> DIZZY
2026-05-15 14:07:10,581 [WARNING] STATE: DIZZY -> NORMAL
2026-05-15 14:07:11,954 [WARNING] STATE: NORMAL -> DROWSY
2026-05-15 14:07:15,613 [WARNING] STATE: DROWSY -> DISTRACTED
2026-05-15 14:07:15,859 [WARNING] STATE: DISTRACTED -> DIZZY
2026-05-15 14:07:16,344 [WARNING] STATE: DIZZY -> DISTRACTED
2026-05-15 14:07:19,760 [WARNING] STATE: DISTRACTED -> DROWSY
2026-05-15 14:07:19,793 [WARNING] STATE: DROWSY -> NORMAL
2026-05-15 14:07:22,016 [WARNING] STATE: NORMAL -> DISTRACTED
2026-05-15 14:07:29,246 [WARNING] STATE: DISTRACTED -> DIZZY
2026-05-15 14:07:30,261 [WARNING] STATE: DIZZY -> DISTRACTED
2026-05-15 14:07:30,961 [WARNING] STATE: DISTRACTED -> NORMAL
2026-05-15 14:07:31,805 [WARNING] STATE: NORMAL -> DISTRACTED
2026-05-15 14:07:31,833 [WARNING] STATE: DISTRACTED -> DIZZY
2026-05-15 14:07:35,569 [WARNING] STATE: DIZZY -> NORMAL
2026-05-15 14:07:37,890 [WARNING] STATE: NORMAL -> DISTRACTED
2026-05-15 14:07:38,099 [WARNING] STATE: DISTRACTED -> DIZZY
2026-05-15 14:07:38,768 [WARNING] STATE: DIZZY -> DISTRACTED
2026-05-15 14:07:39,136 [WARNING] STATE: DISTRACTED -> DIZZY
2026-05-15 14:07:40,242 [WARNING] STATE: DIZZY -> DISTRACTED
2026-05-15 14:07:40,319 [WARNING] STATE: DISTRACTED -> NORMAL
2026-05-15 14:07:40,356 [WARNING] STATE: NORMAL -> DISTRACTED
2026-05-15 14:07:40,417 [WARNING] STATE: DISTRACTED -> NORMAL
2026-05-15 14:07:40,610 [WARNING] STATE: NORMAL -> DISTRACTED
2026-05-15 14:07:40,662 [WARNING] STATE: DISTRACTED -> NORMAL
2026-05-15 14:07:40,754 [WARNING] STATE: NORMAL -> DISTRACTED
2026-05-15 14:07:40,787 [WARNING] STATE: DISTRACTED -> NORMAL
2026-05-15 14:07:40,819 [WARNING] STATE: NORMAL -> DISTRACTED
2026-05-15 14:07:40,851 [WARNING] STATE: DISTRACTED -> NORMAL
2026-05-15 14:07:41,023 [WARNING] STATE: NORMAL -> DISTRACTED
2026-05-15 14:07:41,059 [WARNING] STATE: DISTRACTED -> NORMAL
2026-05-15 14:07:41,328 [WARNING] STATE: NORMAL -> DISTRACTED
2026-05-15 14:07:41,358 [WARNING] STATE: DISTRACTED -> NORMAL
2026-05-15 14:07:42,095 [WARNING] STATE: NORMAL -> DIZZY
2026-05-15 14:07:42,737 [WARNING] STATE: DIZZY -> NORMAL
2026-05-15 14:07:43,683 [WARNING] STATE: NORMAL -> DIZZY
2026-05-15 14:07:44,288 [WARNING] STATE: DIZZY -> NORMAL
2026-05-15 14:07:46,910 [WARNING] STATE: NORMAL -> DIZZY
2026-05-15 14:07:47,554 [WARNING] STATE: DIZZY -> NORMAL
2026-05-15 14:07:48,690 [WARNING] STATE: NORMAL -> DISTRACTED
2026-05-15 14:07:53,299 [WARNING] STATE: DISTRACTED -> NORMAL
2026-05-15 14:07:54,142 [WARNING] STATE: NORMAL -> DISTRACTED
2026-05-15 14:07:54,676 [WARNING] STATE: DISTRACTED -> NORMAL
2026-05-15 14:07:55,219 [WARNING] STATE: NORMAL -> DISTRACTED
2026-05-15 14:07:55,280 [WARNING] STATE: DISTRACTED -> DIZZY
2026-05-15 14:07:55,920 [WARNING] STATE: DIZZY -> DISTRACTED
2026-05-15 14:07:56,048 [WARNING] STATE: DISTRACTED -> NORMAL
2026-05-15 14:07:57,698 [WARNING] STATE: NORMAL -> DISTRACTED
2026-05-15 14:07:58,034 [WARNING] STATE: DISTRACTED -> NORMAL
2026-05-15 14:07:58,420 [WARNING] STATE: NORMAL -> DISTRACTED
2026-05-15 14:08:00,896 [WARNING] STATE: DISTRACTED -> DIZZY
2026-05-15 14:08:01,535 [WARNING] STATE: DIZZY -> DISTRACTED
2026-05-15 14:08:07,123 [WARNING] STATE: DISTRACTED -> DIZZY
2026-05-15 14:08:07,395 [WARNING] STATE: DIZZY -> NORMAL
2026-05-15 14:08:07,525 [WARNING] STATE: NORMAL -> DISTRACTED
2026-05-15 14:08:07,553 [WARNING] STATE: DISTRACTED -> DIZZY
2026-05-15 14:08:09,136 [WARNING] STATE: DIZZY -> DISTRACTED
2026-05-15 14:08:09,379 [WARNING] STATE: DISTRACTED -> DIZZY
2026-05-15 14:08:09,615 [WARNING] STATE: DIZZY -> NORMAL
2026-05-15 14:08:11,328 [INFO] Stopping ADAMS
2026-05-15 14:11:57,480 [INFO] Starting ADAMS v3
2026-05-15 14:11:57,481 [WARNING] GPIO unavailable – simulation mode
2026-05-15 14:11:57,954 [INFO] Firebase connected
2026-05-15 14:12:59,666 [INFO] Starting ADAMS v3
2026-05-15 14:12:59,667 [WARNING] GPIO unavailable – simulation mode
2026-05-15 14:13:00,033 [INFO] Firebase connected
2026-05-15 14:14:10,975 [INFO] Starting ADAMS v3
2026-05-15 14:14:10,976 [WARNING] GPIO unavailable – simulation mode
2026-05-15 14:14:11,221 [INFO] Firebase connected
2026-05-15 14:14:12,623 [WARNING] STATE: NORMAL -> DISTRACTED
2026-05-15 14:14:12,667 [WARNING] STATE: DISTRACTED -> DIZZY
2026-05-15 14:14:13,743 [WARNING] STATE: DIZZY -> DISTRACTED
2026-05-15 14:14:14,450 [WARNING] STATE: DISTRACTED -> DIZZY
2026-05-15 14:14:15,126 [WARNING] STATE: DIZZY -> DISTRACTED
2026-05-15 14:14:17,680 [WARNING] STATE: DISTRACTED -> NORMAL
2026-05-15 14:14:17,772 [WARNING] STATE: NORMAL -> DIZZY
2026-05-15 14:14:19,510 [WARNING] STATE: DIZZY -> DISTRACTED
2026-05-15 14:14:21,187 [INFO] Stopping ADAMS
2026-05-15 14:19:53,668 [INFO] Starting ADAMS v3
2026-05-15 14:19:53,669 [WARNING] GPIO unavailable – simulation mode
2026-05-15 14:19:54,084 [INFO] Firebase connected
2026-05-15 14:20:13,977 [INFO] Starting ADAMS v3
2026-05-15 14:20:13,977 [WARNING] GPIO unavailable – simulation mode
2026-05-15 14:20:14,343 [INFO] Firebase connected
2026-05-15 14:20:42,356 [INFO] Starting ADAMS v3
2026-05-15 14:20:42,357 [WARNING] GPIO unavailable – simulation mode
2026-05-15 14:20:42,701 [INFO] Firebase connected
2026-05-21 11:51:40,029 [INFO] Starting ADAMS v3
2026-05-21 11:51:40,031 [WARNING] GPIO unavailable – simulation mode
2026-05-21 11:51:41,348 [INFO] Firebase connected
2026-05-21 11:52:02,348 [INFO] Starting ADAMS v3
2026-05-21 11:52:02,349 [WARNING] GPIO unavailable – simulation mode
2026-05-21 11:52:03,641 [INFO] Firebase connected
2026-05-21 11:52:12,080 [INFO] Starting ADAMS v3
2026-05-21 11:52:12,082 [WARNING] GPIO unavailable – simulation mode
2026-05-21 11:52:13,041 [INFO] Firebase connected
2026-05-21 11:52:17,388 [WARNING] STATE: NORMAL -> DIZZY
2026-05-21 11:52:17,490 [WARNING] STATE: DIZZY -> NORMAL
2026-05-21 11:52:18,092 [WARNING] STATE: NORMAL -> DISTRACTED
2026-05-21 11:52:18,494 [WARNING] STATE: DISTRACTED -> DIZZY
2026-05-21 11:52:19,139 [WARNING] STATE: DIZZY -> NORMAL
2026-05-21 11:52:19,218 [WARNING] STATE: NORMAL -> DISTRACTED
2026-05-21 11:52:19,246 [WARNING] STATE: DISTRACTED -> DIZZY
2026-05-21 11:52:20,190 [WARNING] STATE: DIZZY -> NORMAL
2026-05-21 11:52:20,227 [WARNING] STATE: NORMAL -> DISTRACTED
2026-05-21 11:52:20,730 [WARNING] STATE: DISTRACTED -> DIZZY
2026-05-21 11:52:22,065 [WARNING] STATE: DIZZY -> NORMAL
2026-05-21 11:52:22,587 [WARNING] STATE: NORMAL -> DISTRACTED
2026-05-21 11:52:22,651 [WARNING] STATE: DISTRACTED -> NORMAL
2026-05-21 11:52:22,708 [WARNING] STATE: NORMAL -> DISTRACTED
2026-05-21 11:52:22,732 [WARNING] STATE: DISTRACTED -> NORMAL
2026-05-21 11:52:22,783 [WARNING] STATE: NORMAL -> DISTRACTED
2026-05-21 11:52:22,806 [WARNING] STATE: DISTRACTED -> NORMAL
2026-05-21 11:52:23,116 [WARNING] STATE: NORMAL -> DIZZY
2026-05-21 11:52:23,462 [INFO] Stopping ADAMS
2026-05-21 12:27:40,348 [INFO] Starting ADAMS v3
2026-05-21 12:27:40,349 [WARNING] GPIO unavailable – simulation mode
2026-05-21 12:27:41,024 [INFO] Firebase connected
2026-05-21 12:27:43,462 [WARNING] STATE: NORMAL -> DIZZY
2026-05-21 12:27:43,554 [WARNING] STATE: DIZZY -> NORMAL
2026-05-21 12:27:43,601 [WARNING] STATE: NORMAL -> DIZZY
2026-05-21 12:27:44,260 [WARNING] STATE: DIZZY -> DISTRACTED
2026-05-21 12:27:44,462 [WARNING] STATE: DISTRACTED -> NORMAL
2026-05-21 12:27:44,720 [WARNING] STATE: NORMAL -> DISTRACTED
2026-05-21 12:27:45,043 [WARNING] STATE: DISTRACTED -> NORMAL
2026-05-21 12:27:45,900 [WARNING] STATE: NORMAL -> DIZZY
2026-05-21 12:27:47,029 [WARNING] STATE: DIZZY -> DISTRACTED
2026-05-21 12:27:47,487 [WARNING] STATE: DISTRACTED -> DIZZY
2026-05-21 12:27:48,310 [WARNING] STATE: DIZZY -> DISTRACTED
2026-05-21 12:27:49,202 [WARNING] STATE: DISTRACTED -> DIZZY
2026-05-21 12:27:49,352 [WARNING] STATE: DIZZY -> DISTRACTED
2026-05-21 12:27:49,413 [WARNING] STATE: DISTRACTED -> DIZZY
2026-05-21 12:27:49,538 [WARNING] STATE: DIZZY -> DISTRACTED
2026-05-21 12:27:50,262 [WARNING] STATE: DISTRACTED -> NORMAL
2026-05-21 12:27:50,467 [WARNING] STATE: NORMAL -> DIZZY
2026-05-21 12:27:50,780 [WARNING] STATE: DIZZY -> DISTRACTED
2026-05-21 12:27:50,929 [WARNING] STATE: DISTRACTED -> DIZZY
2026-05-21 12:27:51,735 [WARNING] STATE: DIZZY -> DISTRACTED
2026-05-21 12:27:52,138 [INFO] Stopping ADAMS
2026-05-21 12:28:29,191 [INFO] Starting ADAMS v3
2026-05-21 12:28:29,191 [WARNING] GPIO unavailable – simulation mode
2026-05-21 12:28:29,716 [INFO] Firebase connected
2026-05-21 12:28:31,789 [WARNING] STATE: NORMAL -> DIZZY
2026-05-21 12:28:31,850 [WARNING] STATE: DIZZY -> NORMAL
2026-05-21 12:28:36,269 [WARNING] STATE: NORMAL -> DISTRACTED
2026-05-21 12:28:38,226 [WARNING] STATE: DISTRACTED -> NORMAL
2026-05-21 12:28:38,265 [WARNING] STATE: NORMAL -> DISTRACTED
2026-05-21 12:28:38,309 [WARNING] STATE: DISTRACTED -> NORMAL
2026-05-21 12:28:38,649 [WARNING] STATE: NORMAL -> DISTRACTED
2026-05-21 12:28:39,493 [WARNING] STATE: DISTRACTED -> NORMAL
2026-05-21 12:28:39,647 [WARNING] STATE: NORMAL -> DIZZY
2026-05-21 12:28:40,436 [WARNING] STATE: DIZZY -> DISTRACTED
2026-05-21 12:28:42,059 [WARNING] STATE: DISTRACTED -> NORMAL
2026-05-21 12:28:44,634 [WARNING] STATE: NORMAL -> DISTRACTED
2026-05-21 12:28:45,047 [INFO] Stopping ADAMS
2026-05-21 12:45:55,983 [INFO] Starting ADAMS v3
2026-05-21 12:45:55,984 [WARNING] GPIO unavailable – simulation mode
2026-05-21 12:45:56,576 [ERROR] Firebase connection failed: Missing C:\Users\alley\Desktop\Adams_Final_Project\pi_edge\serviceAccountKey.json
2026-05-21 12:46:00,824 [WARNING] STATE: NORMAL -> DIZZY
2026-05-21 12:46:01,406 [WARNING] STATE: DIZZY -> NORMAL
2026-05-21 12:46:02,568 [WARNING] STATE: NORMAL -> DISTRACTED
2026-05-21 12:46:03,166 [WARNING] STATE: DISTRACTED -> NORMAL
2026-05-21 12:46:03,253 [WARNING] STATE: NORMAL -> DIZZY
2026-05-21 12:46:03,382 [WARNING] STATE: DIZZY -> NORMAL
2026-05-21 12:46:03,548 [WARNING] STATE: NORMAL -> DISTRACTED
2026-05-21 12:46:03,597 [WARNING] STATE: DISTRACTED -> NORMAL
2026-05-21 12:46:03,648 [WARNING] STATE: NORMAL -> DISTRACTED
2026-05-21 12:46:03,706 [WARNING] STATE: DISTRACTED -> NORMAL
2026-05-21 12:46:03,755 [WARNING] STATE: NORMAL -> DISTRACTED
2026-05-21 12:46:03,903 [WARNING] STATE: DISTRACTED -> NORMAL
2026-05-21 12:46:03,952 [WARNING] STATE: NORMAL -> DISTRACTED
2026-05-21 12:46:03,999 [WARNING] STATE: DISTRACTED -> NORMAL
2026-05-21 12:46:04,118 [WARNING] STATE: NORMAL -> DISTRACTED
2026-05-21 12:46:04,161 [WARNING] STATE: DISTRACTED -> NORMAL
2026-05-21 12:46:10,835 [WARNING] STATE: NORMAL -> DISTRACTED
2026-05-21 12:46:16,758 [WARNING] STATE: DISTRACTED -> NORMAL
2026-05-21 12:46:39,026 [WARNING] STATE: NORMAL -> DISTRACTED
2026-05-21 12:46:39,065 [WARNING] STATE: DISTRACTED -> NORMAL
2026-05-21 12:46:39,116 [WARNING] STATE: NORMAL -> DISTRACTED
2026-05-21 12:46:40,984 [WARNING] STATE: DISTRACTED -> NORMAL
2026-05-21 12:46:41,246 [WARNING] STATE: NORMAL -> DISTRACTED
2026-05-21 12:46:41,364 [WARNING] STATE: DISTRACTED -> NORMAL
2026-05-21 12:46:41,397 [WARNING] STATE: NORMAL -> DISTRACTED
2026-05-21 12:46:41,439 [WARNING] STATE: DISTRACTED -> NORMAL
2026-05-21 12:46:41,636 [WARNING] STATE: NORMAL -> DISTRACTED
2026-05-21 12:46:41,986 [WARNING] STATE: DISTRACTED -> NORMAL
2026-05-21 12:46:42,366 [WARNING] STATE: NORMAL -> DISTRACTED
2026-05-21 12:46:42,411 [WARNING] STATE: DISTRACTED -> NORMAL
2026-05-21 12:46:44,222 [WARNING] STATE: NORMAL -> DISTRACTED
2026-05-21 12:46:44,871 [INFO] Stopping ADAMS
2026-05-21 12:48:41,537 [INFO] Starting ADAMS v3
2026-05-21 12:48:41,539 [WARNING] GPIO unavailable – simulation mode
2026-05-21 12:48:42,144 [INFO] Firebase connected
2026-05-21 12:48:48,235 [WARNING] STATE: NORMAL -> DISTRACTED
2026-05-21 12:48:48,911 [WARNING] STATE: DISTRACTED -> NORMAL
2026-05-21 12:48:48,960 [WARNING] STATE: NORMAL -> DISTRACTED
2026-05-21 12:48:48,994 [WARNING] STATE: DISTRACTED -> NORMAL
2026-05-21 12:48:49,069 [WARNING] STATE: NORMAL -> DISTRACTED
2026-05-21 12:48:49,747 [WARNING] STATE: DISTRACTED -> NORMAL
2026-05-21 12:48:51,066 [WARNING] STATE: NORMAL -> DISTRACTED
2026-05-21 12:48:51,083 [WARNING] STATE: DISTRACTED -> NORMAL
2026-05-21 12:48:51,411 [ERROR] Firebase sync failed: Unauthorized request.
2026-05-21 12:48:51,412 [INFO] Retrying in 4s
2026-05-21 12:48:51,802 [WARNING] STATE: NORMAL -> DIZZY
2026-05-21 12:48:52,733 [WARNING] STATE: DIZZY -> NORMAL
2026-05-21 12:48:54,123 [WARNING] STATE: NORMAL -> DISTRACTED
2026-05-21 12:48:54,250 [WARNING] STATE: DISTRACTED -> DIZZY
2026-05-21 12:48:55,453 [WARNING] STATE: DIZZY -> NORMAL
2026-05-21 12:48:56,294 [ERROR] Firebase sync failed: Unauthorized request.
2026-05-21 12:48:56,294 [INFO] Retrying in 8s
2026-05-21 12:48:58,890 [WARNING] STATE: NORMAL -> DISTRACTED
2026-05-21 12:48:59,226 [INFO] Stopping ADAMS
2026-05-21 12:49:34,466 [INFO] Starting ADAMS v3
2026-05-21 12:49:34,467 [WARNING] GPIO unavailable – simulation mode
2026-05-21 12:49:34,856 [INFO] Firebase connected
2026-05-21 12:49:42,526 [ERROR] Firebase sync failed: Unauthorized request.
2026-05-21 12:49:42,528 [INFO] Retrying in 4s
2026-05-21 12:49:43,733 [WARNING] STATE: NORMAL -> DISTRACTED
2026-05-21 12:49:44,065 [WARNING] STATE: DISTRACTED -> DIZZY
2026-05-21 12:49:45,314 [WARNING] STATE: DIZZY -> NORMAL
2026-05-21 12:49:46,791 [WARNING] STATE: NORMAL -> DISTRACTED
2026-05-21 12:49:46,838 [WARNING] STATE: DISTRACTED -> NORMAL
2026-05-21 12:49:46,867 [WARNING] STATE: NORMAL -> DISTRACTED
2026-05-21 12:49:46,901 [WARNING] STATE: DISTRACTED -> NORMAL
2026-05-21 12:49:47,058 [WARNING] STATE: NORMAL -> DROWSY
2026-05-21 12:49:47,379 [ERROR] Firebase sync failed: Unauthorized request.
2026-05-21 12:49:47,380 [INFO] Retrying in 8s
2026-05-21 12:49:48,425 [WARNING] STATE: DROWSY -> NORMAL
2026-05-21 12:49:48,884 [WARNING] STATE: NORMAL -> DISTRACTED
2026-05-21 12:49:49,014 [WARNING] STATE: DISTRACTED -> NORMAL
2026-05-21 12:49:49,032 [WARNING] STATE: NORMAL -> DISTRACTED
2026-05-21 12:49:49,078 [WARNING] STATE: DISTRACTED -> NORMAL
2026-05-21 12:49:49,172 [WARNING] STATE: NORMAL -> DISTRACTED
2026-05-21 12:49:49,299 [WARNING] STATE: DISTRACTED -> NORMAL
2026-05-21 12:49:49,351 [WARNING] STATE: NORMAL -> DISTRACTED
2026-05-21 12:49:50,040 [INFO] Stopping ADAMS
2026-05-21 12:50:40,092 [INFO] Starting ADAMS v3
2026-05-21 12:50:40,092 [WARNING] GPIO unavailable – simulation mode
2026-05-21 12:50:40,452 [INFO] Firebase connected
2026-05-21 12:50:42,231 [WARNING] STATE: NORMAL -> DISTRACTED
2026-05-21 12:50:42,336 [WARNING] STATE: DISTRACTED -> NORMAL
2026-05-21 12:50:44,182 [WARNING] STATE: NORMAL -> DROWSY
2026-05-21 12:50:44,256 [ERROR] Firebase sync failed: Unauthorized request.
2026-05-21 12:50:44,257 [INFO] Retrying in 4s
2026-05-21 12:50:44,585 [WARNING] STATE: DROWSY -> DIZZY
2026-05-21 12:50:45,047 [WARNING] STATE: DIZZY -> DROWSY
2026-05-21 12:50:49,330 [ERROR] Firebase sync failed: Unauthorized request.
2026-05-21 12:50:49,332 [INFO] Retrying in 8s
2026-05-21 12:50:52,117 [WARNING] STATE: DROWSY -> NORMAL
2026-05-21 12:50:53,708 [WARNING] STATE: NORMAL -> DROWSY
2026-05-21 12:50:55,278 [WARNING] STATE: DROWSY -> NORMAL
2026-05-21 12:50:56,267 [WARNING] STATE: NORMAL -> DISTRACTED
2026-05-21 12:50:56,538 [WARNING] STATE: DISTRACTED -> NORMAL
2026-05-21 12:50:56,605 [WARNING] STATE: NORMAL -> DISTRACTED
2026-05-21 12:50:56,672 [WARNING] STATE: DISTRACTED -> NORMAL
2026-05-21 12:50:56,885 [INFO] Stopping ADAMS
2026-05-21 12:52:15,613 [INFO] Starting ADAMS v3
2026-05-21 12:52:15,613 [WARNING] GPIO unavailable – simulation mode
2026-05-21 12:52:15,945 [INFO] Firebase connected
2026-05-21 12:52:18,298 [WARNING] STATE: NORMAL -> DISTRACTED
2026-05-21 12:52:18,326 [WARNING] STATE: DISTRACTED -> NORMAL
2026-05-21 12:52:18,411 [WARNING] STATE: NORMAL -> DISTRACTED
2026-05-21 12:52:18,728 [WARNING] STATE: DISTRACTED -> NORMAL
2026-05-21 12:52:18,811 [WARNING] STATE: NORMAL -> DISTRACTED
2026-05-21 12:52:19,387 [WARNING] STATE: DISTRACTED -> DIZZY
2026-05-21 12:52:19,866 [WARNING] STATE: DIZZY -> DISTRACTED
2026-05-21 12:52:20,720 [WARNING] STATE: DISTRACTED -> DROWSY
2026-05-21 12:52:21,048 [WARNING] STATE: DROWSY -> DISTRACTED
2026-05-21 12:52:21,174 [WARNING] STATE: DISTRACTED -> DIZZY
2026-05-21 12:52:21,777 [ERROR] Firebase sync failed: Unauthorized request.
2026-05-21 12:52:21,778 [INFO] Retrying in 4s
2026-05-21 12:52:21,893 [WARNING] STATE: DIZZY -> DISTRACTED
2026-05-21 12:52:22,248 [WARNING] STATE: DISTRACTED -> NORMAL
2026-05-21 12:52:26,638 [ERROR] Firebase sync failed: Unauthorized request.
2026-05-21 12:52:26,638 [INFO] Retrying in 8s
2026-05-21 12:52:35,556 [ERROR] Firebase sync failed: Unauthorized request.
2026-05-21 12:52:35,556 [INFO] Retrying in 16s
2026-05-21 12:52:36,644 [INFO] Stopping ADAMS
2026-05-21 13:00:52,293 [INFO] Starting ADAMS v3
2026-05-21 13:00:52,294 [WARNING] GPIO unavailable – simulation mode
2026-05-21 13:00:52,830 [INFO] Firebase connected
2026-05-21 13:00:57,271 [WARNING] STATE: NORMAL -> DISTRACTED
2026-05-21 13:00:59,500 [WARNING] STATE: DISTRACTED -> NORMAL
2026-05-21 13:00:59,598 [WARNING] STATE: NORMAL -> DISTRACTED
2026-05-21 13:00:59,640 [WARNING] STATE: DISTRACTED -> NORMAL
2026-05-21 13:01:02,388 [WARNING] STATE: NORMAL -> DISTRACTED
2026-05-21 13:01:02,463 [WARNING] STATE: DISTRACTED -> DIZZY
2026-05-21 13:01:04,180 [WARNING] STATE: DIZZY -> DISTRACTED
2026-05-21 13:01:04,318 [WARNING] STATE: DISTRACTED -> DIZZY
2026-05-21 13:01:05,859 [WARNING] STATE: DIZZY -> DISTRACTED
2026-05-21 13:01:08,351 [WARNING] STATE: DISTRACTED -> NORMAL
2026-05-21 13:01:08,468 [WARNING] STATE: NORMAL -> DISTRACTED
2026-05-21 13:01:08,543 [WARNING] STATE: DISTRACTED -> NORMAL
2026-05-21 13:01:09,003 [WARNING] STATE: NORMAL -> DISTRACTED
2026-05-21 13:01:09,042 [WARNING] STATE: DISTRACTED -> NORMAL
2026-05-21 13:01:09,169 [WARNING] STATE: NORMAL -> DISTRACTED
2026-05-21 13:01:11,385 [WARNING] STATE: DISTRACTED -> NORMAL
2026-05-21 13:01:11,428 [WARNING] STATE: NORMAL -> DISTRACTED
2026-05-21 13:01:11,538 [WARNING] STATE: DISTRACTED -> NORMAL
2026-05-21 13:01:12,240 [WARNING] STATE: NORMAL -> DISTRACTED
2026-05-21 13:01:12,289 [WARNING] STATE: DISTRACTED -> NORMAL
2026-05-21 13:01:12,785 [WARNING] STATE: NORMAL -> DISTRACTED
2026-05-21 13:01:12,928 [WARNING] STATE: DISTRACTED -> NORMAL
2026-05-21 13:01:13,129 [WARNING] STATE: NORMAL -> DISTRACTED
2026-05-21 13:01:13,213 [WARNING] STATE: DISTRACTED -> NORMAL
2026-05-21 13:01:13,263 [WARNING] STATE: NORMAL -> DISTRACTED
2026-05-21 13:01:13,578 [WARNING] STATE: DISTRACTED -> NORMAL
2026-05-21 13:01:13,991 [WARNING] STATE: NORMAL -> DISTRACTED
2026-05-21 13:01:14,112 [WARNING] STATE: DISTRACTED -> NORMAL
2026-05-21 13:01:14,161 [WARNING] STATE: NORMAL -> DISTRACTED
2026-05-21 13:01:14,421 [WARNING] STATE: DISTRACTED -> NORMAL
2026-05-21 13:01:14,508 [WARNING] STATE: NORMAL -> DISTRACTED
2026-05-21 13:01:15,179 [WARNING] STATE: DISTRACTED -> NORMAL
2026-05-21 13:01:15,228 [WARNING] STATE: NORMAL -> DISTRACTED
2026-05-21 13:01:15,455 [WARNING] STATE: DISTRACTED -> NORMAL
2026-05-21 13:01:15,551 [WARNING] STATE: NORMAL -> DISTRACTED
2026-05-21 13:01:16,538 [WARNING] STATE: DISTRACTED -> NORMAL
2026-05-21 13:01:19,085 [WARNING] STATE: NORMAL -> DISTRACTED
2026-05-21 13:01:19,189 [WARNING] STATE: DISTRACTED -> NORMAL
2026-05-21 13:01:19,821 [WARNING] STATE: NORMAL -> DISTRACTED
2026-05-21 13:01:21,223 [WARNING] STATE: DISTRACTED -> NORMAL
2026-05-21 13:01:25,307 [WARNING] STATE: NORMAL -> DISTRACTED
2026-05-21 13:01:25,375 [WARNING] STATE: DISTRACTED -> DIZZY
2026-05-21 13:01:26,229 [WARNING] STATE: DIZZY -> DISTRACTED
2026-05-21 13:01:36,007 [WARNING] STATE: DISTRACTED -> DIZZY
2026-05-21 13:01:37,059 [WARNING] STATE: DIZZY -> NORMAL
2026-05-21 13:01:37,596 [WARNING] STATE: NORMAL -> DISTRACTED
2026-05-21 13:01:37,622 [WARNING] STATE: DISTRACTED -> DIZZY
2026-05-21 13:01:38,215 [WARNING] STATE: DIZZY -> DISTRACTED
2026-05-21 13:01:38,450 [WARNING] STATE: DISTRACTED -> DIZZY
2026-05-21 13:01:40,635 [WARNING] STATE: DIZZY -> DISTRACTED
2026-05-21 13:01:40,911 [WARNING] STATE: DISTRACTED -> NORMAL
2026-05-21 13:01:40,945 [WARNING] STATE: NORMAL -> DISTRACTED
2026-05-21 13:01:40,986 [WARNING] STATE: DISTRACTED -> NORMAL
2026-05-21 13:01:41,051 [WARNING] STATE: NORMAL -> DISTRACTED
2026-05-21 13:01:41,190 [WARNING] STATE: DISTRACTED -> DIZZY
2026-05-21 13:01:41,733 [WARNING] STATE: DIZZY -> NORMAL
2026-05-21 13:01:42,132 [WARNING] STATE: NORMAL -> DISTRACTED
2026-05-21 13:01:42,173 [WARNING] STATE: DISTRACTED -> DIZZY
2026-05-21 13:01:42,343 [WARNING] STATE: DIZZY -> DISTRACTED
2026-05-21 13:01:42,825 [WARNING] STATE: DISTRACTED -> NORMAL
2026-05-21 13:01:42,862 [WARNING] STATE: NORMAL -> DISTRACTED
2026-05-21 13:01:42,904 [WARNING] STATE: DISTRACTED -> NORMAL
2026-05-21 13:01:43,994 [WARNING] STATE: NORMAL -> DISTRACTED
2026-05-21 13:01:44,141 [WARNING] STATE: DISTRACTED -> NORMAL
2026-05-21 13:01:44,319 [WARNING] STATE: NORMAL -> DIZZY
2026-05-21 13:01:44,973 [WARNING] STATE: DIZZY -> DISTRACTED
2026-05-21 13:01:45,900 [WARNING] STATE: DISTRACTED -> NORMAL
2026-05-21 13:01:46,123 [WARNING] STATE: NORMAL -> DISTRACTED
2026-05-21 13:01:46,382 [WARNING] STATE: DISTRACTED -> NORMAL
2026-05-21 13:01:51,858 [WARNING] STATE: NORMAL -> DISTRACTED
2026-05-21 13:01:51,954 [WARNING] STATE: DISTRACTED -> DIZZY
2026-05-21 13:01:52,985 [WARNING] STATE: DIZZY -> DISTRACTED
2026-05-21 13:01:53,067 [WARNING] STATE: DISTRACTED -> NORMAL
2026-05-21 13:01:56,675 [WARNING] STATE: NORMAL -> DISTRACTED
2026-05-21 13:01:56,773 [WARNING] STATE: DISTRACTED -> NORMAL
2026-05-21 13:01:56,816 [WARNING] STATE: NORMAL -> DISTRACTED
2026-05-21 13:01:57,305 [WARNING] STATE: DISTRACTED -> NORMAL
2026-05-21 13:01:58,335 [WARNING] STATE: NORMAL -> DIZZY
2026-05-21 13:01:59,619 [WARNING] STATE: DIZZY -> DISTRACTED
2026-05-21 13:01:59,819 [WARNING] STATE: DISTRACTED -> NORMAL
2026-05-21 13:01:59,912 [WARNING] STATE: NORMAL -> DISTRACTED
2026-05-21 13:02:00,957 [WARNING] STATE: DISTRACTED -> NORMAL
2026-05-21 13:02:01,981 [WARNING] STATE: NORMAL -> DISTRACTED
2026-05-21 13:02:02,030 [WARNING] STATE: DISTRACTED -> NORMAL
2026-05-21 13:02:02,083 [WARNING] STATE: NORMAL -> DISTRACTED
2026-05-21 13:02:02,167 [WARNING] STATE: DISTRACTED -> NORMAL
2026-05-21 13:02:02,215 [WARNING] STATE: NORMAL -> DISTRACTED
2026-05-21 13:02:02,310 [WARNING] STATE: DISTRACTED -> NORMAL
2026-05-21 13:02:02,499 [WARNING] STATE: NORMAL -> DISTRACTED
2026-05-21 13:02:02,546 [WARNING] STATE: DISTRACTED -> NORMAL
2026-05-21 13:02:02,693 [WARNING] STATE: NORMAL -> DISTRACTED
2026-05-21 13:02:02,888 [WARNING] STATE: DISTRACTED -> NORMAL
2026-05-21 13:02:05,196 [WARNING] STATE: NORMAL -> DIZZY
2026-05-21 13:02:06,831 [WARNING] STATE: DIZZY -> NORMAL
2026-05-21 13:02:07,748 [WARNING] STATE: NORMAL -> DISTRACTED
2026-05-21 13:02:07,788 [WARNING] STATE: DISTRACTED -> DIZZY
2026-05-21 13:02:09,549 [WARNING] STATE: DIZZY -> NORMAL
2026-05-21 13:02:09,734 [WARNING] STATE: NORMAL -> DISTRACTED
2026-05-21 13:02:09,750 [WARNING] STATE: DISTRACTED -> NORMAL
2026-05-21 13:02:09,857 [WARNING] STATE: NORMAL -> DISTRACTED
2026-05-21 13:02:10,269 [INFO] Stopping ADAMS
2026-05-21 13:07:46,268 [INFO] Starting ADAMS v3
2026-05-21 13:07:46,268 [WARNING] GPIO unavailable – simulation mode
2026-05-21 13:07:46,742 [INFO] Firebase connected
2026-05-21 13:07:49,845 [WARNING] STATE: NORMAL -> DISTRACTED
2026-05-21 13:07:50,076 [WARNING] STATE: DISTRACTED -> NORMAL
2026-05-21 13:07:50,115 [WARNING] STATE: NORMAL -> DISTRACTED
2026-05-21 13:07:50,893 [WARNING] STATE: DISTRACTED -> NORMAL
2026-05-21 13:07:50,924 [WARNING] STATE: NORMAL -> DISTRACTED
2026-05-21 13:07:50,987 [WARNING] STATE: DISTRACTED -> NORMAL
2026-05-21 13:07:51,300 [WARNING] STATE: NORMAL -> DISTRACTED
2026-05-21 13:07:51,357 [WARNING] STATE: DISTRACTED -> DIZZY
2026-05-21 13:07:52,097 [WARNING] STATE: DIZZY -> DISTRACTED
2026-05-21 13:07:54,600 [WARNING] STATE: DISTRACTED -> DIZZY
2026-05-21 13:07:55,327 [WARNING] STATE: DIZZY -> NORMAL
2026-05-21 13:07:55,584 [WARNING] STATE: NORMAL -> DISTRACTED
2026-05-21 13:07:56,714 [WARNING] STATE: DISTRACTED -> NORMAL
2026-05-21 13:07:56,736 [WARNING] STATE: NORMAL -> DISTRACTED
2026-05-21 13:07:56,845 [WARNING] STATE: DISTRACTED -> NORMAL
2026-05-21 13:07:57,104 [WARNING] STATE: NORMAL -> DIZZY
2026-05-21 13:07:57,915 [WARNING] STATE: DIZZY -> DISTRACTED
2026-05-21 13:07:59,745 [WARNING] STATE: DISTRACTED -> DIZZY
2026-05-21 13:08:00,538 [WARNING] STATE: DIZZY -> DISTRACTED
2026-05-21 13:08:03,061 [WARNING] STATE: DISTRACTED -> NORMAL
2026-05-21 13:08:03,096 [WARNING] STATE: NORMAL -> DISTRACTED
2026-05-21 13:08:03,275 [WARNING] STATE: DISTRACTED -> NORMAL
2026-05-21 13:08:03,554 [WARNING] STATE: NORMAL -> DISTRACTED
2026-05-21 13:08:03,586 [WARNING] STATE: DISTRACTED -> NORMAL
2026-05-21 13:08:03,623 [WARNING] STATE: NORMAL -> DISTRACTED
2026-05-21 13:08:04,180 [WARNING] STATE: DISTRACTED -> NORMAL
2026-05-21 13:08:04,216 [WARNING] STATE: NORMAL -> DISTRACTED
2026-05-21 13:08:04,254 [WARNING] STATE: DISTRACTED -> NORMAL
2026-05-21 13:08:04,901 [WARNING] STATE: NORMAL -> DISTRACTED
2026-05-21 13:08:05,780 [WARNING] STATE: DISTRACTED -> NORMAL
2026-05-21 13:08:13,920 [WARNING] STATE: NORMAL -> DISTRACTED
2026-05-21 13:08:14,466 [WARNING] STATE: DISTRACTED -> NORMAL
2026-05-21 13:08:14,618 [WARNING] STATE: NORMAL -> DISTRACTED
2026-05-21 13:08:14,651 [WARNING] STATE: DISTRACTED -> NORMAL
2026-05-21 13:08:14,695 [WARNING] STATE: NORMAL -> DISTRACTED
2026-05-21 13:08:14,732 [WARNING] STATE: DISTRACTED -> NORMAL
2026-05-21 13:08:15,007 [WARNING] STATE: NORMAL -> DISTRACTED
2026-05-21 13:08:15,039 [WARNING] STATE: DISTRACTED -> NORMAL
2026-05-21 13:08:15,118 [WARNING] STATE: NORMAL -> DISTRACTED
2026-05-21 13:08:15,151 [WARNING] STATE: DISTRACTED -> NORMAL
2026-05-21 13:08:15,217 [WARNING] STATE: NORMAL -> DISTRACTED
2026-05-21 13:08:15,274 [WARNING] STATE: DISTRACTED -> NORMAL
2026-05-21 13:08:15,349 [WARNING] STATE: NORMAL -> DISTRACTED
2026-05-21 13:08:15,383 [WARNING] STATE: DISTRACTED -> NORMAL
2026-05-21 13:08:15,412 [WARNING] STATE: NORMAL -> DISTRACTED
2026-05-21 13:08:15,488 [WARNING] STATE: DISTRACTED -> NORMAL
2026-05-21 13:08:16,130 [WARNING] STATE: NORMAL -> DISTRACTED
2026-05-21 13:08:19,056 [WARNING] STATE: DISTRACTED -> NORMAL
2026-05-21 13:08:20,020 [WARNING] STATE: NORMAL -> DISTRACTED
2026-05-21 13:08:20,385 [WARNING] STATE: DISTRACTED -> NORMAL
2026-05-21 13:08:21,652 [WARNING] STATE: NORMAL -> DISTRACTED
2026-05-21 13:08:26,589 [WARNING] STATE: DISTRACTED -> NORMAL
2026-05-21 13:08:28,277 [WARNING] STATE: NORMAL -> DISTRACTED
2026-05-21 13:08:47,299 [WARNING] STATE: DISTRACTED -> NORMAL
2026-05-21 13:08:47,398 [WARNING] STATE: NORMAL -> DISTRACTED
2026-05-21 13:08:48,087 [WARNING] STATE: DISTRACTED -> NORMAL
2026-05-21 13:08:48,127 [WARNING] STATE: NORMAL -> DISTRACTED
2026-05-21 13:08:48,173 [WARNING] STATE: DISTRACTED -> NORMAL
2026-05-21 13:08:48,296 [WARNING] STATE: NORMAL -> DIZZY
2026-05-21 13:08:49,104 [WARNING] STATE: DIZZY -> DISTRACTED
2026-05-21 13:08:49,225 [WARNING] STATE: DISTRACTED -> DIZZY
2026-05-21 13:08:50,347 [WARNING] STATE: DIZZY -> DISTRACTED
2026-05-21 13:08:52,620 [WARNING] STATE: DISTRACTED -> NORMAL
2026-05-21 13:08:54,945 [WARNING] STATE: NORMAL -> DISTRACTED
2026-05-21 13:08:56,218 [WARNING] STATE: DISTRACTED -> DIZZY
2026-05-21 13:08:56,266 [WARNING] STATE: DIZZY -> DISTRACTED
2026-05-21 13:08:56,307 [WARNING] STATE: DISTRACTED -> DIZZY
2026-05-21 13:08:56,587 [WARNING] STATE: DIZZY -> DISTRACTED
2026-05-21 13:09:00,707 [WARNING] STATE: DISTRACTED -> NORMAL
2026-05-21 13:09:00,795 [WARNING] STATE: NORMAL -> DISTRACTED
2026-05-21 13:09:01,222 [WARNING] STATE: DISTRACTED -> NORMAL
2026-05-21 13:09:01,729 [WARNING] STATE: NORMAL -> DISTRACTED
2026-05-21 13:09:01,775 [WARNING] STATE: DISTRACTED -> NORMAL
2026-05-21 13:09:01,904 [WARNING] STATE: NORMAL -> DISTRACTED
2026-05-21 13:09:01,954 [WARNING] STATE: DISTRACTED -> NORMAL
2026-05-21 13:09:01,987 [WARNING] STATE: NORMAL -> DISTRACTED
2026-05-21 13:09:02,025 [WARNING] STATE: DISTRACTED -> NORMAL
2026-05-21 13:09:02,070 [WARNING] STATE: NORMAL -> DISTRACTED
2026-05-21 13:09:02,127 [WARNING] STATE: DISTRACTED -> NORMAL
2026-05-21 13:09:02,196 [WARNING] STATE: NORMAL -> DISTRACTED
2026-05-21 13:09:02,245 [WARNING] STATE: DISTRACTED -> NORMAL
2026-05-21 13:09:02,340 [WARNING] STATE: NORMAL -> DISTRACTED
2026-05-21 13:09:02,377 [WARNING] STATE: DISTRACTED -> NORMAL
2026-05-21 13:09:02,437 [WARNING] STATE: NORMAL -> DISTRACTED
2026-05-21 13:09:02,492 [WARNING] STATE: DISTRACTED -> NORMAL
2026-05-21 13:09:02,518 [WARNING] STATE: NORMAL -> DISTRACTED
2026-05-21 13:09:20,504 [WARNING] STATE: DISTRACTED -> NORMAL
2026-05-21 13:09:20,595 [WARNING] STATE: NORMAL -> DISTRACTED
2026-05-21 13:09:20,755 [WARNING] STATE: DISTRACTED -> NORMAL
2026-05-21 13:09:20,818 [WARNING] STATE: NORMAL -> DISTRACTED
2026-05-21 13:09:21,525 [WARNING] STATE: DISTRACTED -> NORMAL
2026-05-21 13:09:21,953 [WARNING] STATE: NORMAL -> DIZZY
2026-05-21 13:09:23,585 [WARNING] STATE: DIZZY -> NORMAL
2026-05-21 13:09:25,270 [WARNING] STATE: NORMAL -> DISTRACTED
2026-05-21 13:09:25,404 [WARNING] STATE: DISTRACTED -> DIZZY
2026-05-21 13:09:26,085 [WARNING] STATE: DIZZY -> DISTRACTED
2026-05-21 13:09:28,639 [WARNING] STATE: DISTRACTED -> NORMAL
2026-05-21 13:09:28,946 [WARNING] STATE: NORMAL -> DISTRACTED
2026-05-21 13:09:29,149 [WARNING] STATE: DISTRACTED -> NORMAL
2026-05-21 13:09:29,180 [WARNING] STATE: NORMAL -> DISTRACTED
2026-05-21 13:09:29,273 [WARNING] STATE: DISTRACTED -> NORMAL
2026-05-21 13:09:30,034 [WARNING] STATE: NORMAL -> DISTRACTED
2026-05-21 13:09:30,939 [WARNING] STATE: DISTRACTED -> NORMAL
2026-05-21 13:09:31,266 [WARNING] STATE: NORMAL -> DIZZY
2026-05-21 13:09:33,238 [WARNING] STATE: DIZZY -> DISTRACTED
2026-05-21 13:09:33,389 [WARNING] STATE: DISTRACTED -> DIZZY
2026-05-21 13:09:33,463 [WARNING] STATE: DIZZY -> DISTRACTED
2026-05-21 13:09:33,888 [WARNING] STATE: DISTRACTED -> DIZZY
2026-05-21 13:09:34,435 [WARNING] STATE: DIZZY -> DISTRACTED
2026-05-21 13:09:36,033 [WARNING] STATE: DISTRACTED -> NORMAL
2026-05-21 13:09:36,066 [WARNING] STATE: NORMAL -> DISTRACTED
2026-05-21 13:09:45,291 [WARNING] STATE: DISTRACTED -> DIZZY
2026-05-21 13:09:46,391 [WARNING] STATE: DIZZY -> NORMAL
2026-05-21 13:09:48,883 [WARNING] STATE: NORMAL -> DISTRACTED
2026-05-21 13:09:48,948 [WARNING] STATE: DISTRACTED -> NORMAL
2026-05-21 13:09:49,015 [WARNING] STATE: NORMAL -> DISTRACTED
2026-05-21 13:09:49,067 [WARNING] STATE: DISTRACTED -> NORMAL
2026-05-21 13:09:49,099 [WARNING] STATE: NORMAL -> DISTRACTED
2026-05-21 13:09:49,133 [WARNING] STATE: DISTRACTED -> NORMAL
2026-05-21 13:09:49,165 [WARNING] STATE: NORMAL -> DISTRACTED
2026-05-21 13:09:49,276 [WARNING] STATE: DISTRACTED -> NORMAL
2026-05-21 13:09:49,446 [WARNING] STATE: NORMAL -> DISTRACTED
2026-05-21 13:09:50,099 [WARNING] STATE: DISTRACTED -> NORMAL
2026-05-21 13:09:50,136 [WARNING] STATE: NORMAL -> DISTRACTED
2026-05-21 13:09:50,400 [WARNING] STATE: DISTRACTED -> DIZZY
2026-05-21 13:09:51,533 [WARNING] STATE: DIZZY -> DISTRACTED
2026-05-21 13:10:25,761 [WARNING] STATE: DISTRACTED -> NORMAL
2026-05-21 13:10:25,879 [WARNING] STATE: NORMAL -> DISTRACTED
2026-05-21 13:10:26,127 [WARNING] STATE: DISTRACTED -> NORMAL
2026-05-21 13:10:26,155 [WARNING] STATE: NORMAL -> DISTRACTED
2026-05-21 13:10:27,383 [WARNING] STATE: DISTRACTED -> NORMAL
2026-05-21 13:10:27,910 [WARNING] STATE: NORMAL -> DISTRACTED
2026-05-21 13:10:29,986 [WARNING] STATE: DISTRACTED -> NORMAL
2026-05-21 13:10:30,085 [WARNING] STATE: NORMAL -> DISTRACTED
2026-05-21 13:10:30,119 [WARNING] STATE: DISTRACTED -> DIZZY
2026-05-21 13:10:31,153 [WARNING] STATE: DIZZY -> DISTRACTED
2026-05-21 13:10:31,604 [WARNING] STATE: DISTRACTED -> DIZZY
2026-05-21 13:10:32,374 [WARNING] STATE: DIZZY -> DISTRACTED
2026-05-21 13:10:32,493 [WARNING] STATE: DISTRACTED -> DIZZY
2026-05-21 13:10:32,587 [WARNING] STATE: DIZZY -> DISTRACTED
2026-05-21 13:10:32,763 [WARNING] STATE: DISTRACTED -> DIZZY
2026-05-21 13:10:33,439 [WARNING] STATE: DIZZY -> NORMAL
2026-05-21 13:10:33,580 [WARNING] STATE: NORMAL -> DISTRACTED
2026-05-21 13:10:33,622 [WARNING] STATE: DISTRACTED -> DIZZY
2026-05-21 13:10:34,838 [WARNING] STATE: DIZZY -> NORMAL
2026-05-21 13:10:35,063 [WARNING] STATE: NORMAL -> DISTRACTED
2026-05-21 13:10:35,131 [WARNING] STATE: DISTRACTED -> NORMAL
2026-05-21 13:10:35,299 [WARNING] STATE: NORMAL -> DISTRACTED
2026-05-21 13:10:36,129 [WARNING] STATE: DISTRACTED -> NORMAL
2026-05-21 13:10:36,164 [WARNING] STATE: NORMAL -> DISTRACTED
2026-05-21 13:10:36,221 [WARNING] STATE: DISTRACTED -> NORMAL
2026-05-21 13:10:36,484 [WARNING] STATE: NORMAL -> DIZZY
2026-05-21 13:10:36,611 [WARNING] STATE: DIZZY -> NORMAL
2026-05-21 13:10:36,650 [WARNING] STATE: NORMAL -> DIZZY
2026-05-21 13:10:36,927 [WARNING] STATE: DIZZY -> NORMAL
2026-05-21 13:10:48,252 [WARNING] STATE: NORMAL -> DIZZY
2026-05-21 13:10:50,412 [WARNING] STATE: DIZZY -> NORMAL
2026-05-21 13:10:52,743 [WARNING] STATE: NORMAL -> DIZZY
2026-05-21 13:10:53,542 [WARNING] STATE: DIZZY -> DISTRACTED
2026-05-21 13:10:53,573 [WARNING] STATE: DISTRACTED -> DIZZY
2026-05-21 13:10:53,766 [WARNING] STATE: DIZZY -> DISTRACTED
2026-05-21 13:10:54,092 [WARNING] STATE: DISTRACTED -> NORMAL
2026-05-21 13:10:54,121 [WARNING] STATE: NORMAL -> DISTRACTED
2026-05-21 13:10:54,152 [WARNING] STATE: DISTRACTED -> DIZZY
2026-05-21 13:10:54,891 [WARNING] STATE: DIZZY -> DISTRACTED
2026-05-21 13:10:54,962 [INFO] Stopping ADAMS
2026-05-21 13:14:32,880 [INFO] Starting ADAMS v3
2026-05-21 13:14:32,881 [WARNING] GPIO unavailable – simulation mode
2026-05-21 13:14:34,194 [INFO] Firebase connected
2026-05-21 13:14:38,119 [WARNING] STATE: NORMAL -> DIZZY
2026-05-21 13:16:16,728 [WARNING] STATE: DIZZY -> DROWSY
2026-05-21 13:24:00,471 [INFO] Stopping ADAMS
2026-05-21 13:24:12,620 [INFO] Starting ADAMS v3
2026-05-21 13:24:12,621 [WARNING] GPIO unavailable – simulation mode
2026-05-21 13:24:13,262 [INFO] Firebase connected
2026-05-21 13:24:15,669 [WARNING] STATE: NORMAL -> DISTRACTED
2026-05-21 13:24:16,337 [WARNING] STATE: DISTRACTED -> NORMAL
2026-05-21 13:24:16,477 [WARNING] STATE: NORMAL -> DISTRACTED
2026-05-21 13:24:16,735 [WARNING] STATE: DISTRACTED -> NORMAL
2026-05-21 13:24:16,861 [WARNING] STATE: NORMAL -> DIZZY
2026-05-21 13:24:17,041 [WARNING] STATE: DIZZY -> NORMAL
2026-05-21 13:24:17,803 [WARNING] STATE: NORMAL -> DISTRACTED
2026-05-21 13:24:18,020 [INFO] Stopping ADAMS
2026-05-21 14:11:12,680 [INFO] Starting ADAMS v3
2026-05-21 14:11:12,681 [WARNING] GPIO unavailable – simulation mode
2026-05-21 14:11:13,643 [INFO] Firebase connected
2026-05-21 14:11:16,173 [WARNING] STATE: NORMAL -> DISTRACTED
2026-05-21 14:11:16,243 [WARNING] STATE: DISTRACTED -> DIZZY
2026-05-21 14:11:16,924 [WARNING] STATE: DIZZY -> NORMAL
2026-05-21 14:11:20,214 [WARNING] STATE: NORMAL -> DISTRACTED
2026-05-21 14:11:22,600 [WARNING] STATE: DISTRACTED -> NORMAL
2026-05-21 14:11:22,676 [WARNING] STATE: NORMAL -> DIZZY
2026-05-21 14:11:23,189 [WARNING] STATE: DIZZY -> NORMAL
2026-05-21 14:11:26,248 [WARNING] STATE: NORMAL -> DISTRACTED
2026-05-21 14:11:26,293 [WARNING] STATE: DISTRACTED -> NORMAL
2026-05-21 14:11:27,240 [WARNING] STATE: NORMAL -> DROWSY
2026-05-21 14:11:27,346 [WARNING] STATE: DROWSY -> DISTRACTED
2026-05-21 14:11:27,566 [WARNING] STATE: DISTRACTED -> DROWSY
2026-05-21 14:11:27,605 [WARNING] STATE: DROWSY -> DISTRACTED
2026-05-21 14:11:27,747 [WARNING] STATE: DISTRACTED -> DROWSY
2026-05-21 14:11:27,846 [WARNING] STATE: DROWSY -> DISTRACTED
2026-05-21 14:11:27,890 [WARNING] STATE: DISTRACTED -> DROWSY
2026-05-21 14:11:28,004 [WARNING] STATE: DROWSY -> DISTRACTED
2026-05-21 14:11:28,067 [WARNING] STATE: DISTRACTED -> DROWSY
2026-05-21 14:11:28,148 [WARNING] STATE: DROWSY -> DISTRACTED
2026-05-21 14:11:28,213 [WARNING] STATE: DISTRACTED -> DROWSY
2026-05-21 14:11:29,007 [WARNING] STATE: DROWSY -> DISTRACTED
2026-05-21 14:11:29,127 [WARNING] STATE: DISTRACTED -> DROWSY
2026-05-21 14:11:29,207 [WARNING] STATE: DROWSY -> DISTRACTED
2026-05-21 14:11:29,475 [WARNING] STATE: DISTRACTED -> DROWSY
2026-05-21 14:11:29,861 [WARNING] STATE: DROWSY -> NORMAL
2026-05-21 14:11:29,954 [WARNING] STATE: NORMAL -> DISTRACTED
2026-05-21 14:11:29,989 [WARNING] STATE: DISTRACTED -> NORMAL
2026-05-21 14:11:30,003 [WARNING] STATE: NORMAL -> DISTRACTED
2026-05-21 14:11:30,052 [WARNING] STATE: DISTRACTED -> NORMAL
2026-05-21 14:11:30,119 [WARNING] STATE: NORMAL -> DISTRACTED
2026-05-21 14:11:30,133 [WARNING] STATE: DISTRACTED -> NORMAL
2026-05-21 14:11:30,204 [WARNING] STATE: NORMAL -> DISTRACTED
2026-05-21 14:11:31,845 [INFO] Stopping ADAMS
2026-05-21 14:12:35,624 [INFO] Starting ADAMS v3
2026-05-21 14:12:35,625 [WARNING] GPIO unavailable – simulation mode
2026-05-21 14:12:36,164 [INFO] Firebase connected
2026-05-21 14:12:39,523 [WARNING] STATE: NORMAL -> DIZZY
2026-05-21 14:12:40,915 [WARNING] STATE: DIZZY -> NORMAL
2026-05-21 14:12:41,451 [WARNING] STATE: NORMAL -> DIZZY
2026-05-21 14:12:42,099 [WARNING] STATE: DIZZY -> DISTRACTED
2026-05-21 14:12:43,439 [WARNING] STATE: DISTRACTED -> NORMAL
2026-05-21 14:12:44,017 [WARNING] STATE: NORMAL -> DISTRACTED
2026-05-21 14:12:44,033 [WARNING] STATE: DISTRACTED -> NORMAL
2026-05-21 14:12:44,080 [WARNING] STATE: NORMAL -> DISTRACTED
2026-05-21 14:12:44,482 [WARNING] STATE: DISTRACTED -> NORMAL
2026-05-21 14:12:44,497 [WARNING] STATE: NORMAL -> DISTRACTED
2026-05-21 14:12:44,544 [WARNING] STATE: DISTRACTED -> DIZZY
2026-05-21 14:12:44,674 [WARNING] STATE: DIZZY -> NORMAL
2026-05-21 14:12:45,265 [WARNING] STATE: NORMAL -> DISTRACTED
2026-05-21 14:12:45,536 [WARNING] STATE: DISTRACTED -> NORMAL
2026-05-21 14:12:45,666 [WARNING] STATE: NORMAL -> DISTRACTED
2026-05-21 14:12:45,682 [WARNING] STATE: DISTRACTED -> NORMAL
2026-05-21 14:12:47,987 [WARNING] STATE: NORMAL -> DISTRACTED
2026-05-21 14:12:48,055 [WARNING] STATE: DISTRACTED -> NORMAL
2026-05-21 14:12:51,544 [WARNING] STATE: NORMAL -> DISTRACTED
2026-05-21 14:12:51,810 [WARNING] STATE: DISTRACTED -> NORMAL
2026-05-21 14:12:52,066 [WARNING] STATE: NORMAL -> DISTRACTED
2026-05-21 14:12:52,082 [WARNING] STATE: DISTRACTED -> NORMAL
2026-05-21 14:12:52,271 [WARNING] STATE: NORMAL -> DISTRACTED
2026-05-21 14:12:52,293 [WARNING] STATE: DISTRACTED -> NORMAL
2026-05-21 14:12:52,400 [WARNING] STATE: NORMAL -> DISTRACTED
2026-05-21 14:12:52,410 [WARNING] STATE: DISTRACTED -> NORMAL
2026-05-21 14:12:52,464 [WARNING] STATE: NORMAL -> DISTRACTED
2026-05-21 14:12:52,473 [WARNING] STATE: DISTRACTED -> NORMAL
2026-05-21 14:12:52,738 [WARNING] STATE: NORMAL -> DISTRACTED
2026-05-21 14:12:52,803 [WARNING] STATE: DISTRACTED -> NORMAL
2026-05-21 14:12:52,814 [WARNING] STATE: NORMAL -> DISTRACTED
2026-05-21 14:12:52,827 [WARNING] STATE: DISTRACTED -> NORMAL
2026-05-21 14:12:53,391 [WARNING] STATE: NORMAL -> DISTRACTED
2026-05-21 14:12:53,917 [WARNING] STATE: DISTRACTED -> NORMAL
2026-05-21 14:13:04,738 [WARNING] STATE: NORMAL -> DISTRACTED
2026-05-21 14:13:04,818 [WARNING] STATE: DISTRACTED -> DIZZY
2026-05-21 14:13:05,536 [WARNING] STATE: DIZZY -> DISTRACTED
2026-05-21 14:13:07,984 [WARNING] STATE: DISTRACTED -> DIZZY
2026-05-21 14:13:08,003 [WARNING] STATE: DIZZY -> NORMAL
2026-05-21 14:13:09,427 [WARNING] STATE: NORMAL -> DISTRACTED
2026-05-21 14:13:09,450 [WARNING] STATE: DISTRACTED -> DIZZY
2026-05-21 14:13:09,571 [WARNING] STATE: DIZZY -> NORMAL
2026-05-21 14:13:09,591 [WARNING] STATE: NORMAL -> DISTRACTED
2026-05-21 14:13:09,605 [WARNING] STATE: DISTRACTED -> DIZZY
2026-05-21 14:13:10,883 [WARNING] STATE: DIZZY -> DISTRACTED
2026-05-21 14:13:10,899 [WARNING] STATE: DISTRACTED -> NORMAL
2026-05-21 14:13:10,941 [WARNING] STATE: NORMAL -> DISTRACTED
2026-05-21 14:13:11,085 [WARNING] STATE: DISTRACTED -> NORMAL
2026-05-21 14:13:11,284 [WARNING] STATE: NORMAL -> DIZZY
2026-05-21 14:13:11,938 [WARNING] STATE: DIZZY -> DISTRACTED
2026-05-21 14:13:13,665 [WARNING] STATE: DISTRACTED -> NORMAL
2026-05-21 14:13:14,271 [WARNING] STATE: NORMAL -> DISTRACTED
2026-05-21 14:13:14,457 [WARNING] STATE: DISTRACTED -> NORMAL
2026-05-21 14:13:15,101 [WARNING] STATE: NORMAL -> DISTRACTED
2026-05-21 14:13:15,249 [WARNING] STATE: DISTRACTED -> DIZZY
2026-05-21 14:13:15,970 [WARNING] STATE: DIZZY -> DISTRACTED
2026-05-21 14:13:23,578 [WARNING] STATE: DISTRACTED -> NORMAL
2026-05-21 14:13:23,627 [WARNING] STATE: NORMAL -> DIZZY
2026-05-21 14:13:24,433 [WARNING] STATE: DIZZY -> DISTRACTED
2026-05-21 14:13:24,879 [WARNING] STATE: DISTRACTED -> DIZZY
2026-05-21 14:13:25,740 [WARNING] STATE: DIZZY -> DISTRACTED
2026-05-21 14:13:25,754 [INFO] Stopping ADAMS
2026-05-21 14:34:10,347 [INFO] Starting ADAMS v3
2026-05-21 14:34:10,348 [WARNING] GPIO unavailable – simulation mode
2026-05-21 14:34:11,032 [INFO] Firebase connected
2026-05-21 14:34:14,779 [WARNING] STATE: NORMAL -> DISTRACTED
2026-05-21 14:34:14,890 [WARNING] STATE: DISTRACTED -> DIZZY
2026-05-21 14:34:15,501 [WARNING] STATE: DIZZY -> NORMAL
2026-05-21 14:34:16,067 [WARNING] STATE: NORMAL -> DISTRACTED
2026-05-21 14:34:16,645 [WARNING] STATE: DISTRACTED -> NORMAL
2026-05-21 14:34:17,789 [WARNING] STATE: NORMAL -> DISTRACTED
2026-05-21 14:34:17,827 [WARNING] STATE: DISTRACTED -> NORMAL
2026-05-21 14:34:17,977 [WARNING] STATE: NORMAL -> DISTRACTED
2026-05-21 14:34:18,042 [WARNING] STATE: DISTRACTED -> NORMAL
2026-05-21 14:34:18,229 [WARNING] STATE: NORMAL -> DIZZY
2026-05-21 14:34:19,176 [WARNING] STATE: DIZZY -> DISTRACTED
2026-05-21 14:34:21,333 [WARNING] STATE: DISTRACTED -> DIZZY
2026-05-21 14:34:21,603 [WARNING] STATE: DIZZY -> DISTRACTED
2026-05-21 14:34:36,793 [WARNING] STATE: DISTRACTED -> DIZZY
2026-05-21 14:34:37,517 [WARNING] STATE: DIZZY -> DISTRACTED
2026-05-21 14:34:39,497 [WARNING] STATE: DISTRACTED -> DIZZY
2026-05-21 14:34:41,610 [WARNING] STATE: DIZZY -> NORMAL
2026-05-21 14:34:42,274 [WARNING] STATE: NORMAL -> DISTRACTED
2026-05-21 14:34:42,336 [WARNING] STATE: DISTRACTED -> DIZZY
2026-05-21 14:34:42,418 [WARNING] STATE: DIZZY -> DISTRACTED
2026-05-21 14:34:42,598 [WARNING] STATE: DISTRACTED -> DIZZY
2026-05-21 14:34:42,625 [WARNING] STATE: DIZZY -> DISTRACTED
2026-05-21 14:34:42,741 [WARNING] STATE: DISTRACTED -> DIZZY
2026-05-21 14:34:42,943 [WARNING] STATE: DIZZY -> DISTRACTED
2026-05-21 14:34:43,070 [WARNING] STATE: DISTRACTED -> DIZZY
2026-05-21 14:34:44,457 [WARNING] STATE: DIZZY -> DISTRACTED
2026-05-21 14:34:44,514 [WARNING] STATE: DISTRACTED -> DIZZY
2026-05-21 14:34:46,410 [WARNING] STATE: DIZZY -> DISTRACTED
2026-05-21 14:34:46,549 [WARNING] STATE: DISTRACTED -> DIZZY
2026-05-21 14:34:47,211 [WARNING] STATE: DIZZY -> NORMAL
2026-05-21 14:34:48,946 [WARNING] STATE: NORMAL -> DISTRACTED
2026-05-21 14:34:49,049 [WARNING] STATE: DISTRACTED -> NORMAL
2026-05-21 14:34:49,196 [WARNING] STATE: NORMAL -> DIZZY
2026-05-21 14:34:49,696 [WARNING] STATE: DIZZY -> NORMAL
2026-05-21 14:34:50,831 [WARNING] STATE: NORMAL -> DISTRACTED
2026-05-21 14:34:50,868 [WARNING] STATE: DISTRACTED -> NORMAL
2026-05-21 14:34:55,677 [WARNING] STATE: NORMAL -> DISTRACTED
2026-05-21 14:34:56,987 [WARNING] STATE: DISTRACTED -> DIZZY
2026-05-21 14:34:57,399 [WARNING] STATE: DIZZY -> DISTRACTED
2026-05-21 14:34:58,783 [WARNING] STATE: DISTRACTED -> DIZZY
2026-05-21 14:34:59,935 [WARNING] STATE: DIZZY -> DISTRACTED
2026-05-21 14:35:00,749 [WARNING] STATE: DISTRACTED -> DIZZY
2026-05-21 14:35:02,280 [WARNING] STATE: DIZZY -> NORMAL
2026-05-21 14:35:02,862 [WARNING] STATE: NORMAL -> DISTRACTED
2026-05-21 14:35:02,926 [WARNING] STATE: DISTRACTED -> DIZZY
2026-05-21 14:35:03,985 [WARNING] STATE: DIZZY -> DISTRACTED
2026-05-21 14:35:05,260 [WARNING] STATE: DISTRACTED -> DIZZY
2026-05-21 14:35:06,996 [WARNING] STATE: DIZZY -> DISTRACTED
2026-05-21 14:35:15,147 [WARNING] STATE: DISTRACTED -> DIZZY
2026-05-21 14:35:15,799 [WARNING] STATE: DIZZY -> DISTRACTED
2026-05-21 14:35:18,505 [WARNING] STATE: DISTRACTED -> DIZZY
2026-05-21 14:35:18,710 [WARNING] STATE: DIZZY -> DISTRACTED
2026-05-21 14:35:19,438 [WARNING] STATE: DISTRACTED -> NORMAL
2026-05-21 14:35:19,774 [WARNING] STATE: NORMAL -> DISTRACTED
2026-05-21 14:35:20,362 [WARNING] STATE: DISTRACTED -> NORMAL
2026-05-21 14:35:20,384 [WARNING] STATE: NORMAL -> DISTRACTED
2026-05-21 14:35:20,410 [WARNING] STATE: DISTRACTED -> NORMAL
2026-05-21 14:35:20,887 [WARNING] STATE: NORMAL -> DISTRACTED
2026-05-21 14:35:21,819 [WARNING] STATE: DISTRACTED -> DIZZY
2026-05-21 14:35:22,258 [WARNING] STATE: DIZZY -> DISTRACTED
2026-05-21 14:35:29,824 [WARNING] STATE: DISTRACTED -> DIZZY
2026-05-21 14:35:30,240 [WARNING] STATE: DIZZY -> NORMAL
2026-05-21 14:35:32,591 [WARNING] STATE: NORMAL -> DISTRACTED
2026-05-21 14:35:32,634 [WARNING] STATE: DISTRACTED -> DIZZY
2026-05-21 14:35:32,665 [WARNING] STATE: DIZZY -> NORMAL
2026-05-21 14:35:32,701 [WARNING] STATE: NORMAL -> DISTRACTED
2026-05-21 14:35:32,729 [WARNING] STATE: DISTRACTED -> DIZZY
2026-05-21 14:35:33,453 [WARNING] STATE: DIZZY -> DISTRACTED
2026-05-21 14:35:58,127 [WARNING] STATE: DISTRACTED -> DIZZY
2026-05-21 14:35:58,967 [WARNING] STATE: DIZZY -> DISTRACTED
2026-05-21 14:35:59,049 [WARNING] STATE: DISTRACTED -> NORMAL
2026-05-21 14:35:59,107 [WARNING] STATE: NORMAL -> DISTRACTED
2026-05-21 14:35:59,427 [WARNING] STATE: DISTRACTED -> NORMAL
2026-05-21 14:35:59,445 [WARNING] STATE: NORMAL -> DISTRACTED
2026-05-21 14:36:01,233 [WARNING] STATE: DISTRACTED -> NORMAL
2026-05-21 14:36:02,070 [WARNING] STATE: NORMAL -> DISTRACTED
2026-05-21 14:36:05,411 [WARNING] STATE: DISTRACTED -> NORMAL
2026-05-21 14:36:05,532 [WARNING] STATE: NORMAL -> DISTRACTED
2026-05-21 14:36:07,462 [WARNING] STATE: DISTRACTED -> NORMAL
2026-05-21 14:36:09,627 [WARNING] STATE: NORMAL -> DISTRACTED
2026-05-21 14:36:09,668 [WARNING] STATE: DISTRACTED -> DIZZY
2026-05-21 14:36:15,759 [WARNING] STATE: DIZZY -> DISTRACTED
2026-05-21 14:36:16,470 [WARNING] STATE: DISTRACTED -> DIZZY
2026-05-21 14:36:17,146 [WARNING] STATE: DIZZY -> DISTRACTED
2026-05-21 14:36:17,212 [WARNING] STATE: DISTRACTED -> DIZZY
2026-05-21 14:36:17,741 [WARNING] STATE: DIZZY -> DISTRACTED
2026-05-21 14:36:18,188 [WARNING] STATE: DISTRACTED -> DIZZY
2026-05-21 14:36:19,306 [WARNING] STATE: DIZZY -> DISTRACTED
2026-05-21 14:36:21,886 [WARNING] STATE: DISTRACTED -> DIZZY
2026-05-21 14:36:22,557 [WARNING] STATE: DIZZY -> NORMAL
2026-05-21 14:36:24,922 [WARNING] STATE: NORMAL -> DISTRACTED
2026-05-21 14:36:24,951 [WARNING] STATE: DISTRACTED -> NORMAL
2026-05-21 14:36:24,996 [WARNING] STATE: NORMAL -> DISTRACTED
2026-05-21 14:36:25,085 [WARNING] STATE: DISTRACTED -> DIZZY
2026-05-21 14:36:25,719 [WARNING] STATE: DIZZY -> NORMAL
2026-05-21 14:36:27,375 [WARNING] STATE: NORMAL -> DISTRACTED
2026-05-21 14:36:27,388 [WARNING] STATE: DISTRACTED -> NORMAL
2026-05-21 14:36:27,428 [WARNING] STATE: NORMAL -> DISTRACTED
2026-05-21 14:36:27,624 [WARNING] STATE: DISTRACTED -> DIZZY
2026-05-21 14:36:28,085 [WARNING] STATE: DIZZY -> DISTRACTED
2026-05-21 14:36:28,680 [WARNING] STATE: DISTRACTED -> NORMAL
2026-05-21 14:36:28,698 [WARNING] STATE: NORMAL -> DISTRACTED
2026-05-21 14:36:28,742 [WARNING] STATE: DISTRACTED -> NORMAL
2026-05-21 14:36:29,271 [WARNING] STATE: NORMAL -> DROWSY
2026-05-21 14:36:34,697 [WARNING] STATE: DROWSY -> DISTRACTED
2026-05-21 14:36:34,752 [WARNING] STATE: DISTRACTED -> DIZZY
2026-05-21 14:36:35,097 [WARNING] STATE: DIZZY -> NORMAL
2026-05-21 14:36:36,876 [WARNING] STATE: NORMAL -> DISTRACTED
2026-05-21 14:36:36,894 [WARNING] STATE: DISTRACTED -> DIZZY
2026-05-21 14:36:36,946 [WARNING] STATE: DIZZY -> NORMAL
2026-05-21 14:36:37,127 [WARNING] STATE: NORMAL -> DISTRACTED
2026-05-21 14:36:37,141 [WARNING] STATE: DISTRACTED -> DIZZY
2026-05-21 14:36:38,267 [WARNING] STATE: DIZZY -> DISTRACTED
2026-05-21 14:36:38,456 [WARNING] STATE: DISTRACTED -> NORMAL
2026-05-21 14:36:39,035 [WARNING] STATE: NORMAL -> DROWSY
2026-05-21 14:36:40,286 [WARNING] STATE: DROWSY -> NORMAL
2026-05-21 14:36:41,427 [WARNING] STATE: NORMAL -> DISTRACTED
2026-05-21 14:36:41,963 [INFO] Stopping ADAMS
2026-05-21 14:37:51,209 [INFO] Starting ADAMS v3
2026-05-21 14:37:51,209 [WARNING] GPIO unavailable – simulation mode
2026-05-21 14:37:52,200 [INFO] Firebase connected
2026-05-21 14:37:54,590 [WARNING] STATE: NORMAL -> DISTRACTED
2026-05-21 14:37:54,625 [WARNING] STATE: DISTRACTED -> NORMAL
2026-05-21 14:37:55,166 [WARNING] STATE: NORMAL -> DISTRACTED
2026-05-21 14:37:55,354 [WARNING] STATE: DISTRACTED -> NORMAL
2026-05-21 14:37:55,374 [WARNING] STATE: NORMAL -> DISTRACTED
2026-05-21 14:37:55,423 [WARNING] STATE: DISTRACTED -> NORMAL
2026-05-21 14:37:55,602 [WARNING] STATE: NORMAL -> DISTRACTED
2026-05-21 14:37:55,691 [WARNING] STATE: DISTRACTED -> NORMAL
2026-05-21 14:37:55,758 [WARNING] STATE: NORMAL -> DISTRACTED
2026-05-21 14:37:55,775 [WARNING] STATE: DISTRACTED -> NORMAL
2026-05-21 14:37:55,791 [WARNING] STATE: NORMAL -> DISTRACTED
2026-05-21 14:37:55,819 [WARNING] STATE: DISTRACTED -> NORMAL
2026-05-21 14:37:56,096 [WARNING] STATE: NORMAL -> DISTRACTED
2026-05-21 14:37:56,243 [WARNING] STATE: DISTRACTED -> NORMAL
2026-05-21 14:37:56,752 [WARNING] STATE: NORMAL -> DROWSY
2026-05-21 14:37:57,120 [WARNING] STATE: DROWSY -> DIZZY
2026-05-21 14:37:57,460 [WARNING] STATE: DIZZY -> DROWSY
2026-05-21 14:38:04,523 [WARNING] STATE: DROWSY -> NORMAL
2026-05-21 14:38:05,453 [WARNING] STATE: NORMAL -> DIZZY
2026-05-21 14:38:06,253 [WARNING] STATE: DIZZY -> DISTRACTED
2026-05-21 14:38:14,301 [WARNING] STATE: DISTRACTED -> DIZZY
2026-05-21 14:38:15,099 [WARNING] STATE: DIZZY -> NORMAL
2026-05-21 14:38:16,010 [WARNING] STATE: NORMAL -> DROWSY
2026-05-21 14:38:18,652 [WARNING] STATE: DROWSY -> NORMAL
2026-05-21 14:38:19,055 [WARNING] STATE: NORMAL -> DISTRACTED
2026-05-21 14:38:19,114 [WARNING] STATE: DISTRACTED -> DIZZY
2026-05-21 14:38:19,706 [WARNING] STATE: DIZZY -> NORMAL
2026-05-21 14:38:21,163 [WARNING] STATE: NORMAL -> DISTRACTED
2026-05-21 14:38:21,177 [WARNING] STATE: DISTRACTED -> DIZZY
2026-05-21 14:38:21,979 [WARNING] STATE: DIZZY -> NORMAL
2026-05-21 14:38:22,894 [WARNING] STATE: NORMAL -> DISTRACTED
2026-05-21 14:38:22,913 [WARNING] STATE: DISTRACTED -> DIZZY
2026-05-21 14:38:23,758 [WARNING] STATE: DIZZY -> DISTRACTED
2026-05-21 14:38:23,800 [WARNING] STATE: DISTRACTED -> DIZZY
2026-05-21 14:38:25,322 [WARNING] STATE: DIZZY -> NORMAL
2026-05-21 14:38:26,180 [WARNING] STATE: NORMAL -> DISTRACTED
2026-05-21 14:38:26,213 [WARNING] STATE: DISTRACTED -> DIZZY
2026-05-21 14:38:26,990 [WARNING] STATE: DIZZY -> NORMAL
2026-05-21 14:38:27,380 [WARNING] STATE: NORMAL -> DROWSY
2026-05-21 14:38:30,221 [WARNING] STATE: DROWSY -> DISTRACTED
2026-05-21 14:38:30,280 [WARNING] STATE: DISTRACTED -> DIZZY
2026-05-21 14:38:30,474 [WARNING] STATE: DIZZY -> NORMAL
2026-05-21 14:38:31,412 [WARNING] STATE: NORMAL -> DISTRACTED
2026-05-21 14:38:31,446 [WARNING] STATE: DISTRACTED -> DIZZY
2026-05-21 14:38:32,417 [WARNING] STATE: DIZZY -> DISTRACTED
2026-05-21 14:38:32,460 [WARNING] STATE: DISTRACTED -> DIZZY
2026-05-21 14:38:32,524 [WARNING] STATE: DIZZY -> NORMAL
2026-05-21 14:38:32,650 [WARNING] STATE: NORMAL -> DISTRACTED
2026-05-21 14:38:32,779 [WARNING] STATE: DISTRACTED -> DIZZY
2026-05-21 14:38:33,717 [WARNING] STATE: DIZZY -> DISTRACTED
2026-05-21 14:38:34,506 [WARNING] STATE: DISTRACTED -> DIZZY
2026-05-21 14:38:35,353 [WARNING] STATE: DIZZY -> NORMAL
2026-05-21 14:38:36,024 [WARNING] STATE: NORMAL -> DROWSY
2026-05-21 14:38:37,549 [WARNING] STATE: DROWSY -> DIZZY
2026-05-21 14:38:38,268 [WARNING] STATE: DIZZY -> DISTRACTED
2026-05-21 14:38:40,907 [WARNING] STATE: DISTRACTED -> DIZZY
2026-05-21 14:38:41,836 [WARNING] STATE: DIZZY -> NORMAL
2026-05-21 14:38:45,128 [WARNING] STATE: NORMAL -> DIZZY
2026-05-21 14:38:47,540 [INFO] Stopping ADAMS
2026-05-22 11:33:32,733 [INFO] Starting ADAMS v3
2026-05-22 11:33:32,734 [WARNING] GPIO unavailable – simulation mode
2026-05-22 11:33:33,380 [INFO] Firebase connected
2026-05-22 11:33:37,592 [WARNING] STATE: NORMAL -> DIZZY
2026-05-22 11:33:39,402 [WARNING] STATE: DIZZY -> DISTRACTED
2026-05-22 11:33:41,124 [WARNING] STATE: DISTRACTED -> NORMAL
2026-05-22 11:33:41,158 [WARNING] STATE: NORMAL -> DISTRACTED
2026-05-22 11:33:43,813 [WARNING] STATE: DISTRACTED -> NORMAL
2026-05-22 11:33:44,219 [WARNING] STATE: NORMAL -> DISTRACTED
2026-05-22 11:33:45,989 [WARNING] STATE: DISTRACTED -> NORMAL
2026-05-22 11:33:46,393 [WARNING] STATE: NORMAL -> DISTRACTED
2026-05-22 11:33:47,112 [WARNING] STATE: DISTRACTED -> NORMAL
2026-05-22 11:33:47,180 [WARNING] STATE: NORMAL -> DISTRACTED
2026-05-22 11:33:47,252 [WARNING] STATE: DISTRACTED -> NORMAL
2026-05-22 11:33:47,287 [WARNING] STATE: NORMAL -> DISTRACTED
2026-05-22 11:33:47,353 [WARNING] STATE: DISTRACTED -> NORMAL
2026-05-22 11:33:47,387 [WARNING] STATE: NORMAL -> DISTRACTED
2026-05-22 11:33:47,574 [WARNING] STATE: DISTRACTED -> NORMAL
2026-05-22 11:33:47,605 [WARNING] STATE: NORMAL -> DISTRACTED
2026-05-22 11:33:47,785 [WARNING] STATE: DISTRACTED -> NORMAL
2026-05-22 11:33:47,821 [WARNING] STATE: NORMAL -> DISTRACTED
2026-05-22 11:33:47,936 [WARNING] STATE: DISTRACTED -> NORMAL
2026-05-22 11:33:48,281 [WARNING] STATE: NORMAL -> DROWSY
2026-05-22 11:33:49,118 [WARNING] STATE: DROWSY -> DISTRACTED
2026-05-22 11:33:49,175 [WARNING] STATE: DISTRACTED -> DROWSY
2026-05-22 11:33:49,818 [WARNING] STATE: DROWSY -> DISTRACTED
2026-05-22 11:33:50,219 [WARNING] STATE: DISTRACTED -> NORMAL
2026-05-22 11:33:50,251 [WARNING] STATE: NORMAL -> DISTRACTED
2026-05-22 11:33:50,310 [WARNING] STATE: DISTRACTED -> DIZZY
2026-05-22 11:33:50,936 [WARNING] STATE: DIZZY -> DISTRACTED
2026-05-22 11:33:51,172 [WARNING] STATE: DISTRACTED -> NORMAL
2026-05-22 11:33:51,304 [WARNING] STATE: NORMAL -> DISTRACTED
2026-05-22 11:33:51,372 [WARNING] STATE: DISTRACTED -> NORMAL
2026-05-22 11:33:51,802 [WARNING] STATE: NORMAL -> DISTRACTED
2026-05-22 11:33:51,835 [WARNING] STATE: DISTRACTED -> NORMAL
2026-05-22 11:33:52,265 [WARNING] STATE: NORMAL -> DISTRACTED
2026-05-22 11:33:52,344 [WARNING] STATE: DISTRACTED -> NORMAL
2026-05-22 11:33:53,401 [WARNING] STATE: NORMAL -> DISTRACTED
2026-05-22 11:33:53,464 [WARNING] STATE: DISTRACTED -> DIZZY
2026-05-22 11:33:54,111 [WARNING] STATE: DIZZY -> DISTRACTED
2026-05-22 11:33:59,015 [WARNING] STATE: DISTRACTED -> NORMAL
2026-05-22 11:33:59,153 [WARNING] STATE: NORMAL -> DISTRACTED
2026-05-22 11:34:00,983 [WARNING] STATE: DISTRACTED -> DIZZY
2026-05-22 11:34:01,116 [WARNING] STATE: DIZZY -> DISTRACTED
2026-05-22 11:34:01,291 [WARNING] STATE: DISTRACTED -> DIZZY
2026-05-22 11:34:02,281 [WARNING] STATE: DIZZY -> DISTRACTED
2026-05-22 11:34:02,712 [WARNING] STATE: DISTRACTED -> DIZZY
2026-05-22 11:34:03,481 [WARNING] STATE: DIZZY -> DISTRACTED
2026-05-22 11:34:08,137 [WARNING] STATE: DISTRACTED -> DROWSY
2026-05-22 11:34:08,200 [WARNING] STATE: DROWSY -> DISTRACTED
2026-05-22 11:34:08,234 [WARNING] STATE: DISTRACTED -> DROWSY
2026-05-22 11:34:09,921 [WARNING] STATE: DROWSY -> NORMAL
2026-05-22 11:34:10,261 [WARNING] STATE: NORMAL -> DISTRACTED
2026-05-22 11:34:10,730 [WARNING] STATE: DISTRACTED -> NORMAL
2026-05-22 11:34:10,787 [WARNING] STATE: NORMAL -> DISTRACTED
2026-05-22 11:34:10,819 [WARNING] STATE: DISTRACTED -> NORMAL
2026-05-22 11:34:15,255 [WARNING] STATE: NORMAL -> DISTRACTED
2026-05-22 11:34:15,322 [WARNING] STATE: DISTRACTED -> DIZZY
2026-05-22 11:34:15,613 [INFO] Stopping ADAMS
2026-05-22 11:34:49,053 [INFO] Starting ADAMS v3
2026-05-22 11:34:49,054 [WARNING] GPIO unavailable – simulation mode
2026-05-22 11:34:49,650 [INFO] Firebase connected
2026-05-22 11:34:51,860 [WARNING] STATE: NORMAL -> DISTRACTED
2026-05-22 11:34:51,894 [WARNING] STATE: DISTRACTED -> DIZZY
2026-05-22 11:34:52,723 [WARNING] STATE: DIZZY -> NORMAL
2026-05-22 11:34:56,050 [WARNING] STATE: NORMAL -> DISTRACTED
2026-05-22 11:34:56,601 [WARNING] STATE: DISTRACTED -> NORMAL
2026-05-22 11:34:57,081 [WARNING] STATE: NORMAL -> DISTRACTED
2026-05-22 11:34:57,102 [WARNING] STATE: DISTRACTED -> NORMAL
2026-05-22 11:34:57,189 [WARNING] STATE: NORMAL -> DISTRACTED
2026-05-22 11:34:57,252 [WARNING] STATE: DISTRACTED -> NORMAL
2026-05-22 11:34:58,327 [WARNING] STATE: NORMAL -> DROWSY
2026-05-22 11:34:59,805 [WARNING] STATE: DROWSY -> NORMAL
2026-05-22 11:35:02,522 [INFO] Stopping ADAMS
2026-05-22 11:52:38,487 [INFO] Starting ADAMS v3
2026-05-22 11:52:38,488 [WARNING] smbus2 not installed – LCD disabled. Run: pip install smbus2
2026-05-22 11:52:38,489 [WARNING] GPIO unavailable – simulation mode
2026-05-22 11:52:39,021 [INFO] Firebase connected
2026-05-22 11:53:10,491 [INFO] Starting ADAMS v3
2026-05-22 11:53:10,492 [WARNING] smbus2 not installed – LCD disabled. Run: pip install smbus2
2026-05-22 11:53:10,492 [WARNING] GPIO unavailable – simulation mode
2026-05-22 11:53:10,821 [INFO] Firebase connected
2026-05-22 11:53:12,630 [WARNING] STATE: NORMAL -> DISTRACTED
2026-05-22 11:53:12,753 [WARNING] STATE: DISTRACTED -> DIZZY
2026-05-22 11:53:12,847 [WARNING] STATE: DIZZY -> DISTRACTED
2026-05-22 11:53:13,371 [WARNING] STATE: DISTRACTED -> DIZZY
2026-05-22 11:53:15,792 [WARNING] STATE: DIZZY -> DISTRACTED
2026-05-22 11:53:15,827 [WARNING] STATE: DISTRACTED -> NORMAL
2026-05-22 11:53:16,461 [WARNING] STATE: NORMAL -> DISTRACTED
2026-05-22 11:53:16,493 [WARNING] STATE: DISTRACTED -> NORMAL
2026-05-22 11:53:16,574 [WARNING] STATE: NORMAL -> DISTRACTED
2026-05-22 11:53:16,834 [WARNING] STATE: DISTRACTED -> DIZZY
2026-05-22 11:53:17,613 [WARNING] STATE: DIZZY -> NORMAL
2026-05-22 11:53:17,629 [WARNING] STATE: NORMAL -> DISTRACTED
2026-05-22 11:53:17,888 [WARNING] STATE: DISTRACTED -> NORMAL
2026-05-22 11:53:17,948 [WARNING] STATE: NORMAL -> DISTRACTED
2026-05-22 11:53:17,983 [WARNING] STATE: DISTRACTED -> NORMAL
2026-05-22 11:53:18,222 [WARNING] STATE: NORMAL -> DIZZY
2026-05-22 11:53:18,445 [WARNING] STATE: DIZZY -> NORMAL
2026-05-22 11:53:18,486 [WARNING] STATE: NORMAL -> DISTRACTED
2026-05-22 11:53:18,555 [WARNING] STATE: DISTRACTED -> DIZZY
2026-05-22 11:53:19,508 [WARNING] STATE: DIZZY -> NORMAL
2026-05-22 11:53:19,575 [WARNING] STATE: NORMAL -> DISTRACTED
2026-05-22 11:53:19,693 [WARNING] STATE: DISTRACTED -> DIZZY
2026-05-22 11:53:20,237 [WARNING] STATE: DIZZY -> DISTRACTED
2026-05-22 11:53:23,805 [WARNING] STATE: DISTRACTED -> NORMAL
2026-05-22 11:53:27,199 [WARNING] STATE: NORMAL -> DISTRACTED
2026-05-22 11:53:27,294 [WARNING] STATE: DISTRACTED -> NORMAL
2026-05-22 11:53:27,324 [WARNING] STATE: NORMAL -> DISTRACTED
2026-05-22 11:53:28,967 [WARNING] STATE: DISTRACTED -> DIZZY
2026-05-22 11:53:29,793 [WARNING] STATE: DIZZY -> DISTRACTED
2026-05-22 11:53:30,314 [WARNING] STATE: DISTRACTED -> DIZZY
2026-05-22 11:53:30,958 [WARNING] STATE: DIZZY -> DISTRACTED
2026-05-22 11:53:31,743 [WARNING] STATE: DISTRACTED -> DIZZY
2026-05-22 11:53:32,449 [WARNING] STATE: DIZZY -> DISTRACTED
2026-05-22 11:53:37,266 [WARNING] STATE: DISTRACTED -> NORMAL
2026-05-22 11:53:37,520 [WARNING] STATE: NORMAL -> DISTRACTED
2026-05-22 11:53:38,017 [INFO] Stopping ADAMS
2026-05-22 11:55:29,328 [INFO] Starting ADAMS v3
2026-05-22 11:55:29,328 [WARNING] smbus2 not installed – LCD disabled. Run: pip install smbus2
2026-05-22 11:55:29,329 [WARNING] GPIO unavailable – simulation mode
2026-05-22 11:55:29,713 [INFO] Firebase connected
2026-05-22 11:55:31,229 [WARNING] STATE: NORMAL -> DISTRACTED
2026-05-22 11:55:31,366 [WARNING] STATE: DISTRACTED -> NORMAL
2026-05-22 11:55:31,415 [WARNING] STATE: NORMAL -> DISTRACTED
2026-05-22 11:55:31,467 [WARNING] STATE: DISTRACTED -> NORMAL
2026-05-22 11:55:31,542 [WARNING] STATE: NORMAL -> DISTRACTED
2026-05-22 11:55:31,579 [WARNING] STATE: DISTRACTED -> NORMAL
2026-05-22 11:55:31,618 [WARNING] STATE: NORMAL -> DISTRACTED
2026-05-22 11:55:31,652 [WARNING] STATE: DISTRACTED -> NORMAL
2026-05-22 11:55:31,679 [WARNING] STATE: NORMAL -> DISTRACTED
2026-05-22 11:55:33,001 [WARNING] STATE: DISTRACTED -> NORMAL
2026-05-22 11:55:34,234 [WARNING] STATE: NORMAL -> DISTRACTED
2026-05-22 11:55:34,268 [WARNING] STATE: DISTRACTED -> NORMAL
2026-05-22 11:55:35,808 [WARNING] STATE: NORMAL -> DROWSY
2026-05-22 11:55:39,848 [WARNING] STATE: DROWSY -> NORMAL
2026-05-22 11:55:41,172 [WARNING] STATE: NORMAL -> DISTRACTED
2026-05-22 11:55:41,261 [WARNING] STATE: DISTRACTED -> DIZZY
2026-05-22 11:55:41,563 [INFO] Stopping ADAMS
2026-05-22 12:09:44,593 [INFO] Starting ADAMS v3
2026-05-22 12:09:44,594 [WARNING] smbus2 not installed – LCD disabled. Run: pip install smbus2
2026-05-22 12:09:44,595 [WARNING] GPIO unavailable – simulation mode
2026-05-22 12:09:45,162 [INFO] Firebase connected
2026-05-22 12:09:47,222 [WARNING] STATE: NORMAL -> DIZZY
2026-05-22 12:09:47,693 [WARNING] STATE: DIZZY -> NORMAL
2026-05-22 12:09:47,729 [WARNING] STATE: NORMAL -> DISTRACTED
2026-05-22 12:09:47,754 [WARNING] STATE: DISTRACTED -> NORMAL
2026-05-22 12:09:47,783 [WARNING] STATE: NORMAL -> DISTRACTED
2026-05-22 12:09:47,881 [WARNING] STATE: DISTRACTED -> NORMAL
2026-05-22 12:09:47,911 [WARNING] STATE: NORMAL -> DISTRACTED
2026-05-22 12:09:50,570 [WARNING] STATE: DISTRACTED -> NORMAL
2026-05-22 12:09:50,618 [WARNING] STATE: NORMAL -> DISTRACTED
2026-05-22 12:09:50,707 [WARNING] STATE: DISTRACTED -> NORMAL
2026-05-22 12:09:50,753 [WARNING] STATE: NORMAL -> DISTRACTED
2026-05-22 12:09:50,841 [WARNING] STATE: DISTRACTED -> NORMAL
2026-05-22 12:09:50,921 [WARNING] STATE: NORMAL -> DISTRACTED
2026-05-22 12:09:51,063 [WARNING] STATE: DISTRACTED -> NORMAL
2026-05-22 12:09:51,109 [WARNING] STATE: NORMAL -> DISTRACTED
2026-05-22 12:09:51,141 [WARNING] STATE: DISTRACTED -> NORMAL
2026-05-22 12:09:51,281 [WARNING] STATE: NORMAL -> DISTRACTED
2026-05-22 12:09:51,332 [WARNING] STATE: DISTRACTED -> NORMAL
2026-05-22 12:09:51,406 [WARNING] STATE: NORMAL -> DISTRACTED
2026-05-22 12:09:54,894 [WARNING] STATE: DISTRACTED -> NORMAL
2026-05-22 12:09:55,112 [WARNING] STATE: NORMAL -> DISTRACTED
2026-05-22 12:09:55,148 [WARNING] STATE: DISTRACTED -> NORMAL
2026-05-22 12:09:55,189 [WARNING] STATE: NORMAL -> DISTRACTED
2026-05-22 12:09:56,621 [WARNING] STATE: DISTRACTED -> NORMAL
2026-05-22 12:09:57,190 [WARNING] STATE: NORMAL -> DISTRACTED
2026-05-22 12:09:57,525 [WARNING] STATE: DISTRACTED -> NORMAL
2026-05-22 12:09:57,621 [WARNING] STATE: NORMAL -> DISTRACTED
2026-05-22 12:09:57,759 [WARNING] STATE: DISTRACTED -> NORMAL
2026-05-22 12:09:57,978 [WARNING] STATE: NORMAL -> DISTRACTED
2026-05-22 12:09:58,030 [WARNING] STATE: DISTRACTED -> NORMAL
2026-05-22 12:09:58,073 [WARNING] STATE: NORMAL -> DISTRACTED
2026-05-22 12:09:58,163 [WARNING] STATE: DISTRACTED -> NORMAL
2026-05-22 12:09:58,226 [WARNING] STATE: NORMAL -> DISTRACTED
2026-05-22 12:09:58,522 [WARNING] STATE: DISTRACTED -> NORMAL
2026-05-22 12:09:58,570 [WARNING] STATE: NORMAL -> DISTRACTED
2026-05-22 12:09:58,658 [WARNING] STATE: DISTRACTED -> NORMAL
2026-05-22 12:09:58,884 [WARNING] STATE: NORMAL -> DISTRACTED
2026-05-22 12:09:58,987 [WARNING] STATE: DISTRACTED -> NORMAL
2026-05-22 12:09:59,465 [WARNING] STATE: NORMAL -> DISTRACTED
2026-05-22 12:09:59,496 [WARNING] STATE: DISTRACTED -> NORMAL
2026-05-22 12:10:00,719 [WARNING] STATE: NORMAL -> DISTRACTED
2026-05-22 12:10:00,743 [WARNING] STATE: DISTRACTED -> NORMAL
2026-05-22 12:10:00,802 [WARNING] STATE: NORMAL -> DISTRACTED
2026-05-22 12:10:01,143 [WARNING] STATE: DISTRACTED -> NORMAL
2026-05-22 12:10:03,694 [WARNING] STATE: NORMAL -> DISTRACTED
2026-05-22 12:10:03,742 [WARNING] STATE: DISTRACTED -> NORMAL
2026-05-22 12:10:03,899 [WARNING] STATE: NORMAL -> DISTRACTED
2026-05-22 12:10:03,947 [WARNING] STATE: DISTRACTED -> NORMAL
2026-05-22 12:10:04,007 [WARNING] STATE: NORMAL -> DISTRACTED
2026-05-22 12:10:04,308 [WARNING] STATE: DISTRACTED -> DIZZY
2026-05-22 12:10:06,165 [WARNING] STATE: DIZZY -> DISTRACTED
2026-05-22 12:10:11,799 [WARNING] STATE: DISTRACTED -> DIZZY
2026-05-22 12:10:13,520 [WARNING] STATE: DIZZY -> DISTRACTED
2026-05-22 12:10:14,001 [WARNING] STATE: DISTRACTED -> NORMAL
2026-05-22 12:10:14,047 [WARNING] STATE: NORMAL -> DISTRACTED
2026-05-22 12:10:14,306 [WARNING] STATE: DISTRACTED -> NORMAL
2026-05-22 12:10:14,817 [WARNING] STATE: NORMAL -> DISTRACTED
2026-05-22 12:10:14,840 [WARNING] STATE: DISTRACTED -> NORMAL
2026-05-22 12:10:15,239 [WARNING] STATE: NORMAL -> DISTRACTED
2026-05-22 12:10:15,344 [WARNING] STATE: DISTRACTED -> DIZZY
2026-05-22 12:10:15,816 [INFO] Stopping ADAMS
2026-05-22 12:11:47,596 [INFO] Starting ADAMS v3
2026-05-22 12:11:47,597 [WARNING] smbus2 not installed – LCD disabled. Run: pip install smbus2
2026-05-22 12:11:47,598 [WARNING] GPIO unavailable – simulation mode
2026-05-22 12:11:48,827 [INFO] Firebase connected
2026-05-22 12:11:51,442 [WARNING] STATE: NORMAL -> DISTRACTED
2026-05-22 12:11:51,633 [WARNING] STATE: DISTRACTED -> DIZZY
2026-05-22 12:11:52,507 [WARNING] STATE: DIZZY -> NORMAL
2026-05-22 12:11:53,382 [WARNING] STATE: NORMAL -> DROWSY
2026-05-22 12:12:00,853 [WARNING] STATE: DROWSY -> NORMAL
2026-05-22 12:12:02,388 [WARNING] STATE: NORMAL -> DROWSY
2026-05-22 12:12:06,307 [WARNING] STATE: DROWSY -> DISTRACTED
2026-05-22 12:12:06,472 [WARNING] STATE: DISTRACTED -> DIZZY
2026-05-22 12:12:07,340 [WARNING] STATE: DIZZY -> DISTRACTED
2026-05-22 12:12:09,423 [WARNING] STATE: DISTRACTED -> DIZZY
2026-05-22 12:12:10,532 [WARNING] STATE: DIZZY -> DISTRACTED
2026-05-22 12:12:12,133 [WARNING] STATE: DISTRACTED -> DIZZY
2026-05-22 12:12:14,502 [WARNING] STATE: DIZZY -> DISTRACTED
2026-05-22 12:12:14,977 [WARNING] STATE: DISTRACTED -> NORMAL
2026-05-22 12:12:15,013 [WARNING] STATE: NORMAL -> DIZZY
2026-05-22 12:12:22,165 [WARNING] STATE: DIZZY -> DISTRACTED
2026-05-22 12:12:22,961 [WARNING] STATE: DISTRACTED -> DIZZY
2026-05-22 12:12:22,988 [WARNING] STATE: DIZZY -> DISTRACTED
2026-05-22 12:12:24,690 [WARNING] STATE: DISTRACTED -> DIZZY
2026-05-22 12:12:25,592 [WARNING] STATE: DIZZY -> NORMAL
2026-05-22 12:12:25,875 [WARNING] STATE: NORMAL -> DISTRACTED
2026-05-22 12:12:26,411 [WARNING] STATE: DISTRACTED -> DROWSY
2026-05-22 12:12:30,635 [WARNING] STATE: DROWSY -> DIZZY
2026-05-22 12:12:31,822 [WARNING] STATE: DIZZY -> DISTRACTED
2026-05-22 12:12:31,968 [INFO] Stopping ADAMS
2026-05-22 12:12:39,942 [INFO] Starting ADAMS v3
2026-05-22 12:12:39,943 [WARNING] smbus2 not installed – LCD disabled. Run: pip install smbus2
2026-05-22 12:12:39,943 [WARNING] GPIO unavailable – simulation mode
2026-05-22 12:12:40,307 [INFO] Firebase connected
2026-05-22 12:12:41,761 [WARNING] STATE: NORMAL -> DIZZY
2026-05-22 12:12:42,398 [WARNING] STATE: DIZZY -> NORMAL
2026-05-22 12:12:42,618 [WARNING] STATE: NORMAL -> DISTRACTED
2026-05-22 12:12:45,421 [WARNING] STATE: DISTRACTED -> NORMAL
2026-05-22 12:12:45,659 [WARNING] STATE: NORMAL -> DIZZY
2026-05-22 12:12:45,885 [WARNING] STATE: DIZZY -> NORMAL
2026-05-22 12:12:46,000 [WARNING] STATE: NORMAL -> DIZZY
2026-05-22 12:12:46,037 [WARNING] STATE: DIZZY -> NORMAL
2026-05-22 12:12:46,129 [WARNING] STATE: NORMAL -> DIZZY
2026-05-22 12:12:46,157 [WARNING] STATE: DIZZY -> NORMAL
2026-05-22 12:12:50,896 [WARNING] STATE: NORMAL -> DIZZY
2026-05-22 12:12:51,371 [WARNING] STATE: DIZZY -> NORMAL
2026-05-22 12:12:51,611 [WARNING] STATE: NORMAL -> DROWSY
2026-05-22 12:12:57,486 [WARNING] STATE: DROWSY -> NORMAL
2026-05-22 12:12:59,513 [WARNING] STATE: NORMAL -> DROWSY
2026-05-22 12:13:03,118 [WARNING] STATE: DROWSY -> DIZZY
2026-05-22 12:13:03,758 [WARNING] STATE: DIZZY -> DROWSY
2026-05-22 12:13:03,790 [WARNING] STATE: DROWSY -> NORMAL
2026-05-22 12:13:04,015 [WARNING] STATE: NORMAL -> DISTRACTED
2026-05-22 12:13:05,795 [WARNING] STATE: DISTRACTED -> NORMAL
2026-05-22 12:13:13,742 [WARNING] STATE: NORMAL -> DROWSY
2026-05-22 12:13:15,830 [WARNING] STATE: DROWSY -> NORMAL
2026-05-22 12:13:21,920 [WARNING] STATE: NORMAL -> DROWSY
2026-05-22 12:13:26,632 [WARNING] STATE: DROWSY -> NORMAL
2026-05-22 12:13:26,965 [WARNING] STATE: NORMAL -> DISTRACTED
2026-05-22 12:13:27,137 [WARNING] STATE: DISTRACTED -> DIZZY
2026-05-22 12:13:27,498 [WARNING] STATE: DIZZY -> DISTRACTED
2026-05-22 12:13:27,567 [INFO] Stopping ADAMS
2026-05-22 12:13:43,300 [INFO] Starting ADAMS v3
2026-05-22 12:13:43,301 [WARNING] smbus2 not installed – LCD disabled. Run: pip install smbus2
2026-05-22 12:13:43,301 [WARNING] GPIO unavailable – simulation mode
2026-05-22 12:13:43,694 [INFO] Firebase connected
2026-05-22 12:13:45,150 [WARNING] STATE: NORMAL -> DISTRACTED
2026-05-22 12:13:45,272 [WARNING] STATE: DISTRACTED -> DIZZY
2026-05-22 12:13:45,884 [WARNING] STATE: DIZZY -> DISTRACTED
2026-05-22 12:13:48,458 [WARNING] STATE: DISTRACTED -> DIZZY
2026-05-22 12:13:48,608 [WARNING] STATE: DIZZY -> DISTRACTED
2026-05-22 12:13:49,178 [WARNING] STATE: DISTRACTED -> NORMAL
2026-05-22 12:13:49,213 [WARNING] STATE: NORMAL -> DISTRACTED
2026-05-22 12:13:49,248 [WARNING] STATE: DISTRACTED -> NORMAL
2026-05-22 12:13:49,347 [WARNING] STATE: NORMAL -> DISTRACTED
2026-05-22 12:13:49,379 [WARNING] STATE: DISTRACTED -> NORMAL
2026-05-22 12:13:49,587 [WARNING] STATE: NORMAL -> DISTRACTED
2026-05-22 12:13:49,612 [WARNING] STATE: DISTRACTED -> NORMAL
2026-05-22 12:13:49,675 [WARNING] STATE: NORMAL -> DISTRACTED
2026-05-22 12:13:49,711 [WARNING] STATE: DISTRACTED -> NORMAL
2026-05-22 12:13:49,742 [WARNING] STATE: NORMAL -> DISTRACTED
2026-05-22 12:13:49,775 [WARNING] STATE: DISTRACTED -> NORMAL
2026-05-22 12:13:49,860 [WARNING] STATE: NORMAL -> DISTRACTED
2026-05-22 12:13:49,894 [WARNING] STATE: DISTRACTED -> NORMAL
2026-05-22 12:13:56,818 [WARNING] STATE: NORMAL -> DISTRACTED
2026-05-22 12:13:57,214 [INFO] Stopping ADAMS
2026-05-22 12:28:56,089 [INFO] Starting ADAMS v3
2026-05-22 12:28:56,091 [WARNING] smbus2 not installed – LCD disabled. Run: pip install smbus2
2026-05-22 12:28:56,091 [WARNING] GPIO unavailable – simulation mode
2026-05-22 12:28:56,681 [INFO] Firebase connected
2026-05-22 12:28:58,518 [INFO] FSR hands_on_wheel=True pin=26 reads=[] high=0 low=0 active_count=0 threshold=3 active_high=True
2026-05-22 12:28:58,518 [INFO] HANDS_ON_WHEEL=True FSR pin=26 reads=[] high=0 low=0 active_count=0 threshold=3
2026-05-22 12:28:58,659 [WARNING] STATE: NORMAL -> DIZZY
2026-05-22 12:28:59,286 [WARNING] STATE: DIZZY -> NORMAL
2026-05-22 12:28:59,330 [WARNING] STATE: NORMAL -> DISTRACTED
2026-05-22 12:28:59,480 [WARNING] STATE: DISTRACTED -> NORMAL
2026-05-22 12:28:59,524 [WARNING] STATE: NORMAL -> DISTRACTED
2026-05-22 12:28:59,576 [WARNING] STATE: DISTRACTED -> NORMAL
2026-05-22 12:28:59,606 [WARNING] STATE: NORMAL -> DISTRACTED
2026-05-22 12:28:59,638 [WARNING] STATE: DISTRACTED -> NORMAL
2026-05-22 12:28:59,671 [WARNING] STATE: NORMAL -> DISTRACTED
2026-05-22 12:28:59,706 [WARNING] STATE: DISTRACTED -> NORMAL
2026-05-22 12:28:59,738 [WARNING] STATE: NORMAL -> DISTRACTED
2026-05-22 12:28:59,767 [WARNING] STATE: DISTRACTED -> NORMAL
2026-05-22 12:29:00,180 [WARNING] STATE: NORMAL -> DIZZY
2026-05-22 12:29:01,692 [WARNING] STATE: DIZZY -> NORMAL
2026-05-22 12:29:03,526 [INFO] FSR hands_on_wheel=True pin=26 reads=[] high=0 low=0 active_count=0 threshold=3 active_high=True
2026-05-22 12:29:03,526 [INFO] HANDS_ON_WHEEL=True FSR pin=26 reads=[] high=0 low=0 active_count=0 threshold=3
2026-05-22 12:29:05,054 [WARNING] STATE: NORMAL -> DROWSY
2026-05-22 12:29:08,556 [INFO] FSR hands_on_wheel=True pin=26 reads=[] high=0 low=0 active_count=0 threshold=3 active_high=True
2026-05-22 12:29:08,557 [INFO] HANDS_ON_WHEEL=True FSR pin=26 reads=[] high=0 low=0 active_count=0 threshold=3
2026-05-22 12:29:09,805 [WARNING] STATE: DROWSY -> NORMAL
2026-05-22 12:29:10,109 [WARNING] STATE: NORMAL -> DIZZY
2026-05-22 12:29:11,212 [WARNING] STATE: DIZZY -> DISTRACTED
2026-05-22 12:29:12,026 [WARNING] STATE: DISTRACTED -> NORMAL
2026-05-22 12:29:12,066 [WARNING] STATE: NORMAL -> DIZZY
2026-05-22 12:29:12,583 [WARNING] STATE: DIZZY -> NORMAL
2026-05-22 12:29:13,035 [WARNING] STATE: NORMAL -> DISTRACTED
2026-05-22 12:29:13,497 [WARNING] STATE: DISTRACTED -> DIZZY
2026-05-22 12:29:13,561 [INFO] FSR hands_on_wheel=True pin=26 reads=[] high=0 low=0 active_count=0 threshold=3 active_high=True
2026-05-22 12:29:13,561 [INFO] HANDS_ON_WHEEL=True FSR pin=26 reads=[] high=0 low=0 active_count=0 threshold=3
2026-05-22 12:29:14,907 [WARNING] STATE: DIZZY -> DISTRACTED
2026-05-22 12:29:15,755 [WARNING] STATE: DISTRACTED -> DIZZY
2026-05-22 12:29:15,817 [WARNING] STATE: DIZZY -> DISTRACTED
2026-05-22 12:29:16,054 [WARNING] STATE: DISTRACTED -> DIZZY
2026-05-22 12:29:16,217 [WARNING] STATE: DIZZY -> DISTRACTED
2026-05-22 12:29:16,860 [WARNING] STATE: DISTRACTED -> NORMAL
2026-05-22 12:29:17,034 [WARNING] STATE: NORMAL -> DISTRACTED
2026-05-22 12:29:17,304 [WARNING] STATE: DISTRACTED -> NORMAL
2026-05-22 12:29:17,336 [WARNING] STATE: NORMAL -> DISTRACTED
2026-05-22 12:29:17,373 [WARNING] STATE: DISTRACTED -> NORMAL
2026-05-22 12:29:17,580 [WARNING] STATE: NORMAL -> DISTRACTED
2026-05-22 12:29:18,589 [INFO] FSR hands_on_wheel=True pin=26 reads=[] high=0 low=0 active_count=0 threshold=3 active_high=True
2026-05-22 12:29:18,590 [INFO] HANDS_ON_WHEEL=True FSR pin=26 reads=[] high=0 low=0 active_count=0 threshold=3
2026-05-22 12:29:20,426 [INFO] Stopping ADAMS
2026-05-22 12:49:32,994 [INFO] Starting ADAMS v3
2026-05-22 12:49:32,995 [WARNING] smbus2 not installed – LCD disabled. Run: pip install smbus2
2026-05-22 12:49:32,995 [WARNING] GPIO unavailable – simulation mode
2026-05-22 12:49:33,620 [INFO] Firebase connected
2026-05-22 12:49:35,134 [INFO] FSR hands_on_wheel=True pin=27 reads=[] high=0 low=0 active_count=0 threshold=3 active_high=True
2026-05-22 12:49:35,134 [INFO] HANDS_ON_WHEEL=True FSR pin=27 reads=[] high=0 low=0 active_count=0 threshold=3
2026-05-22 12:49:35,590 [WARNING] STATE: NORMAL -> DISTRACTED
2026-05-22 12:49:35,615 [WARNING] STATE: DISTRACTED -> DIZZY
2026-05-22 12:49:36,683 [WARNING] STATE: DIZZY -> DISTRACTED
2026-05-22 12:49:36,858 [WARNING] STATE: DISTRACTED -> NORMAL
2026-05-22 12:49:37,501 [WARNING] STATE: NORMAL -> DIZZY
2026-05-22 12:49:39,643 [WARNING] STATE: DIZZY -> DISTRACTED
2026-05-22 12:49:40,155 [INFO] FSR hands_on_wheel=True pin=27 reads=[] high=0 low=0 active_count=0 threshold=3 active_high=True
2026-05-22 12:49:40,156 [INFO] HANDS_ON_WHEEL=True FSR pin=27 reads=[] high=0 low=0 active_count=0 threshold=3
2026-05-22 12:49:40,470 [WARNING] STATE: DISTRACTED -> NORMAL
2026-05-22 12:49:40,492 [WARNING] STATE: NORMAL -> DISTRACTED
2026-05-22 12:49:40,713 [WARNING] STATE: DISTRACTED -> NORMAL
2026-05-22 12:49:40,810 [WARNING] STATE: NORMAL -> DISTRACTED
2026-05-22 12:49:40,827 [WARNING] STATE: DISTRACTED -> NORMAL
2026-05-22 12:49:45,163 [INFO] FSR hands_on_wheel=True pin=27 reads=[] high=0 low=0 active_count=0 threshold=3 active_high=True
2026-05-22 12:49:45,163 [INFO] HANDS_ON_WHEEL=True FSR pin=27 reads=[] high=0 low=0 active_count=0 threshold=3
2026-05-22 12:49:50,173 [INFO] FSR hands_on_wheel=True pin=27 reads=[] high=0 low=0 active_count=0 threshold=3 active_high=True
2026-05-22 12:49:50,174 [INFO] HANDS_ON_WHEEL=True FSR pin=27 reads=[] high=0 low=0 active_count=0 threshold=3
2026-05-22 12:49:53,500 [WARNING] STATE: NORMAL -> DISTRACTED
2026-05-22 12:49:53,560 [WARNING] STATE: DISTRACTED -> NORMAL
2026-05-22 12:49:53,705 [WARNING] STATE: NORMAL -> DISTRACTED
2026-05-22 12:49:53,837 [WARNING] STATE: DISTRACTED -> NORMAL
2026-05-22 12:49:53,917 [WARNING] STATE: NORMAL -> DISTRACTED
2026-05-22 12:49:53,946 [WARNING] STATE: DISTRACTED -> NORMAL
2026-05-22 12:49:53,980 [WARNING] STATE: NORMAL -> DISTRACTED
2026-05-22 12:49:54,043 [WARNING] STATE: DISTRACTED -> NORMAL
2026-05-22 12:49:54,204 [WARNING] STATE: NORMAL -> DISTRACTED
2026-05-22 12:49:54,253 [WARNING] STATE: DISTRACTED -> NORMAL
2026-05-22 12:49:54,281 [WARNING] STATE: NORMAL -> DISTRACTED
2026-05-22 12:49:54,316 [WARNING] STATE: DISTRACTED -> NORMAL
2026-05-22 12:49:54,507 [WARNING] STATE: NORMAL -> DISTRACTED
2026-05-22 12:49:54,539 [WARNING] STATE: DISTRACTED -> NORMAL
2026-05-22 12:49:55,180 [INFO] FSR hands_on_wheel=True pin=27 reads=[] high=0 low=0 active_count=0 threshold=3 active_high=True
2026-05-22 12:49:55,181 [INFO] HANDS_ON_WHEEL=True FSR pin=27 reads=[] high=0 low=0 active_count=0 threshold=3
2026-05-22 12:49:55,785 [WARNING] STATE: NORMAL -> DISTRACTED
2026-05-22 12:49:55,849 [WARNING] STATE: DISTRACTED -> NORMAL
2026-05-22 12:49:55,931 [WARNING] STATE: NORMAL -> DISTRACTED
2026-05-22 12:49:55,943 [WARNING] STATE: DISTRACTED -> NORMAL
2026-05-22 12:49:55,962 [WARNING] STATE: NORMAL -> DISTRACTED
2026-05-22 12:49:56,089 [WARNING] STATE: DISTRACTED -> NORMAL
2026-05-22 12:49:56,127 [WARNING] STATE: NORMAL -> DISTRACTED
2026-05-22 12:49:56,158 [WARNING] STATE: DISTRACTED -> NORMAL
2026-05-22 12:49:56,794 [WARNING] STATE: NORMAL -> DISTRACTED
2026-05-22 12:49:56,830 [WARNING] STATE: DISTRACTED -> NORMAL
2026-05-22 12:49:56,861 [WARNING] STATE: NORMAL -> DISTRACTED
2026-05-22 12:49:57,002 [WARNING] STATE: DISTRACTED -> NORMAL
2026-05-22 12:49:57,164 [WARNING] STATE: NORMAL -> DISTRACTED
2026-05-22 12:49:57,914 [WARNING] STATE: DISTRACTED -> NORMAL
2026-05-22 12:50:00,203 [INFO] FSR hands_on_wheel=True pin=27 reads=[] high=0 low=0 active_count=0 threshold=3 active_high=True
2026-05-22 12:50:00,203 [INFO] HANDS_ON_WHEEL=True FSR pin=27 reads=[] high=0 low=0 active_count=0 threshold=3
2026-05-22 12:50:04,777 [WARNING] STATE: NORMAL -> DISTRACTED
2026-05-22 12:50:05,210 [INFO] FSR hands_on_wheel=True pin=27 reads=[] high=0 low=0 active_count=0 threshold=3 active_high=True
2026-05-22 12:50:05,211 [INFO] HANDS_ON_WHEEL=True FSR pin=27 reads=[] high=0 low=0 active_count=0 threshold=3
2026-05-22 12:50:05,307 [INFO] Stopping ADAMS
2026-05-22 12:50:37,564 [INFO] Starting ADAMS v3
2026-05-22 12:50:37,564 [WARNING] smbus2 not installed – LCD disabled. Run: pip install smbus2
2026-05-22 12:50:37,565 [WARNING] GPIO unavailable – simulation mode
2026-05-22 12:50:37,972 [INFO] Firebase connected
2026-05-22 12:50:39,643 [WARNING] STATE: NORMAL -> DISTRACTED
2026-05-22 12:50:39,644 [INFO] FSR hands_on_wheel=True pin=27 reads=[] high=0 low=0 active_count=0 threshold=3 active_high=True
2026-05-22 12:50:39,644 [INFO] HANDS_ON_WHEEL=True FSR pin=27 reads=[] high=0 low=0 active_count=0 threshold=3
2026-05-22 12:50:40,154 [WARNING] STATE: DISTRACTED -> NORMAL
2026-05-22 12:50:41,199 [WARNING] STATE: NORMAL -> DISTRACTED
2026-05-22 12:50:41,719 [WARNING] STATE: DISTRACTED -> DIZZY
2026-05-22 12:50:42,768 [WARNING] STATE: DIZZY -> NORMAL
2026-05-22 12:50:42,938 [WARNING] STATE: NORMAL -> DISTRACTED
2026-05-22 12:50:42,967 [WARNING] STATE: DISTRACTED -> NORMAL
2026-05-22 12:50:44,667 [INFO] FSR hands_on_wheel=True pin=27 reads=[] high=0 low=0 active_count=0 threshold=3 active_high=True
2026-05-22 12:50:44,668 [INFO] HANDS_ON_WHEEL=True FSR pin=27 reads=[] high=0 low=0 active_count=0 threshold=3
2026-05-22 12:50:45,223 [WARNING] STATE: NORMAL -> DISTRACTED
2026-05-22 12:50:46,036 [WARNING] STATE: DISTRACTED -> NORMAL
2026-05-22 12:50:46,086 [WARNING] STATE: NORMAL -> DISTRACTED
2026-05-22 12:50:46,142 [WARNING] STATE: DISTRACTED -> NORMAL
2026-05-22 12:50:46,707 [WARNING] STATE: NORMAL -> DISTRACTED
2026-05-22 12:50:46,742 [WARNING] STATE: DISTRACTED -> NORMAL
2026-05-22 12:50:46,899 [WARNING] STATE: NORMAL -> DISTRACTED
2026-05-22 12:50:47,073 [WARNING] STATE: DISTRACTED -> NORMAL
2026-05-22 12:50:47,286 [WARNING] STATE: NORMAL -> DISTRACTED
2026-05-22 12:50:47,777 [WARNING] STATE: DISTRACTED -> DIZZY
2026-05-22 12:50:48,148 [WARNING] STATE: DIZZY -> NORMAL
2026-05-22 12:50:48,594 [WARNING] STATE: NORMAL -> DROWSY
2026-05-22 12:50:49,367 [WARNING] STATE: DROWSY -> NORMAL
2026-05-22 12:50:49,698 [INFO] FSR hands_on_wheel=True pin=27 reads=[] high=0 low=0 active_count=0 threshold=3 active_high=True
2026-05-22 12:50:49,698 [INFO] HANDS_ON_WHEEL=True FSR pin=27 reads=[] high=0 low=0 active_count=0 threshold=3
2026-05-22 12:50:50,193 [WARNING] STATE: NORMAL -> DISTRACTED
2026-05-22 12:50:50,243 [WARNING] STATE: DISTRACTED -> NORMAL
2026-05-22 12:50:52,594 [WARNING] STATE: NORMAL -> DISTRACTED
2026-05-22 12:50:52,965 [WARNING] STATE: DISTRACTED -> NORMAL
2026-05-22 12:50:53,939 [WARNING] STATE: NORMAL -> DROWSY
2026-05-22 12:50:54,544 [WARNING] STATE: DROWSY -> NORMAL
2026-05-22 12:50:54,703 [INFO] FSR hands_on_wheel=True pin=27 reads=[] high=0 low=0 active_count=0 threshold=3 active_high=True
2026-05-22 12:50:54,704 [INFO] HANDS_ON_WHEEL=True FSR pin=27 reads=[] high=0 low=0 active_count=0 threshold=3
2026-05-22 12:50:54,798 [WARNING] STATE: NORMAL -> DISTRACTED
2026-05-22 12:50:54,848 [WARNING] STATE: DISTRACTED -> DIZZY
2026-05-22 12:50:56,050 [WARNING] STATE: DIZZY -> NORMAL
2026-05-22 12:50:56,422 [WARNING] STATE: NORMAL -> DROWSY
2026-05-22 12:50:57,781 [WARNING] STATE: DROWSY -> DISTRACTED
2026-05-22 12:50:58,671 [WARNING] STATE: DISTRACTED -> DROWSY
2026-05-22 12:50:58,736 [WARNING] STATE: DROWSY -> NORMAL
2026-05-22 12:50:59,713 [INFO] FSR hands_on_wheel=True pin=27 reads=[] high=0 low=0 active_count=0 threshold=3 active_high=True
2026-05-22 12:50:59,713 [INFO] HANDS_ON_WHEEL=True FSR pin=27 reads=[] high=0 low=0 active_count=0 threshold=3
2026-05-22 12:51:02,607 [WARNING] STATE: NORMAL -> DISTRACTED
2026-05-22 12:51:02,639 [WARNING] STATE: DISTRACTED -> NORMAL
2026-05-22 12:51:02,672 [WARNING] STATE: NORMAL -> DISTRACTED
2026-05-22 12:51:03,253 [INFO] Stopping ADAMS
2026-05-22 13:00:15,497 [INFO] Starting ADAMS v3
2026-05-22 13:00:15,498 [WARNING] smbus2 not installed – LCD disabled. Run: pip install smbus2
2026-05-22 13:00:15,498 [WARNING] GPIO unavailable – simulation mode
2026-05-22 13:00:16,274 [INFO] Firebase connected
2026-05-22 13:00:18,065 [WARNING] STATE: NORMAL -> DISTRACTED
2026-05-22 13:00:18,065 [INFO] FSR hands_on_wheel=True pin=27 reads=[] high=0 low=0 active_count=0 threshold=3 active_high=True
2026-05-22 13:00:18,066 [INFO] HANDS_ON_WHEEL=True FSR pin=27 reads=[] high=0 low=0 active_count=0 threshold=3
2026-05-22 13:00:18,196 [WARNING] STATE: DISTRACTED -> DIZZY
2026-05-22 13:00:18,764 [WARNING] STATE: DIZZY -> DISTRACTED
2026-05-22 13:00:19,471 [WARNING] STATE: DISTRACTED -> NORMAL
2026-05-22 13:00:19,604 [WARNING] STATE: NORMAL -> DISTRACTED
2026-05-22 13:00:19,632 [WARNING] STATE: DISTRACTED -> NORMAL
2026-05-22 13:00:19,872 [WARNING] STATE: NORMAL -> DISTRACTED
2026-05-22 13:00:20,114 [WARNING] STATE: DISTRACTED -> NORMAL
2026-05-22 13:00:20,143 [WARNING] STATE: NORMAL -> DISTRACTED
2026-05-22 13:00:20,173 [WARNING] STATE: DISTRACTED -> NORMAL
2026-05-22 13:00:20,208 [WARNING] STATE: NORMAL -> DROWSY
2026-05-22 13:00:20,237 [WARNING] STATE: DROWSY -> DISTRACTED
2026-05-22 13:00:20,266 [WARNING] STATE: DISTRACTED -> DROWSY
2026-05-22 13:00:20,510 [WARNING] STATE: DROWSY -> DISTRACTED
2026-05-22 13:00:20,542 [WARNING] STATE: DISTRACTED -> DROWSY
2026-05-22 13:00:20,686 [WARNING] STATE: DROWSY -> DISTRACTED
2026-05-22 13:00:20,718 [WARNING] STATE: DISTRACTED -> DROWSY
2026-05-22 13:00:21,119 [WARNING] STATE: DROWSY -> DISTRACTED
2026-05-22 13:00:21,150 [WARNING] STATE: DISTRACTED -> DROWSY
2026-05-22 13:00:21,391 [WARNING] STATE: DROWSY -> DISTRACTED
2026-05-22 13:00:21,487 [WARNING] STATE: DISTRACTED -> DROWSY
2026-05-22 13:00:22,466 [WARNING] STATE: DROWSY -> DISTRACTED
2026-05-22 13:00:22,495 [WARNING] STATE: DISTRACTED -> DIZZY
2026-05-22 13:00:23,079 [INFO] FSR hands_on_wheel=True pin=27 reads=[] high=0 low=0 active_count=0 threshold=3 active_high=True
2026-05-22 13:00:23,080 [INFO] HANDS_ON_WHEEL=True FSR pin=27 reads=[] high=0 low=0 active_count=0 threshold=3
2026-05-22 13:00:23,228 [WARNING] STATE: DIZZY -> DISTRACTED
2026-05-22 13:00:25,085 [WARNING] STATE: DISTRACTED -> DIZZY
2026-05-22 13:00:25,918 [WARNING] STATE: DIZZY -> DISTRACTED
2026-05-22 13:00:28,110 [INFO] FSR hands_on_wheel=True pin=27 reads=[] high=0 low=0 active_count=0 threshold=3 active_high=True
2026-05-22 13:00:28,111 [INFO] HANDS_ON_WHEEL=True FSR pin=27 reads=[] high=0 low=0 active_count=0 threshold=3
2026-05-22 13:00:33,120 [INFO] FSR hands_on_wheel=True pin=27 reads=[] high=0 low=0 active_count=0 threshold=3 active_high=True
2026-05-22 13:00:33,120 [INFO] HANDS_ON_WHEEL=True FSR pin=27 reads=[] high=0 low=0 active_count=0 threshold=3
2026-05-22 13:00:38,146 [INFO] FSR hands_on_wheel=True pin=27 reads=[] high=0 low=0 active_count=0 threshold=3 active_high=True
2026-05-22 13:00:38,148 [INFO] HANDS_ON_WHEEL=True FSR pin=27 reads=[] high=0 low=0 active_count=0 threshold=3
2026-05-22 13:00:39,678 [WARNING] STATE: DISTRACTED -> NORMAL
2026-05-22 13:00:39,710 [WARNING] STATE: NORMAL -> DISTRACTED
2026-05-22 13:00:39,740 [WARNING] STATE: DISTRACTED -> NORMAL
2026-05-22 13:00:40,047 [WARNING] STATE: NORMAL -> DISTRACTED
2026-05-22 13:00:40,157 [WARNING] STATE: DISTRACTED -> NORMAL
2026-05-22 13:00:40,221 [WARNING] STATE: NORMAL -> DISTRACTED
2026-05-22 13:00:40,252 [WARNING] STATE: DISTRACTED -> NORMAL
2026-05-22 13:00:40,287 [WARNING] STATE: NORMAL -> DISTRACTED
2026-05-22 13:00:40,494 [WARNING] STATE: DISTRACTED -> NORMAL
2026-05-22 13:00:40,527 [WARNING] STATE: NORMAL -> DISTRACTED
2026-05-22 13:00:40,861 [WARNING] STATE: DISTRACTED -> NORMAL
2026-05-22 13:00:40,895 [WARNING] STATE: NORMAL -> DISTRACTED
2026-05-22 13:00:42,975 [WARNING] STATE: DISTRACTED -> NORMAL
2026-05-22 13:00:43,006 [WARNING] STATE: NORMAL -> DISTRACTED
2026-05-22 13:00:43,056 [WARNING] STATE: DISTRACTED -> NORMAL
2026-05-22 13:00:43,088 [WARNING] STATE: NORMAL -> DISTRACTED
2026-05-22 13:00:43,147 [WARNING] STATE: DISTRACTED -> NORMAL
2026-05-22 13:00:43,148 [INFO] FSR hands_on_wheel=True pin=27 reads=[] high=0 low=0 active_count=0 threshold=3 active_high=True
2026-05-22 13:00:43,185 [INFO] HANDS_ON_WHEEL=True FSR pin=27 reads=[] high=0 low=0 active_count=0 threshold=3
2026-05-22 13:00:46,746 [WARNING] STATE: NORMAL -> DISTRACTED
2026-05-22 13:00:46,779 [WARNING] STATE: DISTRACTED -> NORMAL
2026-05-22 13:00:46,810 [WARNING] STATE: NORMAL -> DISTRACTED
2026-05-22 13:00:46,844 [WARNING] STATE: DISTRACTED -> NORMAL
2026-05-22 13:00:46,976 [WARNING] STATE: NORMAL -> DISTRACTED
2026-05-22 13:00:47,023 [WARNING] STATE: DISTRACTED -> NORMAL
2026-05-22 13:00:47,760 [WARNING] STATE: NORMAL -> DISTRACTED
2026-05-22 13:00:47,789 [WARNING] STATE: DISTRACTED -> NORMAL
2026-05-22 13:00:47,855 [WARNING] STATE: NORMAL -> DISTRACTED
2026-05-22 13:00:47,886 [WARNING] STATE: DISTRACTED -> NORMAL
2026-05-22 13:00:48,001 [WARNING] STATE: NORMAL -> DISTRACTED
2026-05-22 13:00:48,156 [INFO] FSR hands_on_wheel=True pin=27 reads=[] high=0 low=0 active_count=0 threshold=3 active_high=True
2026-05-22 13:00:48,189 [INFO] HANDS_ON_WHEEL=True FSR pin=27 reads=[] high=0 low=0 active_count=0 threshold=3
2026-05-22 13:00:48,589 [WARNING] STATE: DISTRACTED -> NORMAL
2026-05-22 13:00:48,731 [WARNING] STATE: NORMAL -> DISTRACTED
2026-05-22 13:00:49,535 [INFO] Stopping ADAMS
2026-05-22 13:05:03,164 [INFO] Starting ADAMS v3
2026-05-22 13:05:03,165 [WARNING] smbus2 not installed – LCD disabled. Run: pip install smbus2
2026-05-22 13:05:03,165 [WARNING] GPIO unavailable – simulation mode
2026-05-22 13:05:03,463 [INFO] Firebase connected
2026-05-22 13:05:07,772 [WARNING] STATE: NORMAL -> DISTRACTED
2026-05-22 13:05:07,803 [WARNING] STATE: DISTRACTED -> NORMAL
2026-05-22 13:05:09,322 [WARNING] STATE: NORMAL -> DISTRACTED
2026-05-22 13:05:09,497 [WARNING] STATE: DISTRACTED -> NORMAL
2026-05-22 13:05:09,595 [WARNING] STATE: NORMAL -> DIZZY
2026-05-22 13:05:11,307 [WARNING] STATE: DIZZY -> DISTRACTED
2026-05-22 13:05:14,573 [WARNING] STATE: DISTRACTED -> NORMAL
2026-05-22 13:05:14,936 [WARNING] STATE: NORMAL -> DISTRACTED
2026-05-22 13:05:15,852 [WARNING] STATE: DISTRACTED -> NORMAL
2026-05-22 13:05:16,988 [WARNING] STATE: NORMAL -> DIZZY
2026-05-22 13:05:18,476 [WARNING] STATE: DIZZY -> NORMAL
2026-05-22 13:05:19,612 [WARNING] STATE: NORMAL -> DISTRACTED
2026-05-22 13:05:19,644 [WARNING] STATE: DISTRACTED -> DIZZY
2026-05-22 13:05:20,891 [WARNING] STATE: DIZZY -> DISTRACTED
2026-05-22 13:05:21,133 [WARNING] STATE: DISTRACTED -> DIZZY
2026-05-22 13:05:22,319 [WARNING] STATE: DIZZY -> NORMAL
2026-05-22 13:05:24,154 [WARNING] STATE: NORMAL -> DISTRACTED
2026-05-22 13:05:26,315 [WARNING] STATE: DISTRACTED -> DIZZY
2026-05-22 13:05:27,148 [WARNING] STATE: DIZZY -> DISTRACTED
2026-05-22 13:05:30,924 [WARNING] STATE: DISTRACTED -> DIZZY
2026-05-22 13:05:31,692 [WARNING] STATE: DIZZY -> NORMAL
2026-05-22 13:05:31,899 [WARNING] STATE: NORMAL -> DISTRACTED
2026-05-22 13:05:31,997 [WARNING] STATE: DISTRACTED -> DIZZY
2026-05-22 13:05:32,731 [WARNING] STATE: DIZZY -> DISTRACTED
2026-05-22 13:05:38,456 [WARNING] STATE: DISTRACTED -> DIZZY
2026-05-22 13:05:39,209 [WARNING] STATE: DIZZY -> NORMAL
2026-05-22 13:05:41,242 [WARNING] STATE: NORMAL -> DISTRACTED
2026-05-22 13:05:41,338 [WARNING] STATE: DISTRACTED -> DIZZY
2026-05-22 13:05:42,796 [WARNING] STATE: DIZZY -> DISTRACTED
2026-05-22 13:05:43,228 [WARNING] STATE: DISTRACTED -> NORMAL
2026-05-22 13:05:44,239 [WARNING] STATE: NORMAL -> DISTRACTED
2026-05-22 13:05:44,270 [WARNING] STATE: DISTRACTED -> NORMAL
2026-05-22 13:05:44,602 [WARNING] STATE: NORMAL -> DISTRACTED
2026-05-22 13:05:44,749 [WARNING] STATE: DISTRACTED -> NORMAL
2026-05-22 13:05:44,875 [INFO] Stopping ADAMS
2026-05-22 13:22:24,327 [INFO] Starting ADAMS v3
2026-05-22 13:22:24,328 [WARNING] smbus2 not installed – LCD disabled. Run: pip install smbus2
2026-05-22 13:22:24,328 [WARNING] GPIO unavailable – simulation mode
2026-05-22 13:22:24,783 [INFO] Firebase connected
2026-05-22 13:22:26,698 [WARNING] STATE: NORMAL -> DISTRACTED
2026-05-22 13:22:26,734 [WARNING] STATE: DISTRACTED -> NORMAL
2026-05-22 13:22:27,037 [WARNING] STATE: NORMAL -> DISTRACTED
2026-05-22 13:22:39,884 [WARNING] STATE: DISTRACTED -> NORMAL
2026-05-22 13:22:39,917 [WARNING] STATE: NORMAL -> DIZZY
2026-05-22 13:22:41,500 [WARNING] STATE: DIZZY -> DISTRACTED
2026-05-22 13:22:42,378 [WARNING] STATE: DISTRACTED -> DIZZY
2026-05-22 13:22:42,669 [INFO] Stopping ADAMS
2026-05-22 13:24:31,858 [INFO] Starting ADAMS v3
2026-05-22 13:24:31,859 [WARNING] smbus2 not installed – LCD disabled. Run: pip install smbus2
2026-05-22 13:24:31,859 [WARNING] GPIO unavailable – simulation mode
2026-05-22 13:24:32,160 [INFO] Firebase connected
2026-05-22 13:24:33,570 [WARNING] STATE: NORMAL -> DISTRACTED
2026-05-22 13:24:33,630 [WARNING] STATE: DISTRACTED -> DIZZY
2026-05-22 13:24:34,514 [WARNING] STATE: DIZZY -> NORMAL
2026-05-22 13:24:36,133 [WARNING] STATE: NORMAL -> DISTRACTED
2026-05-22 13:24:36,165 [WARNING] STATE: DISTRACTED -> NORMAL
2026-05-22 13:24:36,195 [WARNING] STATE: NORMAL -> DISTRACTED
2026-05-22 13:24:36,917 [WARNING] STATE: DISTRACTED -> NORMAL
2026-05-22 13:24:40,193 [WARNING] STATE: NORMAL -> DISTRACTED
2026-05-22 13:24:40,238 [WARNING] STATE: DISTRACTED -> NORMAL
2026-05-22 13:24:40,609 [WARNING] STATE: NORMAL -> DISTRACTED
2026-05-22 13:24:40,641 [WARNING] STATE: DISTRACTED -> NORMAL
2026-05-22 13:24:40,700 [WARNING] STATE: NORMAL -> DISTRACTED
2026-05-22 13:24:40,889 [WARNING] STATE: DISTRACTED -> NORMAL
2026-05-22 13:24:40,921 [WARNING] STATE: NORMAL -> DISTRACTED
2026-05-22 13:24:40,954 [WARNING] STATE: DISTRACTED -> NORMAL
2026-05-22 13:24:40,982 [WARNING] STATE: NORMAL -> DISTRACTED
2026-05-22 13:24:41,016 [WARNING] STATE: DISTRACTED -> NORMAL
2026-05-22 13:24:41,049 [WARNING] STATE: NORMAL -> DISTRACTED
2026-05-22 13:24:41,247 [WARNING] STATE: DISTRACTED -> NORMAL
2026-05-22 13:24:41,377 [WARNING] STATE: NORMAL -> DISTRACTED
2026-05-22 13:24:41,407 [WARNING] STATE: DISTRACTED -> NORMAL
2026-05-22 13:24:41,922 [WARNING] STATE: NORMAL -> DISTRACTED
2026-05-22 13:24:41,952 [WARNING] STATE: DISTRACTED -> NORMAL
2026-05-22 13:24:41,983 [WARNING] STATE: NORMAL -> DISTRACTED
2026-05-22 13:24:42,015 [WARNING] STATE: DISTRACTED -> NORMAL
2026-05-22 13:24:42,044 [WARNING] STATE: NORMAL -> DISTRACTED
2026-05-22 13:24:42,263 [WARNING] STATE: DISTRACTED -> NORMAL
2026-05-22 13:24:42,361 [WARNING] STATE: NORMAL -> DISTRACTED
2026-05-22 13:24:42,494 [WARNING] STATE: DISTRACTED -> NORMAL
2026-05-22 13:24:42,526 [WARNING] STATE: NORMAL -> DISTRACTED
2026-05-22 13:24:42,682 [WARNING] STATE: DISTRACTED -> NORMAL
2026-05-22 13:24:42,792 [WARNING] STATE: NORMAL -> DISTRACTED
2026-05-22 13:24:42,887 [WARNING] STATE: DISTRACTED -> NORMAL
2026-05-22 13:24:42,952 [WARNING] STATE: NORMAL -> DISTRACTED
2026-05-22 13:24:42,978 [WARNING] STATE: DISTRACTED -> NORMAL
2026-05-22 13:24:43,017 [WARNING] STATE: NORMAL -> DISTRACTED
2026-05-22 13:24:43,077 [WARNING] STATE: DISTRACTED -> NORMAL
2026-05-22 13:24:43,332 [WARNING] STATE: NORMAL -> DISTRACTED
2026-05-22 13:24:43,406 [WARNING] STATE: DISTRACTED -> NORMAL
2026-05-22 13:24:43,468 [WARNING] STATE: NORMAL -> DISTRACTED
2026-05-22 13:24:43,498 [WARNING] STATE: DISTRACTED -> NORMAL
2026-05-22 13:24:43,578 [WARNING] STATE: NORMAL -> DISTRACTED
2026-05-22 13:24:43,610 [WARNING] STATE: DISTRACTED -> NORMAL
2026-05-22 13:24:43,671 [WARNING] STATE: NORMAL -> DISTRACTED
2026-05-22 13:24:43,705 [WARNING] STATE: DISTRACTED -> NORMAL
2026-05-22 13:24:43,767 [WARNING] STATE: NORMAL -> DISTRACTED
2026-05-22 13:24:43,798 [WARNING] STATE: DISTRACTED -> NORMAL
2026-05-22 13:24:43,835 [WARNING] STATE: NORMAL -> DISTRACTED
2026-05-22 13:24:43,893 [WARNING] STATE: DISTRACTED -> NORMAL
2026-05-22 13:24:43,927 [WARNING] STATE: NORMAL -> DISTRACTED
2026-05-22 13:24:43,990 [WARNING] STATE: DISTRACTED -> NORMAL
2026-05-22 13:24:44,023 [WARNING] STATE: NORMAL -> DISTRACTED
2026-05-22 13:24:44,378 [WARNING] STATE: DISTRACTED -> NORMAL
2026-05-22 13:24:44,547 [WARNING] STATE: NORMAL -> DISTRACTED
2026-05-22 13:24:44,640 [WARNING] STATE: DISTRACTED -> DIZZY
2026-05-22 13:24:46,055 [WARNING] STATE: DIZZY -> NORMAL
2026-05-22 13:24:49,431 [WARNING] STATE: NORMAL -> DIZZY
2026-05-22 13:24:49,462 [WARNING] STATE: DIZZY -> NORMAL
2026-05-22 13:24:49,550 [WARNING] STATE: NORMAL -> DIZZY
2026-05-22 13:24:49,616 [WARNING] STATE: DIZZY -> NORMAL
2026-05-22 13:24:49,650 [WARNING] STATE: NORMAL -> DISTRACTED
2026-05-22 13:24:49,682 [WARNING] STATE: DISTRACTED -> DIZZY
2026-05-22 13:24:49,714 [WARNING] STATE: DIZZY -> NORMAL
2026-05-22 13:24:49,755 [WARNING] STATE: NORMAL -> DISTRACTED
2026-05-22 13:24:49,797 [WARNING] STATE: DISTRACTED -> DIZZY
2026-05-22 13:24:49,838 [WARNING] STATE: DIZZY -> NORMAL
2026-05-22 13:25:01,142 [WARNING] STATE: NORMAL -> DIZZY
2026-05-22 13:25:02,311 [WARNING] STATE: DIZZY -> DISTRACTED
2026-05-22 13:25:02,762 [WARNING] STATE: DISTRACTED -> NORMAL
2026-05-22 13:25:02,813 [WARNING] STATE: NORMAL -> DISTRACTED
2026-05-22 13:25:02,846 [WARNING] STATE: DISTRACTED -> NORMAL
2026-05-22 13:25:02,875 [WARNING] STATE: NORMAL -> DISTRACTED
2026-05-22 13:25:03,016 [WARNING] STATE: DISTRACTED -> NORMAL
2026-05-22 13:25:03,046 [WARNING] STATE: NORMAL -> DISTRACTED
2026-05-22 13:25:03,081 [WARNING] STATE: DISTRACTED -> NORMAL
2026-05-22 13:25:03,110 [WARNING] STATE: NORMAL -> DISTRACTED
2026-05-22 13:25:03,171 [WARNING] STATE: DISTRACTED -> NORMAL
2026-05-22 13:25:03,446 [WARNING] STATE: NORMAL -> DISTRACTED
2026-05-22 13:25:03,481 [WARNING] STATE: DISTRACTED -> NORMAL
2026-05-22 13:25:03,684 [WARNING] STATE: NORMAL -> DISTRACTED
2026-05-22 13:25:03,775 [WARNING] STATE: DISTRACTED -> NORMAL
2026-05-22 13:25:03,807 [WARNING] STATE: NORMAL -> DISTRACTED
2026-05-22 13:25:04,172 [WARNING] STATE: DISTRACTED -> NORMAL
2026-05-22 13:25:04,267 [WARNING] STATE: NORMAL -> DISTRACTED
2026-05-22 13:25:04,360 [WARNING] STATE: DISTRACTED -> NORMAL
2026-05-22 13:25:04,516 [WARNING] STATE: NORMAL -> DISTRACTED
2026-05-22 13:25:04,564 [WARNING] STATE: DISTRACTED -> NORMAL
2026-05-22 13:25:06,430 [WARNING] STATE: NORMAL -> DISTRACTED
2026-05-22 13:25:06,586 [WARNING] STATE: DISTRACTED -> NORMAL
2026-05-22 13:25:06,649 [WARNING] STATE: NORMAL -> DISTRACTED
2026-05-22 13:25:06,683 [WARNING] STATE: DISTRACTED -> NORMAL
2026-05-22 13:25:06,776 [WARNING] STATE: NORMAL -> DIZZY
2026-05-22 13:25:07,955 [WARNING] STATE: DIZZY -> NORMAL
2026-05-22 13:25:08,075 [WARNING] STATE: NORMAL -> DISTRACTED
2026-05-22 13:25:08,110 [WARNING] STATE: DISTRACTED -> NORMAL
2026-05-22 13:25:08,154 [WARNING] STATE: NORMAL -> DISTRACTED
2026-05-22 13:25:08,188 [WARNING] STATE: DISTRACTED -> DIZZY
2026-05-22 13:25:08,683 [WARNING] STATE: DIZZY -> NORMAL
2026-05-22 13:25:09,184 [WARNING] STATE: NORMAL -> DISTRACTED
2026-05-22 13:25:09,224 [WARNING] STATE: DISTRACTED -> DIZZY
2026-05-22 13:25:09,936 [WARNING] STATE: DIZZY -> NORMAL
2026-05-22 13:25:16,006 [WARNING] STATE: NORMAL -> DISTRACTED
2026-05-22 13:25:16,040 [WARNING] STATE: DISTRACTED -> DIZZY
2026-05-22 13:25:16,619 [WARNING] STATE: DIZZY -> NORMAL
2026-05-22 13:25:18,092 [WARNING] STATE: NORMAL -> DISTRACTED
2026-05-22 13:25:18,117 [WARNING] STATE: DISTRACTED -> DIZZY
2026-05-22 13:25:19,326 [WARNING] STATE: DIZZY -> NORMAL
2026-05-22 13:25:19,748 [WARNING] STATE: NORMAL -> DISTRACTED
2026-05-22 13:25:19,784 [WARNING] STATE: DISTRACTED -> DIZZY
2026-05-22 13:25:20,688 [WARNING] STATE: DIZZY -> NORMAL
2026-05-22 13:25:20,751 [WARNING] STATE: NORMAL -> DIZZY
2026-05-22 13:25:21,888 [WARNING] STATE: DIZZY -> DISTRACTED
2026-05-22 13:25:32,657 [INFO] Stopping ADAMS
2026-05-22 13:27:07,416 [INFO] Starting ADAMS v3
2026-05-22 13:27:07,417 [WARNING] smbus2 not installed – LCD disabled. Run: pip install smbus2
2026-05-22 13:27:07,417 [WARNING] GPIO unavailable – simulation mode
2026-05-22 13:27:08,196 [INFO] Firebase connected
2026-05-22 13:27:10,052 [WARNING] STATE: NORMAL -> DIZZY
2026-05-22 13:27:11,271 [WARNING] STATE: DIZZY -> NORMAL
2026-05-22 13:27:11,594 [WARNING] STATE: NORMAL -> DIZZY
2026-05-22 13:27:11,745 [WARNING] STATE: DIZZY -> NORMAL
2026-05-22 13:27:11,777 [WARNING] STATE: NORMAL -> DISTRACTED
2026-05-22 13:27:11,995 [WARNING] STATE: DISTRACTED -> NORMAL
2026-05-22 13:27:12,059 [WARNING] STATE: NORMAL -> DISTRACTED
2026-05-22 13:27:12,228 [WARNING] STATE: DISTRACTED -> NORMAL
2026-05-22 13:27:13,514 [WARNING] STATE: NORMAL -> DISTRACTED
2026-05-22 13:27:14,037 [WARNING] STATE: DISTRACTED -> NORMAL
2026-05-22 13:27:14,102 [WARNING] STATE: NORMAL -> DISTRACTED
2026-05-22 13:27:14,181 [WARNING] STATE: DISTRACTED -> NORMAL
2026-05-22 13:27:14,273 [WARNING] STATE: NORMAL -> DISTRACTED
2026-05-22 13:27:14,302 [WARNING] STATE: DISTRACTED -> NORMAL
2026-05-22 13:27:14,647 [WARNING] STATE: NORMAL -> DISTRACTED
2026-05-22 13:27:14,687 [WARNING] STATE: DISTRACTED -> NORMAL
2026-05-22 13:27:14,810 [WARNING] STATE: NORMAL -> DISTRACTED
2026-05-22 13:27:14,852 [WARNING] STATE: DISTRACTED -> NORMAL
2026-05-22 13:27:14,884 [WARNING] STATE: NORMAL -> DISTRACTED
2026-05-22 13:27:15,006 [WARNING] STATE: DISTRACTED -> NORMAL
2026-05-22 13:27:15,065 [WARNING] STATE: NORMAL -> DISTRACTED
2026-05-22 13:27:15,117 [WARNING] STATE: DISTRACTED -> NORMAL
2026-05-22 13:27:15,402 [WARNING] STATE: NORMAL -> DISTRACTED
2026-05-22 13:27:15,543 [WARNING] STATE: DISTRACTED -> DIZZY
2026-05-22 13:27:17,046 [WARNING] STATE: DIZZY -> DISTRACTED
2026-05-22 13:27:21,623 [WARNING] STATE: DISTRACTED -> NORMAL
2026-05-22 13:27:22,404 [WARNING] STATE: NORMAL -> DISTRACTED
2026-05-22 13:27:23,552 [WARNING] STATE: DISTRACTED -> NORMAL
2026-05-22 13:27:24,329 [WARNING] STATE: NORMAL -> DISTRACTED
2026-05-22 13:27:24,378 [WARNING] STATE: DISTRACTED -> NORMAL
2026-05-22 13:27:24,530 [WARNING] STATE: NORMAL -> DISTRACTED
2026-05-22 13:27:28,172 [WARNING] STATE: DISTRACTED -> NORMAL
2026-05-22 13:27:28,204 [WARNING] STATE: NORMAL -> DISTRACTED
2026-05-22 13:27:28,468 [WARNING] STATE: DISTRACTED -> NORMAL
2026-05-22 13:27:28,532 [WARNING] STATE: NORMAL -> DISTRACTED
2026-05-22 13:27:28,841 [WARNING] STATE: DISTRACTED -> NORMAL
2026-05-22 13:27:28,874 [WARNING] STATE: NORMAL -> DISTRACTED
2026-05-22 13:27:28,905 [WARNING] STATE: DISTRACTED -> NORMAL
2026-05-22 13:27:28,934 [WARNING] STATE: NORMAL -> DISTRACTED
2026-05-22 13:27:29,386 [WARNING] STATE: DISTRACTED -> NORMAL
2026-05-22 13:27:29,416 [WARNING] STATE: NORMAL -> DISTRACTED
2026-05-22 13:27:37,168 [WARNING] STATE: DISTRACTED -> NORMAL
2026-05-22 13:27:37,420 [WARNING] STATE: NORMAL -> DIZZY
2026-05-22 13:27:39,242 [WARNING] STATE: DIZZY -> NORMAL
2026-05-22 13:27:39,971 [WARNING] STATE: NORMAL -> DISTRACTED
2026-05-22 13:27:40,002 [WARNING] STATE: DISTRACTED -> NORMAL
2026-05-22 13:27:40,033 [WARNING] STATE: NORMAL -> DISTRACTED
2026-05-22 13:27:45,020 [WARNING] STATE: DISTRACTED -> NORMAL
2026-05-22 13:27:45,531 [WARNING] STATE: NORMAL -> DIZZY
2026-05-22 13:27:47,850 [WARNING] STATE: DIZZY -> DISTRACTED
2026-05-22 13:27:48,723 [WARNING] STATE: DISTRACTED -> NORMAL
2026-05-22 13:27:48,972 [WARNING] STATE: NORMAL -> DISTRACTED
2026-05-22 13:27:49,194 [WARNING] STATE: DISTRACTED -> NORMAL
2026-05-22 13:27:49,351 [WARNING] STATE: NORMAL -> DISTRACTED
2026-05-22 13:27:49,414 [WARNING] STATE: DISTRACTED -> DIZZY
2026-05-22 13:27:49,709 [WARNING] STATE: DIZZY -> DISTRACTED
2026-05-22 13:27:50,595 [WARNING] STATE: DISTRACTED -> NORMAL
2026-05-22 13:27:50,628 [WARNING] STATE: NORMAL -> DIZZY
2026-05-22 13:27:52,056 [WARNING] STATE: DIZZY -> DISTRACTED
2026-05-22 13:27:52,199 [WARNING] STATE: DISTRACTED -> DIZZY
2026-05-22 13:27:52,914 [WARNING] STATE: DIZZY -> NORMAL
2026-05-22 13:27:53,027 [WARNING] STATE: NORMAL -> DIZZY
2026-05-22 13:27:55,206 [WARNING] STATE: DIZZY -> NORMAL
2026-05-22 13:28:13,246 [WARNING] STATE: NORMAL -> DISTRACTED
2026-05-22 13:28:13,271 [WARNING] STATE: DISTRACTED -> DIZZY
2026-05-22 13:28:13,642 [WARNING] STATE: DIZZY -> NORMAL
2026-05-22 13:28:16,850 [WARNING] STATE: NORMAL -> DISTRACTED
2026-05-22 13:28:16,892 [WARNING] STATE: DISTRACTED -> DIZZY
2026-05-22 13:28:17,637 [WARNING] STATE: DIZZY -> NORMAL
2026-05-22 13:28:18,320 [WARNING] STATE: NORMAL -> DISTRACTED
2026-05-22 13:28:21,076 [WARNING] STATE: DISTRACTED -> NORMAL
2026-05-22 13:28:21,313 [WARNING] STATE: NORMAL -> DIZZY
2026-05-22 13:28:21,804 [WARNING] STATE: DIZZY -> NORMAL
2026-05-22 13:28:21,842 [WARNING] STATE: NORMAL -> DIZZY
2026-05-22 13:28:21,974 [WARNING] STATE: DIZZY -> DISTRACTED
2026-05-22 13:28:22,168 [WARNING] STATE: DISTRACTED -> NORMAL
2026-05-22 13:28:22,422 [WARNING] STATE: NORMAL -> DIZZY
2026-05-22 13:28:22,490 [WARNING] STATE: DIZZY -> NORMAL
2026-05-22 13:28:22,523 [WARNING] STATE: NORMAL -> DISTRACTED
2026-05-22 13:28:22,996 [WARNING] STATE: DISTRACTED -> DIZZY
2026-05-22 13:28:23,567 [WARNING] STATE: DIZZY -> DISTRACTED
2026-05-22 13:28:24,909 [WARNING] STATE: DISTRACTED -> NORMAL
2026-05-22 13:28:25,421 [WARNING] STATE: NORMAL -> DIZZY
2026-05-22 13:28:26,987 [WARNING] STATE: DIZZY -> DISTRACTED
2026-05-22 13:28:27,072 [WARNING] STATE: DISTRACTED -> DIZZY
2026-05-22 13:28:27,171 [WARNING] STATE: DIZZY -> DISTRACTED
2026-05-22 13:28:27,942 [WARNING] STATE: DISTRACTED -> DIZZY
2026-05-22 13:28:29,094 [WARNING] STATE: DIZZY -> DISTRACTED
2026-05-22 13:28:30,039 [WARNING] STATE: DISTRACTED -> NORMAL
2026-05-22 13:28:30,704 [WARNING] STATE: NORMAL -> DISTRACTED
2026-05-22 13:28:30,738 [WARNING] STATE: DISTRACTED -> NORMAL
2026-05-22 13:28:31,006 [WARNING] STATE: NORMAL -> DIZZY
2026-05-22 13:28:31,044 [WARNING] STATE: DIZZY -> NORMAL
2026-05-22 13:28:31,174 [WARNING] STATE: NORMAL -> DISTRACTED
2026-05-22 13:28:31,204 [WARNING] STATE: DISTRACTED -> DIZZY
2026-05-22 13:28:31,403 [WARNING] STATE: DIZZY -> NORMAL
2026-05-22 13:28:31,635 [WARNING] STATE: NORMAL -> DIZZY
2026-05-22 13:28:31,671 [WARNING] STATE: DIZZY -> NORMAL
2026-05-22 13:28:31,703 [WARNING] STATE: NORMAL -> DIZZY
2026-05-22 13:28:32,030 [WARNING] STATE: DIZZY -> DISTRACTED
2026-05-22 13:28:34,732 [WARNING] STATE: DISTRACTED -> DIZZY
2026-05-22 13:28:35,488 [WARNING] STATE: DIZZY -> DISTRACTED
2026-05-22 13:28:36,453 [WARNING] STATE: DISTRACTED -> DIZZY
2026-05-22 13:28:37,436 [WARNING] STATE: DIZZY -> DISTRACTED
2026-05-22 13:28:39,202 [WARNING] STATE: DISTRACTED -> NORMAL
2026-05-22 13:28:39,334 [WARNING] STATE: NORMAL -> DISTRACTED
2026-05-22 13:28:39,369 [WARNING] STATE: DISTRACTED -> DIZZY
2026-05-22 13:28:39,402 [WARNING] STATE: DIZZY -> NORMAL
2026-05-22 13:28:39,437 [WARNING] STATE: NORMAL -> DIZZY
2026-05-22 13:28:41,202 [WARNING] STATE: DIZZY -> NORMAL
2026-05-22 13:28:42,264 [WARNING] STATE: NORMAL -> DISTRACTED
2026-05-22 13:28:42,287 [WARNING] STATE: DISTRACTED -> NORMAL
2026-05-22 13:28:42,482 [WARNING] STATE: NORMAL -> DISTRACTED
2026-05-22 13:28:42,543 [WARNING] STATE: DISTRACTED -> NORMAL
2026-05-22 13:28:42,586 [WARNING] STATE: NORMAL -> DISTRACTED
2026-05-22 13:28:42,906 [WARNING] STATE: DISTRACTED -> DIZZY
2026-05-22 13:28:43,601 [WARNING] STATE: DIZZY -> DISTRACTED
2026-05-22 13:28:43,836 [WARNING] STATE: DISTRACTED -> DIZZY
2026-05-22 13:28:45,585 [WARNING] STATE: DIZZY -> DISTRACTED
2026-05-22 13:28:45,919 [WARNING] STATE: DISTRACTED -> DIZZY
2026-05-22 13:28:46,851 [WARNING] STATE: DIZZY -> NORMAL
2026-05-22 13:28:47,021 [WARNING] STATE: NORMAL -> DISTRACTED
2026-05-22 13:28:47,052 [WARNING] STATE: DISTRACTED -> DIZZY
2026-05-22 13:28:47,664 [WARNING] STATE: DIZZY -> DISTRACTED
2026-05-22 13:28:50,055 [WARNING] STATE: DISTRACTED -> DIZZY
2026-05-22 13:28:50,885 [WARNING] STATE: DIZZY -> DISTRACTED
2026-05-22 13:28:51,768 [WARNING] STATE: DISTRACTED -> DIZZY
2026-05-22 13:28:52,101 [WARNING] STATE: DIZZY -> DISTRACTED
2026-05-22 13:28:53,466 [WARNING] STATE: DISTRACTED -> DIZZY
2026-05-22 13:28:54,364 [WARNING] STATE: DIZZY -> DISTRACTED
2026-05-22 13:29:06,502 [WARNING] STATE: DISTRACTED -> NORMAL
2026-05-22 13:29:06,636 [WARNING] STATE: NORMAL -> DISTRACTED
2026-05-22 13:29:06,666 [WARNING] STATE: DISTRACTED -> NORMAL
2026-05-22 13:29:06,705 [WARNING] STATE: NORMAL -> DISTRACTED
2026-05-22 13:29:06,784 [WARNING] STATE: DISTRACTED -> NORMAL
2026-05-22 13:29:06,854 [WARNING] STATE: NORMAL -> DISTRACTED
2026-05-22 13:29:06,888 [WARNING] STATE: DISTRACTED -> NORMAL
2026-05-22 13:29:07,268 [WARNING] STATE: NORMAL -> DISTRACTED
2026-05-22 13:29:07,885 [WARNING] STATE: DISTRACTED -> DIZZY
2026-05-22 13:29:07,950 [WARNING] STATE: DIZZY -> DISTRACTED
2026-05-22 13:29:07,984 [WARNING] STATE: DISTRACTED -> DIZZY
2026-05-22 13:29:08,583 [WARNING] STATE: DIZZY -> DISTRACTED
2026-05-22 13:29:08,784 [WARNING] STATE: DISTRACTED -> DIZZY
2026-05-22 13:29:09,605 [WARNING] STATE: DIZZY -> NORMAL
2026-05-22 13:29:09,679 [WARNING] STATE: NORMAL -> DISTRACTED
2026-05-22 13:29:09,720 [WARNING] STATE: DISTRACTED -> NORMAL
2026-05-22 13:29:09,877 [WARNING] STATE: NORMAL -> DISTRACTED
2026-05-22 13:29:09,903 [WARNING] STATE: DISTRACTED -> DIZZY
2026-05-22 13:29:09,929 [WARNING] STATE: DIZZY -> NORMAL
2026-05-22 13:29:09,977 [WARNING] STATE: NORMAL -> DISTRACTED
2026-05-22 13:29:10,024 [WARNING] STATE: DISTRACTED -> DIZZY
2026-05-22 13:29:11,713 [WARNING] STATE: DIZZY -> DISTRACTED
2026-05-22 13:29:12,707 [WARNING] STATE: DISTRACTED -> DIZZY
2026-05-22 13:29:12,839 [WARNING] STATE: DIZZY -> DISTRACTED
2026-05-22 13:29:12,944 [WARNING] STATE: DISTRACTED -> DIZZY
2026-05-22 13:29:17,005 [WARNING] STATE: DIZZY -> NORMAL
2026-05-22 13:29:19,468 [WARNING] STATE: NORMAL -> DISTRACTED
2026-05-22 13:29:19,505 [WARNING] STATE: DISTRACTED -> DIZZY
2026-05-22 13:29:20,317 [WARNING] STATE: DIZZY -> DISTRACTED
2026-05-22 13:29:20,865 [WARNING] STATE: DISTRACTED -> DIZZY
2026-05-22 13:29:21,579 [WARNING] STATE: DIZZY -> DISTRACTED
2026-05-22 13:29:22,431 [WARNING] STATE: DISTRACTED -> DIZZY
2026-05-22 13:29:23,335 [WARNING] STATE: DIZZY -> DISTRACTED
2026-05-22 13:29:25,448 [WARNING] STATE: DISTRACTED -> DIZZY
2026-05-22 13:29:26,111 [WARNING] STATE: DIZZY -> NORMAL
2026-05-22 13:29:26,390 [WARNING] STATE: NORMAL -> DISTRACTED
2026-05-22 13:29:26,415 [WARNING] STATE: DISTRACTED -> NORMAL
2026-05-22 13:29:26,446 [WARNING] STATE: NORMAL -> DISTRACTED
2026-05-22 13:29:26,479 [WARNING] STATE: DISTRACTED -> NORMAL
2026-05-22 13:29:26,661 [WARNING] STATE: NORMAL -> DIZZY
2026-05-22 13:29:26,697 [WARNING] STATE: DIZZY -> NORMAL
2026-05-22 13:29:26,732 [WARNING] STATE: NORMAL -> DIZZY
2026-05-22 13:29:27,039 [WARNING] STATE: DIZZY -> NORMAL
2026-05-22 13:29:27,239 [WARNING] STATE: NORMAL -> DISTRACTED
2026-05-22 13:29:27,272 [WARNING] STATE: DISTRACTED -> NORMAL
2026-05-22 13:29:27,302 [WARNING] STATE: NORMAL -> DISTRACTED
2026-05-22 13:29:27,415 [WARNING] STATE: DISTRACTED -> NORMAL
2026-05-22 13:29:27,463 [WARNING] STATE: NORMAL -> DISTRACTED
2026-05-22 13:29:27,495 [WARNING] STATE: DISTRACTED -> DIZZY
2026-05-22 13:29:28,278 [WARNING] STATE: DIZZY -> NORMAL
2026-05-22 13:29:29,848 [WARNING] STATE: NORMAL -> DIZZY
2026-05-22 13:29:29,878 [WARNING] STATE: DIZZY -> NORMAL
2026-05-22 13:29:30,039 [WARNING] STATE: NORMAL -> DISTRACTED
2026-05-22 13:29:30,079 [WARNING] STATE: DISTRACTED -> DIZZY
2026-05-22 13:29:30,527 [WARNING] STATE: DIZZY -> NORMAL
2026-05-22 13:29:32,896 [WARNING] STATE: NORMAL -> DISTRACTED
2026-05-22 13:29:32,923 [WARNING] STATE: DISTRACTED -> DIZZY
2026-05-22 13:29:33,675 [WARNING] STATE: DIZZY -> DISTRACTED
2026-05-22 13:29:36,481 [WARNING] STATE: DISTRACTED -> DIZZY
2026-05-22 13:29:36,569 [WARNING] STATE: DIZZY -> NORMAL
2026-05-22 13:29:37,064 [WARNING] STATE: NORMAL -> DISTRACTED
2026-05-22 13:29:37,103 [WARNING] STATE: DISTRACTED -> DIZZY
2026-05-22 13:29:38,537 [WARNING] STATE: DIZZY -> NORMAL
2026-05-22 13:29:41,104 [WARNING] STATE: NORMAL -> DISTRACTED
2026-05-22 13:29:41,130 [WARNING] STATE: DISTRACTED -> DIZZY
2026-05-22 13:29:42,615 [WARNING] STATE: DIZZY -> DISTRACTED
2026-05-22 13:29:43,977 [WARNING] STATE: DISTRACTED -> NORMAL
2026-05-22 13:29:44,028 [WARNING] STATE: NORMAL -> DISTRACTED
2026-05-22 13:29:44,064 [WARNING] STATE: DISTRACTED -> DIZZY
2026-05-22 13:29:44,114 [WARNING] STATE: DIZZY -> NORMAL
2026-05-22 13:29:44,313 [WARNING] STATE: NORMAL -> DISTRACTED
2026-05-22 13:29:44,344 [WARNING] STATE: DISTRACTED -> DIZZY
2026-05-22 13:29:46,396 [WARNING] STATE: DIZZY -> DISTRACTED
2026-05-22 13:29:46,463 [WARNING] STATE: DISTRACTED -> DIZZY
2026-05-22 13:29:47,144 [WARNING] STATE: DIZZY -> NORMAL
2026-05-22 13:29:50,417 [WARNING] STATE: NORMAL -> DISTRACTED
2026-05-22 13:29:50,462 [WARNING] STATE: DISTRACTED -> DIZZY
2026-05-22 13:29:51,310 [WARNING] STATE: DIZZY -> DISTRACTED
2026-05-22 13:29:51,560 [WARNING] STATE: DISTRACTED -> DIZZY
2026-05-22 13:29:52,308 [WARNING] STATE: DIZZY -> NORMAL
2026-05-22 13:29:52,521 [WARNING] STATE: NORMAL -> DISTRACTED
2026-05-22 13:29:52,559 [WARNING] STATE: DISTRACTED -> DIZZY
2026-05-22 13:29:52,712 [WARNING] STATE: DIZZY -> NORMAL
2026-05-22 13:29:59,894 [WARNING] STATE: NORMAL -> DISTRACTED
2026-05-22 13:29:59,925 [WARNING] STATE: DISTRACTED -> DIZZY
2026-05-22 13:30:00,662 [WARNING] STATE: DIZZY -> NORMAL
2026-05-22 13:30:01,394 [WARNING] STATE: NORMAL -> DISTRACTED
2026-05-22 13:30:01,438 [WARNING] STATE: DISTRACTED -> DIZZY
2026-05-22 13:30:03,061 [WARNING] STATE: DIZZY -> DISTRACTED
2026-05-22 13:30:03,127 [WARNING] STATE: DISTRACTED -> DIZZY
2026-05-22 13:30:03,671 [WARNING] STATE: DIZZY -> NORMAL
2026-05-22 13:30:04,417 [WARNING] STATE: NORMAL -> DISTRACTED
2026-05-22 13:30:04,443 [WARNING] STATE: DISTRACTED -> DIZZY
2026-05-22 13:30:10,207 [WARNING] STATE: DIZZY -> DISTRACTED
2026-05-22 13:30:10,809 [WARNING] STATE: DISTRACTED -> DIZZY
2026-05-22 13:30:12,092 [WARNING] STATE: DIZZY -> NORMAL
2026-05-22 13:30:12,160 [WARNING] STATE: NORMAL -> DISTRACTED
2026-05-22 13:30:12,324 [WARNING] STATE: DISTRACTED -> NORMAL
2026-05-22 13:30:12,360 [WARNING] STATE: NORMAL -> DISTRACTED
2026-05-22 13:30:12,494 [WARNING] STATE: DISTRACTED -> NORMAL
2026-05-22 13:30:12,576 [WARNING] STATE: NORMAL -> DISTRACTED
2026-05-22 13:30:12,742 [WARNING] STATE: DISTRACTED -> DIZZY
2026-05-22 13:30:13,525 [WARNING] STATE: DIZZY -> DISTRACTED
2026-05-22 13:30:14,130 [WARNING] STATE: DISTRACTED -> DIZZY
2026-05-22 13:30:14,607 [WARNING] STATE: DIZZY -> DISTRACTED
2026-05-22 13:30:14,642 [WARNING] STATE: DISTRACTED -> DIZZY
2026-05-22 13:30:15,323 [WARNING] STATE: DIZZY -> DISTRACTED
2026-05-22 13:30:15,624 [WARNING] STATE: DISTRACTED -> DIZZY
2026-05-22 13:30:17,329 [WARNING] STATE: DIZZY -> NORMAL
2026-05-22 13:30:20,855 [WARNING] STATE: NORMAL -> DISTRACTED
2026-05-22 13:30:20,874 [WARNING] STATE: DISTRACTED -> DIZZY
2026-05-22 13:30:23,988 [WARNING] STATE: DIZZY -> DISTRACTED
2026-05-22 13:30:24,609 [WARNING] STATE: DISTRACTED -> DIZZY
2026-05-22 13:30:26,048 [WARNING] STATE: DIZZY -> NORMAL
2026-05-22 13:30:26,124 [WARNING] STATE: NORMAL -> DISTRACTED
2026-05-22 13:30:26,163 [WARNING] STATE: DISTRACTED -> DIZZY
2026-05-22 13:30:26,235 [WARNING] STATE: DIZZY -> NORMAL
2026-05-22 13:30:27,073 [WARNING] STATE: NORMAL -> DISTRACTED
2026-05-22 13:30:27,106 [WARNING] STATE: DISTRACTED -> DIZZY
2026-05-22 13:30:27,325 [WARNING] STATE: DIZZY -> NORMAL
2026-05-22 13:30:28,010 [WARNING] STATE: NORMAL -> DISTRACTED
2026-05-22 13:30:28,060 [WARNING] STATE: DISTRACTED -> DIZZY
2026-05-22 13:30:28,159 [WARNING] STATE: DIZZY -> NORMAL
2026-05-22 13:30:33,273 [WARNING] STATE: NORMAL -> DISTRACTED
2026-05-22 13:30:33,322 [WARNING] STATE: DISTRACTED -> DIZZY
2026-05-22 13:30:33,388 [WARNING] STATE: DIZZY -> NORMAL
2026-05-22 13:30:33,422 [WARNING] STATE: NORMAL -> DISTRACTED
2026-05-22 13:30:33,472 [WARNING] STATE: DISTRACTED -> DIZZY
2026-05-22 13:30:33,653 [WARNING] STATE: DIZZY -> NORMAL
2026-05-22 13:30:33,689 [WARNING] STATE: NORMAL -> DISTRACTED
2026-05-22 13:30:33,717 [WARNING] STATE: DISTRACTED -> DIZZY
2026-05-22 13:30:36,403 [WARNING] STATE: DIZZY -> DISTRACTED
2026-05-22 13:30:37,607 [WARNING] STATE: DISTRACTED -> DIZZY
2026-05-22 13:30:38,509 [WARNING] STATE: DIZZY -> DISTRACTED
2026-05-22 13:30:40,541 [WARNING] STATE: DISTRACTED -> DIZZY
2026-05-22 13:30:42,076 [WARNING] STATE: DIZZY -> DISTRACTED
2026-05-22 13:30:42,622 [WARNING] STATE: DISTRACTED -> DIZZY
2026-05-22 13:30:42,808 [WARNING] STATE: DIZZY -> DISTRACTED
2026-05-22 13:30:42,920 [WARNING] STATE: DISTRACTED -> DIZZY
2026-05-22 13:30:44,320 [WARNING] STATE: DIZZY -> DISTRACTED
2026-05-22 13:30:45,037 [WARNING] STATE: DISTRACTED -> DIZZY
2026-05-22 13:30:45,086 [WARNING] STATE: DIZZY -> DISTRACTED
2026-05-22 13:30:45,157 [WARNING] STATE: DISTRACTED -> DIZZY
2026-05-22 13:30:46,268 [WARNING] STATE: DIZZY -> NORMAL
2026-05-22 13:30:46,338 [WARNING] STATE: NORMAL -> DISTRACTED
2026-05-22 13:30:46,386 [WARNING] STATE: DISTRACTED -> DIZZY
2026-05-22 13:30:47,052 [WARNING] STATE: DIZZY -> NORMAL
2026-05-22 13:30:51,806 [WARNING] STATE: NORMAL -> DISTRACTED
2026-05-22 13:30:51,834 [WARNING] STATE: DISTRACTED -> DIZZY
2026-05-22 13:30:53,504 [WARNING] STATE: DIZZY -> NORMAL
2026-05-22 13:30:53,556 [WARNING] STATE: NORMAL -> DIZZY
2026-05-22 13:30:54,237 [WARNING] STATE: DIZZY -> NORMAL
2026-05-22 13:30:57,334 [WARNING] STATE: NORMAL -> DISTRACTED
2026-05-22 13:30:57,371 [WARNING] STATE: DISTRACTED -> DIZZY
2026-05-22 13:31:00,969 [WARNING] STATE: DIZZY -> DISTRACTED
2026-05-22 13:31:01,041 [WARNING] STATE: DISTRACTED -> DIZZY
2026-05-22 13:31:04,643 [WARNING] STATE: DIZZY -> DISTRACTED
2026-05-22 13:31:05,386 [WARNING] STATE: DISTRACTED -> DIZZY
2026-05-22 13:31:05,885 [WARNING] STATE: DIZZY -> NORMAL
2026-05-22 13:31:05,917 [WARNING] STATE: NORMAL -> DISTRACTED
2026-05-22 13:31:05,967 [WARNING] STATE: DISTRACTED -> DIZZY
2026-05-22 13:31:06,281 [WARNING] STATE: DIZZY -> NORMAL
2026-05-22 13:31:06,313 [WARNING] STATE: NORMAL -> DISTRACTED
2026-05-22 13:31:06,367 [WARNING] STATE: DISTRACTED -> DIZZY
2026-05-22 13:31:08,605 [WARNING] STATE: DIZZY -> NORMAL
2026-05-22 13:31:17,027 [WARNING] STATE: NORMAL -> DIZZY
2026-05-22 13:31:18,018 [WARNING] STATE: DIZZY -> NORMAL
2026-05-22 13:31:18,133 [WARNING] STATE: NORMAL -> DISTRACTED
2026-05-22 13:31:18,161 [WARNING] STATE: DISTRACTED -> NORMAL
2026-05-22 13:31:19,239 [WARNING] STATE: NORMAL -> DISTRACTED
2026-05-22 13:31:19,270 [WARNING] STATE: DISTRACTED -> DIZZY
2026-05-22 13:31:22,129 [WARNING] STATE: DIZZY -> NORMAL
2026-05-22 13:31:22,325 [WARNING] STATE: NORMAL -> DISTRACTED
2026-05-22 13:31:22,350 [WARNING] STATE: DISTRACTED -> DIZZY
2026-05-22 13:31:22,707 [WARNING] STATE: DIZZY -> NORMAL
2026-05-22 13:31:22,755 [WARNING] STATE: NORMAL -> DISTRACTED
2026-05-22 13:31:22,791 [WARNING] STATE: DISTRACTED -> DIZZY
2026-05-22 13:31:26,448 [WARNING] STATE: DIZZY -> DISTRACTED
2026-05-22 13:31:26,716 [WARNING] STATE: DISTRACTED -> DIZZY
2026-05-22 13:31:26,797 [WARNING] STATE: DIZZY -> DISTRACTED
2026-05-22 13:31:26,838 [WARNING] STATE: DISTRACTED -> DIZZY
2026-05-22 13:31:26,966 [WARNING] STATE: DIZZY -> DISTRACTED
2026-05-22 13:31:27,015 [WARNING] STATE: DISTRACTED -> DIZZY
2026-05-22 13:31:27,497 [WARNING] STATE: DIZZY -> DISTRACTED
2026-05-22 13:31:27,598 [WARNING] STATE: DISTRACTED -> DIZZY
2026-05-22 13:31:27,663 [WARNING] STATE: DIZZY -> DISTRACTED
2026-05-22 13:31:27,898 [WARNING] STATE: DISTRACTED -> DIZZY
2026-05-22 13:31:28,079 [WARNING] STATE: DIZZY -> DISTRACTED
2026-05-22 13:31:28,185 [WARNING] STATE: DISTRACTED -> DIZZY
2026-05-22 13:31:28,982 [WARNING] STATE: DIZZY -> DISTRACTED
2026-05-22 13:31:29,248 [WARNING] STATE: DISTRACTED -> DIZZY
2026-05-22 13:31:30,177 [WARNING] STATE: DIZZY -> DISTRACTED
2026-05-22 13:31:30,798 [WARNING] STATE: DISTRACTED -> DIZZY
2026-05-22 13:31:31,563 [WARNING] STATE: DIZZY -> DISTRACTED
2026-05-22 13:31:31,632 [WARNING] STATE: DISTRACTED -> DIZZY
2026-05-22 13:31:31,698 [WARNING] STATE: DIZZY -> DISTRACTED
2026-05-22 13:31:32,530 [WARNING] STATE: DISTRACTED -> DIZZY
2026-05-22 13:31:35,338 [WARNING] STATE: DIZZY -> DISTRACTED
2026-05-22 13:31:35,412 [WARNING] STATE: DISTRACTED -> NORMAL
2026-05-22 13:31:35,445 [WARNING] STATE: NORMAL -> DISTRACTED
2026-05-22 13:31:35,835 [WARNING] STATE: DISTRACTED -> NORMAL
2026-05-22 13:31:36,035 [WARNING] STATE: NORMAL -> DISTRACTED
2026-05-22 13:31:36,080 [WARNING] STATE: DISTRACTED -> NORMAL
2026-05-22 13:31:36,113 [WARNING] STATE: NORMAL -> DISTRACTED
2026-05-22 13:31:36,149 [WARNING] STATE: DISTRACTED -> NORMAL
2026-05-22 13:31:36,366 [WARNING] STATE: NORMAL -> DISTRACTED
2026-05-22 13:31:36,397 [WARNING] STATE: DISTRACTED -> NORMAL
2026-05-22 13:31:40,602 [WARNING] STATE: NORMAL -> DISTRACTED
2026-05-22 13:31:40,646 [WARNING] STATE: DISTRACTED -> NORMAL
2026-05-22 13:31:40,728 [WARNING] STATE: NORMAL -> DISTRACTED
2026-05-22 13:31:40,763 [WARNING] STATE: DISTRACTED -> NORMAL
2026-05-22 13:31:41,129 [WARNING] STATE: NORMAL -> DISTRACTED
2026-05-22 13:31:41,162 [WARNING] STATE: DISTRACTED -> NORMAL
2026-05-22 13:31:41,228 [WARNING] STATE: NORMAL -> DISTRACTED
2026-05-22 13:31:41,259 [WARNING] STATE: DISTRACTED -> NORMAL
2026-05-22 13:31:41,895 [WARNING] STATE: NORMAL -> DISTRACTED
2026-05-22 13:31:41,958 [WARNING] STATE: DISTRACTED -> NORMAL
2026-05-22 13:31:41,986 [WARNING] STATE: NORMAL -> DISTRACTED
2026-05-22 13:31:42,021 [WARNING] STATE: DISTRACTED -> NORMAL
2026-05-22 13:31:42,173 [WARNING] STATE: NORMAL -> DISTRACTED
2026-05-22 13:31:42,211 [WARNING] STATE: DISTRACTED -> NORMAL
2026-05-22 13:31:42,239 [WARNING] STATE: NORMAL -> DISTRACTED
2026-05-22 13:31:42,282 [WARNING] STATE: DISTRACTED -> NORMAL
2026-05-22 13:31:42,318 [WARNING] STATE: NORMAL -> DISTRACTED
2026-05-22 13:31:42,356 [WARNING] STATE: DISTRACTED -> NORMAL
2026-05-22 13:31:42,392 [WARNING] STATE: NORMAL -> DISTRACTED
2026-05-22 13:31:42,426 [WARNING] STATE: DISTRACTED -> NORMAL
2026-05-22 13:31:42,448 [WARNING] STATE: NORMAL -> DISTRACTED
2026-05-22 13:31:42,595 [WARNING] STATE: DISTRACTED -> NORMAL
2026-05-22 13:31:42,632 [WARNING] STATE: NORMAL -> DISTRACTED
2026-05-22 13:31:42,883 [WARNING] STATE: DISTRACTED -> NORMAL
2026-05-22 13:31:42,937 [WARNING] STATE: NORMAL -> DISTRACTED
2026-05-22 13:31:42,990 [WARNING] STATE: DISTRACTED -> NORMAL
2026-05-22 13:31:43,081 [WARNING] STATE: NORMAL -> DISTRACTED
2026-05-22 13:31:43,258 [WARNING] STATE: DISTRACTED -> NORMAL
2026-05-22 13:31:43,294 [WARNING] STATE: NORMAL -> DISTRACTED
2026-05-22 13:31:43,444 [WARNING] STATE: DISTRACTED -> NORMAL
2026-05-22 13:31:43,464 [WARNING] STATE: NORMAL -> DISTRACTED
2026-05-22 13:31:43,812 [WARNING] STATE: DISTRACTED -> NORMAL
2026-05-22 13:31:43,986 [WARNING] STATE: NORMAL -> DISTRACTED
2026-05-22 13:31:44,018 [WARNING] STATE: DISTRACTED -> NORMAL
2026-05-22 13:31:44,051 [WARNING] STATE: NORMAL -> DISTRACTED
2026-05-22 13:31:44,111 [WARNING] STATE: DISTRACTED -> NORMAL
2026-05-22 13:31:44,159 [WARNING] STATE: NORMAL -> DISTRACTED
2026-05-22 13:31:44,499 [WARNING] STATE: DISTRACTED -> NORMAL
2026-05-22 13:31:44,529 [WARNING] STATE: NORMAL -> DISTRACTED
2026-05-22 13:31:44,562 [WARNING] STATE: DISTRACTED -> NORMAL
2026-05-22 13:31:44,587 [WARNING] STATE: NORMAL -> DISTRACTED
2026-05-22 13:31:44,837 [WARNING] STATE: DISTRACTED -> NORMAL
2026-05-22 13:31:44,878 [WARNING] STATE: NORMAL -> DISTRACTED
2026-05-22 13:31:45,200 [WARNING] STATE: DISTRACTED -> NORMAL
2026-05-22 13:31:45,263 [WARNING] STATE: NORMAL -> DISTRACTED
2026-05-22 13:31:45,727 [WARNING] STATE: DISTRACTED -> NORMAL
2026-05-22 13:31:45,895 [WARNING] STATE: NORMAL -> DISTRACTED
2026-05-22 13:31:46,065 [WARNING] STATE: DISTRACTED -> NORMAL
2026-05-22 13:31:46,245 [WARNING] STATE: NORMAL -> DISTRACTED
2026-05-22 13:31:46,281 [WARNING] STATE: DISTRACTED -> NORMAL
2026-05-22 13:31:46,346 [WARNING] STATE: NORMAL -> DISTRACTED
2026-05-22 13:31:46,378 [WARNING] STATE: DISTRACTED -> NORMAL
2026-05-22 13:31:46,411 [WARNING] STATE: NORMAL -> DISTRACTED
2026-05-22 13:31:46,538 [WARNING] STATE: DISTRACTED -> NORMAL
2026-05-22 13:31:46,580 [WARNING] STATE: NORMAL -> DISTRACTED
2026-05-22 13:31:46,947 [WARNING] STATE: DISTRACTED -> NORMAL
2026-05-22 13:31:46,995 [WARNING] STATE: NORMAL -> DISTRACTED
2026-05-22 13:31:47,114 [WARNING] STATE: DISTRACTED -> NORMAL
2026-05-22 13:31:47,197 [WARNING] STATE: NORMAL -> DISTRACTED
2026-05-22 13:31:47,244 [WARNING] STATE: DISTRACTED -> NORMAL
2026-05-22 13:31:47,277 [WARNING] STATE: NORMAL -> DISTRACTED
2026-05-22 13:31:47,308 [WARNING] STATE: DISTRACTED -> NORMAL
2026-05-22 13:31:47,348 [WARNING] STATE: NORMAL -> DISTRACTED
2026-05-22 13:31:47,928 [WARNING] STATE: DISTRACTED -> NORMAL
2026-05-22 13:31:47,994 [WARNING] STATE: NORMAL -> DISTRACTED
2026-05-22 13:31:48,131 [WARNING] STATE: DISTRACTED -> NORMAL
2026-05-22 13:31:48,181 [WARNING] STATE: NORMAL -> DISTRACTED
2026-05-22 13:31:48,265 [WARNING] STATE: DISTRACTED -> NORMAL
2026-05-22 13:31:48,300 [WARNING] STATE: NORMAL -> DISTRACTED
2026-05-22 13:31:48,577 [WARNING] STATE: DISTRACTED -> NORMAL
2026-05-22 13:31:48,611 [WARNING] STATE: NORMAL -> DISTRACTED
2026-05-22 13:31:49,498 [WARNING] STATE: DISTRACTED -> NORMAL
2026-05-22 13:31:49,551 [WARNING] STATE: NORMAL -> DISTRACTED
2026-05-22 13:31:49,728 [WARNING] STATE: DISTRACTED -> NORMAL
2026-05-22 13:31:49,796 [WARNING] STATE: NORMAL -> DISTRACTED
2026-05-22 13:31:49,931 [WARNING] STATE: DISTRACTED -> NORMAL
2026-05-22 13:31:49,989 [WARNING] STATE: NORMAL -> DISTRACTED
2026-05-22 13:31:50,162 [WARNING] STATE: DISTRACTED -> NORMAL
2026-05-22 13:31:50,228 [WARNING] STATE: NORMAL -> DISTRACTED
2026-05-22 13:31:50,260 [WARNING] STATE: DISTRACTED -> NORMAL
2026-05-22 13:31:50,295 [WARNING] STATE: NORMAL -> DISTRACTED
2026-05-22 13:31:50,362 [WARNING] STATE: DISTRACTED -> NORMAL
2026-05-22 13:31:50,395 [WARNING] STATE: NORMAL -> DISTRACTED
2026-05-22 13:31:50,429 [WARNING] STATE: DISTRACTED -> NORMAL
2026-05-22 13:31:50,456 [WARNING] STATE: NORMAL -> DISTRACTED
2026-05-22 13:31:50,494 [WARNING] STATE: DISTRACTED -> NORMAL
2026-05-22 13:31:50,525 [WARNING] STATE: NORMAL -> DISTRACTED
2026-05-22 13:31:50,777 [WARNING] STATE: DISTRACTED -> NORMAL
2026-05-22 13:31:50,888 [WARNING] STATE: NORMAL -> DISTRACTED
2026-05-22 13:31:51,129 [WARNING] STATE: DISTRACTED -> NORMAL
2026-05-22 13:31:51,162 [WARNING] STATE: NORMAL -> DISTRACTED
2026-05-22 13:31:51,250 [WARNING] STATE: DISTRACTED -> NORMAL
2026-05-22 13:31:51,295 [WARNING] STATE: NORMAL -> DISTRACTED
2026-05-22 13:31:51,457 [WARNING] STATE: DISTRACTED -> NORMAL
2026-05-22 13:31:51,593 [WARNING] STATE: NORMAL -> DISTRACTED
2026-05-22 13:31:51,794 [WARNING] STATE: DISTRACTED -> NORMAL
2026-05-22 13:31:51,830 [WARNING] STATE: NORMAL -> DISTRACTED
2026-05-22 13:31:51,911 [WARNING] STATE: DISTRACTED -> NORMAL
2026-05-22 13:31:51,943 [WARNING] STATE: NORMAL -> DISTRACTED
2026-05-22 13:31:51,980 [WARNING] STATE: DISTRACTED -> NORMAL
2026-05-22 13:31:52,031 [WARNING] STATE: NORMAL -> DISTRACTED
2026-05-22 13:31:52,128 [WARNING] STATE: DISTRACTED -> NORMAL
2026-05-22 13:31:52,161 [WARNING] STATE: NORMAL -> DISTRACTED
2026-05-22 13:31:52,259 [WARNING] STATE: DISTRACTED -> NORMAL
2026-05-22 13:31:52,323 [WARNING] STATE: NORMAL -> DISTRACTED
2026-05-22 13:31:52,394 [WARNING] STATE: DISTRACTED -> NORMAL
2026-05-22 13:31:52,475 [WARNING] STATE: NORMAL -> DISTRACTED
2026-05-22 13:31:52,628 [WARNING] STATE: DISTRACTED -> NORMAL
2026-05-22 13:31:52,675 [WARNING] STATE: NORMAL -> DISTRACTED
2026-05-22 13:31:53,232 [WARNING] STATE: DISTRACTED -> NORMAL
2026-05-22 13:31:53,254 [WARNING] STATE: NORMAL -> DISTRACTED
2026-05-22 13:31:53,444 [WARNING] STATE: DISTRACTED -> NORMAL
2026-05-22 13:31:53,759 [WARNING] STATE: NORMAL -> DISTRACTED
2026-05-22 13:31:54,177 [WARNING] STATE: DISTRACTED -> NORMAL
2026-05-22 13:31:54,213 [WARNING] STATE: NORMAL -> DISTRACTED
2026-05-22 13:31:54,428 [WARNING] STATE: DISTRACTED -> NORMAL
2026-05-22 13:31:54,466 [WARNING] STATE: NORMAL -> DISTRACTED
2026-05-22 13:31:55,178 [WARNING] STATE: DISTRACTED -> NORMAL
2026-05-22 13:31:55,207 [WARNING] STATE: NORMAL -> DISTRACTED
2026-05-22 13:31:56,009 [WARNING] STATE: DISTRACTED -> NORMAL
2026-05-22 13:31:56,043 [WARNING] STATE: NORMAL -> DISTRACTED
2026-05-22 13:31:56,194 [WARNING] STATE: DISTRACTED -> NORMAL
2026-05-22 13:31:56,228 [WARNING] STATE: NORMAL -> DISTRACTED
2026-05-22 13:31:56,360 [WARNING] STATE: DISTRACTED -> NORMAL
2026-05-22 13:31:56,515 [WARNING] STATE: NORMAL -> DISTRACTED
2026-05-22 13:31:56,959 [WARNING] STATE: DISTRACTED -> DIZZY
2026-05-22 13:31:57,193 [WARNING] STATE: DIZZY -> DISTRACTED
2026-05-22 13:31:57,711 [WARNING] STATE: DISTRACTED -> DIZZY
2026-05-22 13:31:58,593 [WARNING] STATE: DIZZY -> NORMAL
2026-05-22 13:32:02,661 [WARNING] STATE: NORMAL -> DISTRACTED
2026-05-22 13:32:02,710 [WARNING] STATE: DISTRACTED -> DIZZY
2026-05-22 13:32:03,758 [WARNING] STATE: DIZZY -> DISTRACTED
2026-05-22 13:32:03,825 [WARNING] STATE: DISTRACTED -> DIZZY
2026-05-22 13:32:04,644 [WARNING] STATE: DIZZY -> DISTRACTED
2026-05-22 13:32:05,613 [WARNING] STATE: DISTRACTED -> DIZZY
2026-05-22 13:32:06,280 [WARNING] STATE: DIZZY -> DISTRACTED
2026-05-22 13:32:06,310 [WARNING] STATE: DISTRACTED -> DIZZY
2026-05-22 13:32:06,347 [WARNING] STATE: DIZZY -> DISTRACTED
2026-05-22 13:32:07,029 [WARNING] STATE: DISTRACTED -> NORMAL
2026-05-22 13:32:07,158 [WARNING] STATE: NORMAL -> DIZZY
2026-05-22 13:32:07,798 [WARNING] STATE: DIZZY -> DISTRACTED
2026-05-22 13:32:07,829 [WARNING] STATE: DISTRACTED -> DIZZY
2026-05-22 13:32:08,503 [WARNING] STATE: DIZZY -> DISTRACTED
2026-05-22 13:32:08,627 [WARNING] STATE: DISTRACTED -> DIZZY
2026-05-22 13:32:09,538 [WARNING] STATE: DIZZY -> NORMAL
2026-05-22 13:32:09,569 [WARNING] STATE: NORMAL -> DIZZY
2026-05-22 13:32:09,598 [WARNING] STATE: DIZZY -> NORMAL
2026-05-22 13:32:09,836 [WARNING] STATE: NORMAL -> DIZZY
2026-05-22 13:32:09,912 [WARNING] STATE: DIZZY -> NORMAL
2026-05-22 13:32:09,967 [WARNING] STATE: NORMAL -> DIZZY
2026-05-22 13:32:10,986 [WARNING] STATE: DIZZY -> NORMAL
2026-05-22 13:32:19,328 [WARNING] STATE: NORMAL -> DIZZY
2026-05-22 13:32:20,210 [WARNING] STATE: DIZZY -> DISTRACTED
2026-05-22 13:32:20,243 [WARNING] STATE: DISTRACTED -> DIZZY
2026-05-22 13:32:20,383 [WARNING] STATE: DIZZY -> DISTRACTED
2026-05-22 13:32:21,693 [WARNING] STATE: DISTRACTED -> DIZZY
2026-05-22 13:32:21,828 [WARNING] STATE: DIZZY -> NORMAL
2026-05-22 13:32:21,863 [WARNING] STATE: NORMAL -> DISTRACTED
2026-05-22 13:32:21,892 [WARNING] STATE: DISTRACTED -> NORMAL
2026-05-22 13:32:22,008 [WARNING] STATE: NORMAL -> DISTRACTED
2026-05-22 13:32:22,044 [WARNING] STATE: DISTRACTED -> NORMAL
2026-05-22 13:32:22,075 [WARNING] STATE: NORMAL -> DISTRACTED
2026-05-22 13:32:24,356 [WARNING] STATE: DISTRACTED -> NORMAL
2026-05-22 13:32:24,419 [WARNING] STATE: NORMAL -> DIZZY
2026-05-22 13:32:24,695 [WARNING] STATE: DIZZY -> DISTRACTED
2026-05-22 13:32:24,993 [WARNING] STATE: DISTRACTED -> DIZZY
2026-05-22 13:32:25,027 [WARNING] STATE: DIZZY -> DISTRACTED
2026-05-22 13:32:25,592 [WARNING] STATE: DISTRACTED -> DIZZY
2026-05-22 13:32:26,707 [WARNING] STATE: DIZZY -> NORMAL
2026-05-22 13:33:05,272 [WARNING] STATE: NORMAL -> DISTRACTED
2026-05-22 13:33:05,297 [WARNING] STATE: DISTRACTED -> NORMAL
2026-05-22 13:33:05,352 [WARNING] STATE: NORMAL -> DISTRACTED
2026-05-22 13:33:05,375 [WARNING] STATE: DISTRACTED -> NORMAL
2026-05-22 13:33:05,449 [WARNING] STATE: NORMAL -> DISTRACTED
2026-05-22 13:33:05,486 [WARNING] STATE: DISTRACTED -> DIZZY
2026-05-22 13:33:05,700 [WARNING] STATE: DIZZY -> NORMAL
2026-05-22 13:33:05,749 [WARNING] STATE: NORMAL -> DISTRACTED
2026-05-22 13:33:05,784 [WARNING] STATE: DISTRACTED -> NORMAL
2026-05-22 13:33:05,827 [WARNING] STATE: NORMAL -> DISTRACTED
2026-05-22 13:33:05,865 [WARNING] STATE: DISTRACTED -> DIZZY
2026-05-22 13:33:05,971 [WARNING] STATE: DIZZY -> NORMAL
2026-05-22 13:33:06,012 [WARNING] STATE: NORMAL -> DISTRACTED
2026-05-22 13:33:06,047 [WARNING] STATE: DISTRACTED -> DIZZY
2026-05-22 13:33:06,079 [WARNING] STATE: DIZZY -> NORMAL
2026-05-22 13:33:06,122 [WARNING] STATE: NORMAL -> DISTRACTED
2026-05-22 13:33:06,158 [WARNING] STATE: DISTRACTED -> DIZZY
2026-05-22 13:33:06,267 [WARNING] STATE: DIZZY -> NORMAL
2026-05-22 13:33:06,307 [WARNING] STATE: NORMAL -> DISTRACTED
2026-05-22 13:33:06,342 [WARNING] STATE: DISTRACTED -> NORMAL
2026-05-22 13:33:06,418 [WARNING] STATE: NORMAL -> DISTRACTED
2026-05-22 13:33:06,459 [WARNING] STATE: DISTRACTED -> NORMAL
2026-05-22 13:33:06,550 [WARNING] STATE: NORMAL -> DISTRACTED
2026-05-22 13:33:06,609 [WARNING] STATE: DISTRACTED -> DIZZY
2026-05-22 13:33:06,672 [WARNING] STATE: DIZZY -> NORMAL
2026-05-22 13:33:06,709 [WARNING] STATE: NORMAL -> DISTRACTED
2026-05-22 13:33:06,746 [WARNING] STATE: DISTRACTED -> DIZZY
2026-05-22 13:33:06,950 [WARNING] STATE: DIZZY -> NORMAL
2026-05-22 13:33:07,494 [WARNING] STATE: NORMAL -> DISTRACTED
2026-05-22 13:33:07,523 [WARNING] STATE: DISTRACTED -> DIZZY
2026-05-22 13:33:08,520 [WARNING] STATE: DIZZY -> DISTRACTED
2026-05-22 13:33:08,940 [WARNING] STATE: DISTRACTED -> NORMAL
2026-05-22 13:33:09,363 [WARNING] STATE: NORMAL -> DISTRACTED
2026-05-22 13:33:10,332 [WARNING] STATE: DISTRACTED -> NORMAL
2026-05-22 13:33:10,436 [WARNING] STATE: NORMAL -> DISTRACTED
2026-05-22 13:33:10,775 [WARNING] STATE: DISTRACTED -> DIZZY
2026-05-22 13:33:12,310 [WARNING] STATE: DIZZY -> DISTRACTED
2026-05-22 13:33:15,992 [WARNING] STATE: DISTRACTED -> NORMAL
2026-05-22 13:33:16,027 [WARNING] STATE: NORMAL -> DISTRACTED
2026-05-22 13:33:16,484 [WARNING] STATE: DISTRACTED -> NORMAL
2026-05-22 13:33:16,520 [WARNING] STATE: NORMAL -> DISTRACTED
2026-05-22 13:33:16,758 [WARNING] STATE: DISTRACTED -> NORMAL
2026-05-22 13:33:16,788 [WARNING] STATE: NORMAL -> DISTRACTED
2026-05-22 13:33:16,997 [WARNING] STATE: DISTRACTED -> NORMAL
2026-05-22 13:33:17,030 [WARNING] STATE: NORMAL -> DISTRACTED
2026-05-22 13:33:20,386 [WARNING] STATE: DISTRACTED -> NORMAL
2026-05-22 13:33:20,450 [WARNING] STATE: NORMAL -> DIZZY
2026-05-22 13:33:21,943 [WARNING] STATE: DIZZY -> NORMAL
2026-05-22 13:33:22,274 [WARNING] STATE: NORMAL -> DISTRACTED
2026-05-22 13:33:22,288 [WARNING] STATE: DISTRACTED -> NORMAL
2026-05-22 13:33:22,309 [WARNING] STATE: NORMAL -> DISTRACTED
2026-05-22 13:33:22,342 [WARNING] STATE: DISTRACTED -> NORMAL
2026-05-22 13:33:22,375 [WARNING] STATE: NORMAL -> DISTRACTED
2026-05-22 13:33:22,804 [WARNING] STATE: DISTRACTED -> NORMAL
2026-05-22 13:33:22,838 [WARNING] STATE: NORMAL -> DISTRACTED
2026-05-22 13:33:22,884 [WARNING] STATE: DISTRACTED -> NORMAL
2026-05-22 13:33:23,746 [WARNING] STATE: NORMAL -> DROWSY
2026-05-22 13:33:24,664 [WARNING] STATE: DROWSY -> NORMAL
2026-05-22 13:33:27,046 [WARNING] STATE: NORMAL -> DIZZY
2026-05-22 13:33:27,191 [WARNING] STATE: DIZZY -> NORMAL
2026-05-22 13:33:27,316 [WARNING] STATE: NORMAL -> DISTRACTED
2026-05-22 13:33:27,346 [WARNING] STATE: DISTRACTED -> NORMAL
2026-05-22 13:33:27,444 [WARNING] STATE: NORMAL -> DISTRACTED
2026-05-22 13:33:27,522 [WARNING] STATE: DISTRACTED -> NORMAL
2026-05-22 13:33:27,621 [WARNING] STATE: NORMAL -> DISTRACTED
2026-05-22 13:33:28,518 [INFO] Stopping ADAMS
2026-05-22 13:38:02,180 [INFO] Starting ADAMS v3
2026-05-22 13:38:02,181 [WARNING] smbus2 not installed – LCD disabled. Run: pip install smbus2
2026-05-22 13:38:02,182 [WARNING] GPIO unavailable – simulation mode
2026-05-22 13:38:02,802 [INFO] Firebase connected
2026-05-22 13:38:04,344 [WARNING] STATE: NORMAL -> DIZZY
2026-05-22 13:38:04,387 [WARNING] STATE: DIZZY -> NORMAL
2026-05-22 13:38:05,120 [WARNING] STATE: NORMAL -> DISTRACTED
2026-05-22 13:38:05,487 [WARNING] STATE: DISTRACTED -> NORMAL
2026-05-22 13:38:05,662 [WARNING] STATE: NORMAL -> DISTRACTED
2026-05-22 13:38:05,794 [WARNING] STATE: DISTRACTED -> DIZZY
2026-05-22 13:38:06,095 [WARNING] STATE: DIZZY -> DISTRACTED
2026-05-22 13:38:07,845 [WARNING] STATE: DISTRACTED -> NORMAL
2026-05-22 13:38:07,956 [WARNING] STATE: NORMAL -> DIZZY
2026-05-22 13:38:08,657 [WARNING] STATE: DIZZY -> DISTRACTED
2026-05-22 13:38:08,786 [WARNING] STATE: DISTRACTED -> DIZZY
2026-05-22 13:38:09,601 [WARNING] STATE: DIZZY -> DISTRACTED
2026-05-22 13:38:11,377 [WARNING] STATE: DISTRACTED -> NORMAL
2026-05-22 13:38:11,407 [WARNING] STATE: NORMAL -> DIZZY
2026-05-22 13:38:12,049 [WARNING] STATE: DIZZY -> DISTRACTED
2026-05-22 13:38:12,864 [WARNING] STATE: DISTRACTED -> DIZZY
2026-05-22 13:38:13,631 [WARNING] STATE: DIZZY -> NORMAL
2026-05-22 13:38:13,872 [WARNING] STATE: NORMAL -> DISTRACTED
2026-05-22 13:38:14,097 [WARNING] STATE: DISTRACTED -> NORMAL
2026-05-22 13:38:16,751 [WARNING] STATE: NORMAL -> DROWSY
2026-05-22 13:38:19,713 [WARNING] STATE: DROWSY -> DISTRACTED
2026-05-22 13:38:19,825 [WARNING] STATE: DISTRACTED -> DROWSY
2026-05-22 13:38:19,855 [WARNING] STATE: DROWSY -> DISTRACTED
2026-05-22 13:38:19,923 [WARNING] STATE: DISTRACTED -> DROWSY
2026-05-22 13:38:20,130 [WARNING] STATE: DROWSY -> NORMAL
2026-05-22 13:38:20,224 [WARNING] STATE: NORMAL -> DISTRACTED
2026-05-22 13:38:21,443 [WARNING] STATE: DISTRACTED -> NORMAL
2026-05-22 13:38:22,268 [WARNING] STATE: NORMAL -> DISTRACTED
2026-05-22 13:38:22,849 [WARNING] STATE: DISTRACTED -> NORMAL
2026-05-22 13:38:23,090 [WARNING] STATE: NORMAL -> DISTRACTED
2026-05-22 13:38:23,117 [WARNING] STATE: DISTRACTED -> DIZZY
2026-05-22 13:38:23,785 [WARNING] STATE: DIZZY -> DISTRACTED
2026-05-22 13:38:24,653 [WARNING] STATE: DISTRACTED -> DIZZY
2026-05-22 13:38:25,263 [WARNING] STATE: DIZZY -> DISTRACTED
2026-05-22 13:38:25,806 [WARNING] STATE: DISTRACTED -> DIZZY
2026-05-22 13:38:26,269 [WARNING] STATE: DIZZY -> DISTRACTED
2026-05-22 13:38:30,350 [WARNING] STATE: DISTRACTED -> DIZZY
2026-05-22 13:38:31,215 [WARNING] STATE: DIZZY -> DISTRACTED
2026-05-22 13:38:32,303 [WARNING] STATE: DISTRACTED -> NORMAL
2026-05-22 13:38:32,319 [WARNING] STATE: NORMAL -> DISTRACTED
2026-05-22 13:38:32,336 [WARNING] STATE: DISTRACTED -> NORMAL
2026-05-22 13:38:32,864 [WARNING] STATE: NORMAL -> DISTRACTED
2026-05-22 13:38:32,943 [WARNING] STATE: DISTRACTED -> NORMAL
2026-05-22 13:38:33,441 [WARNING] STATE: NORMAL -> DISTRACTED
2026-05-22 13:38:33,479 [WARNING] STATE: DISTRACTED -> NORMAL
2026-05-22 13:38:33,536 [WARNING] STATE: NORMAL -> DISTRACTED
2026-05-22 13:38:33,584 [WARNING] STATE: DISTRACTED -> NORMAL
2026-05-22 13:38:34,446 [WARNING] STATE: NORMAL -> DIZZY
2026-05-22 13:38:35,205 [WARNING] STATE: DIZZY -> DISTRACTED
2026-05-22 13:38:36,209 [WARNING] STATE: DISTRACTED -> NORMAL
2026-05-22 13:38:36,253 [WARNING] STATE: NORMAL -> DISTRACTED
2026-05-22 13:38:36,407 [WARNING] STATE: DISTRACTED -> NORMAL
2026-05-22 13:38:36,540 [WARNING] STATE: NORMAL -> DISTRACTED
2026-05-22 13:38:36,582 [WARNING] STATE: DISTRACTED -> NORMAL
2026-05-22 13:38:37,378 [WARNING] STATE: NORMAL -> DISTRACTED
2026-05-22 13:38:37,738 [WARNING] STATE: DISTRACTED -> NORMAL
2026-05-22 13:38:39,072 [WARNING] STATE: NORMAL -> DISTRACTED
2026-05-22 13:38:39,342 [WARNING] STATE: DISTRACTED -> DIZZY
2026-05-22 13:38:40,264 [WARNING] STATE: DIZZY -> DISTRACTED
2026-05-22 13:38:41,363 [WARNING] STATE: DISTRACTED -> DIZZY
2026-05-22 13:38:42,227 [WARNING] STATE: DIZZY -> NORMAL
2026-05-22 13:38:43,281 [WARNING] STATE: NORMAL -> DISTRACTED
2026-05-22 13:38:43,310 [WARNING] STATE: DISTRACTED -> NORMAL
2026-05-22 13:38:43,336 [WARNING] STATE: NORMAL -> DISTRACTED
2026-05-22 13:38:43,365 [WARNING] STATE: DISTRACTED -> NORMAL
2026-05-22 13:38:43,447 [WARNING] STATE: NORMAL -> DISTRACTED
2026-05-22 13:38:43,495 [WARNING] STATE: DISTRACTED -> NORMAL
2026-05-22 13:38:43,558 [WARNING] STATE: NORMAL -> DISTRACTED
2026-05-22 13:38:43,622 [WARNING] STATE: DISTRACTED -> NORMAL
2026-05-22 13:38:43,659 [WARNING] STATE: NORMAL -> DISTRACTED
2026-05-22 13:38:43,706 [WARNING] STATE: DISTRACTED -> NORMAL
2026-05-22 13:38:43,806 [WARNING] STATE: NORMAL -> DISTRACTED
2026-05-22 13:38:44,728 [WARNING] STATE: DISTRACTED -> NORMAL
2026-05-22 13:38:45,052 [WARNING] STATE: NORMAL -> DISTRACTED
2026-05-22 13:38:45,114 [WARNING] STATE: DISTRACTED -> DIZZY
2026-05-22 13:38:46,403 [WARNING] STATE: DIZZY -> NORMAL
2026-05-22 13:38:46,446 [WARNING] STATE: NORMAL -> DISTRACTED
2026-05-22 13:38:46,502 [WARNING] STATE: DISTRACTED -> NORMAL
2026-05-22 13:38:46,530 [WARNING] STATE: NORMAL -> DISTRACTED
2026-05-22 13:38:46,611 [WARNING] STATE: DISTRACTED -> DIZZY
2026-05-22 13:38:46,674 [WARNING] STATE: DIZZY -> DISTRACTED
2026-05-22 13:38:48,776 [WARNING] STATE: DISTRACTED -> DIZZY
2026-05-22 13:38:49,482 [WARNING] STATE: DIZZY -> NORMAL
2026-05-22 13:38:49,813 [WARNING] STATE: NORMAL -> DIZZY
2026-05-22 13:38:51,137 [WARNING] STATE: DIZZY -> NORMAL
2026-05-22 13:38:51,200 [WARNING] STATE: NORMAL -> DIZZY
2026-05-22 13:38:51,869 [WARNING] STATE: DIZZY -> DISTRACTED
2026-05-22 13:38:52,017 [WARNING] STATE: DISTRACTED -> DIZZY
2026-05-22 13:38:52,782 [WARNING] STATE: DIZZY -> DISTRACTED
2026-05-22 13:38:53,270 [WARNING] STATE: DISTRACTED -> DIZZY
2026-05-22 13:38:53,442 [WARNING] STATE: DIZZY -> DISTRACTED
2026-05-22 13:38:53,506 [WARNING] STATE: DISTRACTED -> NORMAL
2026-05-22 13:38:53,538 [WARNING] STATE: NORMAL -> DISTRACTED
2026-05-22 13:38:54,554 [WARNING] STATE: DISTRACTED -> NORMAL
2026-05-22 13:38:55,005 [WARNING] STATE: NORMAL -> DISTRACTED
2026-05-22 13:38:55,538 [INFO] Stopping ADAMS
2026-05-22 13:39:32,281 [INFO] Starting ADAMS v3
2026-05-22 13:39:32,282 [WARNING] smbus2 not installed – LCD disabled. Run: pip install smbus2
2026-05-22 13:39:32,282 [WARNING] GPIO unavailable – simulation mode
2026-05-22 13:39:32,740 [INFO] Firebase connected
2026-05-22 13:39:37,719 [WARNING] STATE: NORMAL -> DISTRACTED
2026-05-22 13:39:38,497 [WARNING] STATE: DISTRACTED -> NORMAL
2026-05-22 13:39:38,529 [WARNING] STATE: NORMAL -> DISTRACTED
2026-05-22 13:39:39,399 [WARNING] STATE: DISTRACTED -> NORMAL
2026-05-22 13:39:39,440 [WARNING] STATE: NORMAL -> DISTRACTED
2026-05-22 13:39:39,472 [WARNING] STATE: DISTRACTED -> NORMAL
2026-05-22 13:39:41,553 [WARNING] STATE: NORMAL -> DISTRACTED
2026-05-22 13:39:42,964 [WARNING] STATE: DISTRACTED -> NORMAL
2026-05-22 13:39:47,983 [WARNING] STATE: NORMAL -> DISTRACTED
2026-05-22 13:39:49,286 [WARNING] STATE: DISTRACTED -> DIZZY
2026-05-22 13:39:50,444 [WARNING] STATE: DIZZY -> NORMAL
2026-05-22 13:39:52,407 [WARNING] STATE: NORMAL -> DISTRACTED
2026-05-22 13:39:54,513 [WARNING] STATE: DISTRACTED -> NORMAL
2026-05-22 13:39:54,657 [WARNING] STATE: NORMAL -> DISTRACTED
2026-05-22 13:39:54,691 [WARNING] STATE: DISTRACTED -> DIZZY
2026-05-22 13:39:55,122 [WARNING] STATE: DIZZY -> NORMAL
2026-05-22 13:39:55,155 [WARNING] STATE: NORMAL -> DISTRACTED
2026-05-22 13:39:55,234 [WARNING] STATE: DISTRACTED -> NORMAL
2026-05-22 13:39:55,331 [WARNING] STATE: NORMAL -> DISTRACTED
2026-05-22 13:39:55,397 [WARNING] STATE: DISTRACTED -> NORMAL
2026-05-22 13:39:56,162 [WARNING] STATE: NORMAL -> DISTRACTED
2026-05-22 13:39:56,239 [WARNING] STATE: DISTRACTED -> NORMAL
2026-05-22 13:39:56,338 [WARNING] STATE: NORMAL -> DISTRACTED
2026-05-22 13:39:56,403 [WARNING] STATE: DISTRACTED -> NORMAL
2026-05-22 13:39:56,434 [WARNING] STATE: NORMAL -> DISTRACTED
2026-05-22 13:39:56,545 [WARNING] STATE: DISTRACTED -> NORMAL
2026-05-22 13:39:56,579 [WARNING] STATE: NORMAL -> DISTRACTED
2026-05-22 13:39:56,642 [WARNING] STATE: DISTRACTED -> NORMAL
2026-05-22 13:39:56,672 [WARNING] STATE: NORMAL -> DISTRACTED
2026-05-22 13:39:56,947 [WARNING] STATE: DISTRACTED -> NORMAL
2026-05-22 13:39:56,976 [WARNING] STATE: NORMAL -> DISTRACTED
2026-05-22 13:39:57,039 [WARNING] STATE: DISTRACTED -> NORMAL
2026-05-22 13:39:57,075 [WARNING] STATE: NORMAL -> DISTRACTED
2026-05-22 13:39:57,135 [WARNING] STATE: DISTRACTED -> NORMAL
2026-05-22 13:39:57,185 [WARNING] STATE: NORMAL -> DISTRACTED
2026-05-22 13:39:57,345 [WARNING] STATE: DISTRACTED -> NORMAL
2026-05-22 13:39:57,375 [WARNING] STATE: NORMAL -> DISTRACTED
2026-05-22 13:39:57,552 [WARNING] STATE: DISTRACTED -> NORMAL
2026-05-22 13:39:57,562 [WARNING] STATE: NORMAL -> DISTRACTED
2026-05-22 13:39:57,584 [WARNING] STATE: DISTRACTED -> NORMAL
2026-05-22 13:39:57,619 [WARNING] STATE: NORMAL -> DISTRACTED
2026-05-22 13:39:58,356 [WARNING] STATE: DISTRACTED -> NORMAL
2026-05-22 13:39:58,384 [WARNING] STATE: NORMAL -> DISTRACTED
2026-05-22 13:39:58,788 [WARNING] STATE: DISTRACTED -> DIZZY
2026-05-22 13:39:59,844 [WARNING] STATE: DIZZY -> DISTRACTED
2026-05-22 13:40:00,682 [WARNING] STATE: DISTRACTED -> NORMAL
2026-05-22 13:40:00,707 [WARNING] STATE: NORMAL -> DISTRACTED
2026-05-22 13:40:00,816 [WARNING] STATE: DISTRACTED -> NORMAL
2026-05-22 13:40:00,828 [WARNING] STATE: NORMAL -> DISTRACTED
2026-05-22 13:40:00,881 [WARNING] STATE: DISTRACTED -> NORMAL
2026-05-22 13:40:02,290 [WARNING] STATE: NORMAL -> DISTRACTED
2026-05-22 13:40:02,354 [WARNING] STATE: DISTRACTED -> NORMAL
2026-05-22 13:40:02,387 [WARNING] STATE: NORMAL -> DISTRACTED
2026-05-22 13:40:02,466 [WARNING] STATE: DISTRACTED -> NORMAL
2026-05-22 13:40:02,656 [WARNING] STATE: NORMAL -> DISTRACTED
2026-05-22 13:40:02,721 [WARNING] STATE: DISTRACTED -> NORMAL
2026-05-22 13:40:02,803 [WARNING] STATE: NORMAL -> DISTRACTED
2026-05-22 13:40:02,868 [WARNING] STATE: DISTRACTED -> NORMAL
2026-05-22 13:40:02,898 [WARNING] STATE: NORMAL -> DISTRACTED
2026-05-22 13:40:03,026 [WARNING] STATE: DISTRACTED -> NORMAL
2026-05-22 13:40:04,276 [WARNING] STATE: NORMAL -> DISTRACTED
2026-05-22 13:40:04,307 [WARNING] STATE: DISTRACTED -> NORMAL
2026-05-22 13:40:04,483 [WARNING] STATE: NORMAL -> DISTRACTED
2026-05-22 13:40:04,512 [WARNING] STATE: DISTRACTED -> NORMAL
2026-05-22 13:40:04,545 [WARNING] STATE: NORMAL -> DISTRACTED
2026-05-22 13:40:04,576 [WARNING] STATE: DISTRACTED -> NORMAL
2026-05-22 13:40:04,785 [WARNING] STATE: NORMAL -> DISTRACTED
2026-05-22 13:40:04,796 [WARNING] STATE: DISTRACTED -> NORMAL
2026-05-22 13:40:04,819 [WARNING] STATE: NORMAL -> DISTRACTED
2026-05-22 13:40:04,945 [WARNING] STATE: DISTRACTED -> NORMAL
2026-05-22 13:40:06,650 [WARNING] STATE: NORMAL -> DISTRACTED
2026-05-22 13:40:06,809 [WARNING] STATE: DISTRACTED -> NORMAL
2026-05-22 13:40:06,933 [WARNING] STATE: NORMAL -> DISTRACTED
2026-05-22 13:40:06,967 [WARNING] STATE: DISTRACTED -> NORMAL
2026-05-22 13:40:06,999 [WARNING] STATE: NORMAL -> DISTRACTED
2026-05-22 13:40:07,827 [WARNING] STATE: DISTRACTED -> NORMAL
2026-05-22 13:40:07,884 [WARNING] STATE: NORMAL -> DISTRACTED
2026-05-22 13:40:07,932 [WARNING] STATE: DISTRACTED -> NORMAL
2026-05-22 13:40:10,000 [WARNING] STATE: NORMAL -> DISTRACTED
2026-05-22 13:40:10,037 [WARNING] STATE: DISTRACTED -> NORMAL
2026-05-22 13:40:10,098 [WARNING] STATE: NORMAL -> DISTRACTED
2026-05-22 13:40:10,164 [WARNING] STATE: DISTRACTED -> NORMAL
2026-05-22 13:40:10,193 [WARNING] STATE: NORMAL -> DISTRACTED
2026-05-22 13:40:10,474 [WARNING] STATE: DISTRACTED -> NORMAL
2026-05-22 13:40:10,632 [WARNING] STATE: NORMAL -> DISTRACTED
2026-05-22 13:40:12,232 [WARNING] STATE: DISTRACTED -> NORMAL
2026-05-22 13:40:12,266 [WARNING] STATE: NORMAL -> DISTRACTED
2026-05-22 13:40:12,296 [WARNING] STATE: DISTRACTED -> NORMAL
2026-05-22 13:40:15,340 [WARNING] STATE: NORMAL -> DISTRACTED
2026-05-22 13:40:16,274 [WARNING] STATE: DISTRACTED -> NORMAL
2026-05-22 13:40:19,372 [WARNING] STATE: NORMAL -> DISTRACTED
2026-05-22 13:40:19,407 [WARNING] STATE: DISTRACTED -> NORMAL
2026-05-22 13:40:19,440 [WARNING] STATE: NORMAL -> DISTRACTED
2026-05-22 13:40:21,099 [WARNING] STATE: DISTRACTED -> NORMAL
2026-05-22 13:40:21,290 [WARNING] STATE: NORMAL -> DISTRACTED
2026-05-22 13:40:21,510 [WARNING] STATE: DISTRACTED -> NORMAL
2026-05-22 13:40:21,930 [WARNING] STATE: NORMAL -> DISTRACTED
2026-05-22 13:40:22,523 [WARNING] STATE: DISTRACTED -> NORMAL
2026-05-22 13:40:22,631 [WARNING] STATE: NORMAL -> DISTRACTED
2026-05-22 13:40:22,660 [WARNING] STATE: DISTRACTED -> NORMAL
2026-05-22 13:40:22,896 [WARNING] STATE: NORMAL -> DISTRACTED
2026-05-22 13:40:22,931 [WARNING] STATE: DISTRACTED -> NORMAL
2026-05-22 13:40:24,128 [WARNING] STATE: NORMAL -> DISTRACTED
2026-05-22 13:40:24,177 [WARNING] STATE: DISTRACTED -> NORMAL
2026-05-22 13:40:24,237 [WARNING] STATE: NORMAL -> DISTRACTED
2026-05-22 13:40:24,268 [WARNING] STATE: DISTRACTED -> NORMAL
2026-05-22 13:40:24,521 [WARNING] STATE: NORMAL -> DISTRACTED
2026-05-22 13:40:24,940 [WARNING] STATE: DISTRACTED -> NORMAL
2026-05-22 13:40:24,972 [WARNING] STATE: NORMAL -> DISTRACTED
2026-05-22 13:40:25,018 [WARNING] STATE: DISTRACTED -> NORMAL
2026-05-22 13:40:25,052 [WARNING] STATE: NORMAL -> DISTRACTED
2026-05-22 13:40:25,081 [WARNING] STATE: DISTRACTED -> NORMAL
2026-05-22 13:40:25,114 [WARNING] STATE: NORMAL -> DISTRACTED
2026-05-22 13:40:25,487 [WARNING] STATE: DISTRACTED -> NORMAL
2026-05-22 13:40:26,624 [WARNING] STATE: NORMAL -> DISTRACTED
2026-05-22 13:40:27,607 [WARNING] STATE: DISTRACTED -> NORMAL
2026-05-22 13:40:27,638 [WARNING] STATE: NORMAL -> DISTRACTED
2026-05-22 13:40:27,669 [WARNING] STATE: DISTRACTED -> NORMAL
2026-05-22 13:40:30,029 [WARNING] STATE: NORMAL -> DISTRACTED
2026-05-22 13:40:30,064 [WARNING] STATE: DISTRACTED -> NORMAL
2026-05-22 13:40:30,097 [WARNING] STATE: NORMAL -> DISTRACTED
2026-05-22 13:40:30,139 [WARNING] STATE: DISTRACTED -> NORMAL
2026-05-22 13:40:30,200 [WARNING] STATE: NORMAL -> DISTRACTED
2026-05-22 13:40:30,261 [WARNING] STATE: DISTRACTED -> NORMAL
2026-05-22 13:40:30,295 [WARNING] STATE: NORMAL -> DISTRACTED
2026-05-22 13:40:30,412 [WARNING] STATE: DISTRACTED -> DIZZY
2026-05-22 13:40:31,975 [WARNING] STATE: DIZZY -> DISTRACTED
2026-05-22 13:40:32,523 [WARNING] STATE: DISTRACTED -> DIZZY
2026-05-22 13:40:34,098 [WARNING] STATE: DIZZY -> DISTRACTED
2026-05-22 13:40:34,297 [WARNING] STATE: DISTRACTED -> DIZZY
2026-05-22 13:40:35,262 [WARNING] STATE: DIZZY -> DISTRACTED
2026-05-22 13:40:36,368 [WARNING] STATE: DISTRACTED -> NORMAL
2026-05-22 13:40:36,565 [WARNING] STATE: NORMAL -> DISTRACTED
2026-05-22 13:40:36,932 [INFO] Stopping ADAMS
2026-05-22 13:46:26,523 [INFO] Starting ADAMS v3
2026-05-22 13:46:26,524 [WARNING] smbus2 not installed – LCD disabled. Run: pip install smbus2
2026-05-22 13:46:26,524 [WARNING] GPIO unavailable – simulation mode
2026-05-22 13:46:27,300 [INFO] Firebase connected
2026-05-22 13:46:29,160 [WARNING] STATE: NORMAL -> DISTRACTED
2026-05-22 13:46:29,279 [WARNING] STATE: DISTRACTED -> DIZZY
2026-05-22 13:46:29,911 [WARNING] STATE: DIZZY -> NORMAL
2026-05-22 13:46:29,944 [WARNING] STATE: NORMAL -> DISTRACTED
2026-05-22 13:46:31,423 [WARNING] STATE: DISTRACTED -> NORMAL
2026-05-22 13:46:31,627 [WARNING] STATE: NORMAL -> DISTRACTED
2026-05-22 13:46:31,891 [WARNING] STATE: DISTRACTED -> DIZZY
2026-05-22 13:46:33,084 [WARNING] STATE: DIZZY -> DISTRACTED
2026-05-22 13:46:34,395 [WARNING] STATE: DISTRACTED -> NORMAL
2026-05-22 13:46:34,447 [WARNING] STATE: NORMAL -> DISTRACTED
2026-05-22 13:46:34,486 [WARNING] STATE: DISTRACTED -> NORMAL
2026-05-22 13:46:34,546 [WARNING] STATE: NORMAL -> DISTRACTED
2026-05-22 13:46:34,849 [WARNING] STATE: DISTRACTED -> NORMAL
2026-05-22 13:46:34,884 [WARNING] STATE: NORMAL -> DISTRACTED
2026-05-22 13:47:02,610 [WARNING] STATE: DISTRACTED -> DIZZY
2026-05-22 13:47:02,711 [WARNING] STATE: DIZZY -> DISTRACTED
2026-05-22 13:47:02,782 [WARNING] STATE: DISTRACTED -> DIZZY
2026-05-22 13:47:02,914 [WARNING] STATE: DIZZY -> DISTRACTED
2026-05-22 13:47:03,984 [WARNING] STATE: DISTRACTED -> NORMAL
2026-05-22 13:47:04,727 [WARNING] STATE: NORMAL -> DISTRACTED
2026-05-22 13:47:05,129 [INFO] Stopping ADAMS
2026-05-22 13:48:12,281 [INFO] Starting ADAMS v3
2026-05-22 13:48:12,282 [WARNING] smbus2 not installed – LCD disabled. Run: pip install smbus2
2026-05-22 13:48:12,282 [WARNING] GPIO unavailable – simulation mode
2026-05-22 13:48:12,608 [INFO] Firebase connected
2026-05-22 13:48:14,123 [WARNING] STATE: NORMAL -> DIZZY
2026-05-22 13:48:14,168 [WARNING] STATE: DIZZY -> DISTRACTED
2026-05-22 13:48:14,298 [WARNING] STATE: DISTRACTED -> NORMAL
2026-05-22 13:48:14,506 [WARNING] STATE: NORMAL -> DISTRACTED
2026-05-22 13:48:14,664 [WARNING] STATE: DISTRACTED -> NORMAL
2026-05-22 13:48:14,777 [WARNING] STATE: NORMAL -> DISTRACTED
2026-05-22 13:48:14,875 [WARNING] STATE: DISTRACTED -> NORMAL
2026-05-22 13:48:17,116 [WARNING] STATE: NORMAL -> DISTRACTED
2026-05-22 13:48:17,158 [WARNING] STATE: DISTRACTED -> NORMAL
2026-05-22 13:48:17,205 [WARNING] STATE: NORMAL -> DISTRACTED
2026-05-22 13:48:17,244 [WARNING] STATE: DISTRACTED -> NORMAL
2026-05-22 13:48:17,319 [WARNING] STATE: NORMAL -> DISTRACTED
2026-05-22 13:48:17,355 [WARNING] STATE: DISTRACTED -> NORMAL
2026-05-22 13:48:17,390 [WARNING] STATE: NORMAL -> DISTRACTED
2026-05-22 13:48:17,484 [WARNING] STATE: DISTRACTED -> NORMAL
2026-05-22 13:48:17,506 [WARNING] STATE: NORMAL -> DISTRACTED
2026-05-22 13:48:17,571 [WARNING] STATE: DISTRACTED -> NORMAL
2026-05-22 13:48:17,664 [WARNING] STATE: NORMAL -> DISTRACTED
2026-05-22 13:48:17,701 [WARNING] STATE: DISTRACTED -> NORMAL
2026-05-22 13:48:17,744 [WARNING] STATE: NORMAL -> DISTRACTED
2026-05-22 13:48:17,783 [WARNING] STATE: DISTRACTED -> NORMAL
2026-05-22 13:48:17,823 [WARNING] STATE: NORMAL -> DISTRACTED
2026-05-22 13:48:17,910 [WARNING] STATE: DISTRACTED -> NORMAL
2026-05-22 13:48:17,944 [WARNING] STATE: NORMAL -> DISTRACTED
2026-05-22 13:48:17,973 [WARNING] STATE: DISTRACTED -> NORMAL
2026-05-22 13:48:18,109 [WARNING] STATE: NORMAL -> DISTRACTED
2026-05-22 13:48:18,146 [WARNING] STATE: DISTRACTED -> NORMAL
2026-05-22 13:48:18,182 [WARNING] STATE: NORMAL -> DISTRACTED
2026-05-22 13:48:18,233 [WARNING] STATE: DISTRACTED -> NORMAL
2026-05-22 13:48:18,372 [WARNING] STATE: NORMAL -> DISTRACTED
2026-05-22 13:48:18,415 [WARNING] STATE: DISTRACTED -> NORMAL
2026-05-22 13:48:18,447 [WARNING] STATE: NORMAL -> DISTRACTED
2026-05-22 13:48:18,496 [WARNING] STATE: DISTRACTED -> NORMAL
2026-05-22 13:48:18,638 [WARNING] STATE: NORMAL -> DISTRACTED
2026-05-22 13:48:18,673 [WARNING] STATE: DISTRACTED -> NORMAL
2026-05-22 13:48:18,757 [WARNING] STATE: NORMAL -> DISTRACTED
2026-05-22 13:48:18,827 [WARNING] STATE: DISTRACTED -> NORMAL
2026-05-22 13:48:18,863 [WARNING] STATE: NORMAL -> DISTRACTED
2026-05-22 13:48:18,908 [WARNING] STATE: DISTRACTED -> NORMAL
2026-05-22 13:48:19,035 [WARNING] STATE: NORMAL -> DISTRACTED
2026-05-22 13:48:19,077 [WARNING] STATE: DISTRACTED -> NORMAL
2026-05-22 13:48:19,222 [WARNING] STATE: NORMAL -> DISTRACTED
2026-05-22 13:48:19,355 [WARNING] STATE: DISTRACTED -> NORMAL
2026-05-22 13:48:19,393 [WARNING] STATE: NORMAL -> DISTRACTED
2026-05-22 13:48:19,518 [WARNING] STATE: DISTRACTED -> NORMAL
2026-05-22 13:48:19,560 [WARNING] STATE: NORMAL -> DISTRACTED
2026-05-22 13:48:19,640 [WARNING] STATE: DISTRACTED -> NORMAL
2026-05-22 13:48:19,678 [WARNING] STATE: NORMAL -> DISTRACTED
2026-05-22 13:48:19,712 [WARNING] STATE: DISTRACTED -> NORMAL
2026-05-22 13:48:19,748 [WARNING] STATE: NORMAL -> DISTRACTED
2026-05-22 13:48:19,855 [WARNING] STATE: DISTRACTED -> NORMAL
2026-05-22 13:48:19,891 [WARNING] STATE: NORMAL -> DISTRACTED
2026-05-22 13:48:19,971 [WARNING] STATE: DISTRACTED -> NORMAL
2026-05-22 13:48:20,007 [WARNING] STATE: NORMAL -> DISTRACTED
2026-05-22 13:48:20,049 [WARNING] STATE: DISTRACTED -> NORMAL
2026-05-22 13:48:20,095 [WARNING] STATE: NORMAL -> DISTRACTED
2026-05-22 13:48:20,171 [WARNING] STATE: DISTRACTED -> NORMAL
2026-05-22 13:48:20,261 [WARNING] STATE: NORMAL -> DISTRACTED
2026-05-22 13:48:20,295 [WARNING] STATE: DISTRACTED -> NORMAL
2026-05-22 13:48:20,340 [WARNING] STATE: NORMAL -> DISTRACTED
2026-05-22 13:48:20,410 [WARNING] STATE: DISTRACTED -> NORMAL
2026-05-22 13:48:20,445 [WARNING] STATE: NORMAL -> DISTRACTED
2026-05-22 13:48:20,481 [WARNING] STATE: DISTRACTED -> NORMAL
2026-05-22 13:48:21,716 [WARNING] STATE: NORMAL -> DISTRACTED
2026-05-22 13:48:22,137 [WARNING] STATE: DISTRACTED -> NORMAL
2026-05-22 13:48:22,252 [WARNING] STATE: NORMAL -> DISTRACTED
2026-05-22 13:48:22,291 [WARNING] STATE: DISTRACTED -> NORMAL
2026-05-22 13:48:22,339 [WARNING] STATE: NORMAL -> DISTRACTED
2026-05-22 13:48:22,416 [WARNING] STATE: DISTRACTED -> NORMAL
2026-05-22 13:48:22,453 [WARNING] STATE: NORMAL -> DISTRACTED
2026-05-22 13:48:22,687 [WARNING] STATE: DISTRACTED -> NORMAL
2026-05-22 13:48:23,084 [WARNING] STATE: NORMAL -> DISTRACTED
2026-05-22 13:48:23,369 [WARNING] STATE: DISTRACTED -> NORMAL
2026-05-22 13:48:24,491 [WARNING] STATE: NORMAL -> DISTRACTED
2026-05-22 13:48:25,309 [INFO] Stopping ADAMS
2026-05-22 14:32:32,616 [INFO] Starting ADAMS v3
2026-05-22 14:32:32,616 [WARNING] smbus2 not installed – LCD disabled. Run: pip install smbus2
2026-05-22 14:32:32,617 [WARNING] GPIO unavailable – simulation mode
2026-05-22 14:32:33,313 [INFO] Firebase connected
2026-05-22 14:32:35,391 [WARNING] STATE: NORMAL -> DISTRACTED
2026-05-22 14:32:35,719 [WARNING] STATE: DISTRACTED -> DIZZY
2026-05-22 14:32:35,990 [WARNING] STATE: DIZZY -> NORMAL
2026-05-22 14:32:36,517 [WARNING] STATE: NORMAL -> DIZZY
2026-05-22 14:32:37,523 [WARNING] STATE: DIZZY -> DISTRACTED
2026-05-22 14:32:38,841 [WARNING] STATE: DISTRACTED -> NORMAL
2026-05-22 14:32:38,950 [WARNING] STATE: NORMAL -> DIZZY
2026-05-22 14:32:39,505 [WARNING] STATE: DIZZY -> DISTRACTED
2026-05-22 14:32:40,390 [WARNING] STATE: DISTRACTED -> NORMAL
2026-05-22 14:32:40,518 [WARNING] STATE: NORMAL -> DISTRACTED
2026-05-22 14:32:41,364 [WARNING] STATE: DISTRACTED -> NORMAL
2026-05-22 14:32:41,462 [WARNING] STATE: NORMAL -> DIZZY
2026-05-22 14:32:42,133 [WARNING] STATE: DIZZY -> DISTRACTED
2026-05-22 14:32:42,889 [WARNING] STATE: DISTRACTED -> DIZZY
2026-05-22 14:32:43,553 [WARNING] STATE: DIZZY -> NORMAL
2026-05-22 14:32:43,620 [WARNING] STATE: NORMAL -> DISTRACTED
2026-05-22 14:32:43,689 [WARNING] STATE: DISTRACTED -> DIZZY
2026-05-22 14:32:43,746 [WARNING] STATE: DIZZY -> NORMAL
2026-05-22 14:32:43,895 [WARNING] STATE: NORMAL -> DISTRACTED
2026-05-22 14:32:43,915 [WARNING] STATE: DISTRACTED -> DIZZY
2026-05-22 14:32:46,916 [WARNING] STATE: DIZZY -> NORMAL
2026-05-22 14:32:47,380 [WARNING] STATE: NORMAL -> DISTRACTED
2026-05-22 14:32:47,415 [WARNING] STATE: DISTRACTED -> DIZZY
2026-05-22 14:32:48,257 [WARNING] STATE: DIZZY -> NORMAL
2026-05-22 14:32:48,356 [WARNING] STATE: NORMAL -> DISTRACTED
2026-05-22 14:32:48,390 [WARNING] STATE: DISTRACTED -> DIZZY
2026-05-22 14:32:48,629 [WARNING] STATE: DIZZY -> NORMAL
2026-05-22 14:32:48,665 [WARNING] STATE: NORMAL -> DISTRACTED
2026-05-22 14:32:48,692 [WARNING] STATE: DISTRACTED -> NORMAL
2026-05-22 14:32:49,363 [INFO] Stopping ADAMS
2026-05-22 15:46:54,754 [INFO] Starting ADAMS v3
2026-05-22 15:46:54,755 [WARNING] smbus2 not installed – LCD disabled. Run: pip install smbus2
2026-05-22 15:46:54,756 [WARNING] GPIO unavailable – simulation mode
2026-05-22 15:46:55,338 [INFO] Firebase connected
2026-05-22 15:50:28,774 [INFO] Starting ADAMS v3
2026-05-22 15:50:28,774 [WARNING] smbus2 not installed – LCD disabled. Run: pip install smbus2
2026-05-22 15:50:28,775 [WARNING] GPIO unavailable – simulation mode
2026-05-22 15:50:29,343 [INFO] Firebase connected
2026-05-22 15:50:53,765 [INFO] Starting ADAMS v3
2026-05-22 15:50:53,765 [WARNING] smbus2 not installed – LCD disabled. Run: pip install smbus2
2026-05-22 15:50:53,765 [WARNING] GPIO unavailable – simulation mode
2026-05-22 15:50:54,182 [INFO] Firebase connected
2026-05-22 15:50:55,836 [WARNING] STATE: NORMAL -> DISTRACTED
2026-05-22 15:50:55,966 [WARNING] STATE: DISTRACTED -> NORMAL
2026-05-22 15:50:57,492 [WARNING] STATE: NORMAL -> DIZZY
2026-05-22 15:50:59,102 [WARNING] STATE: DIZZY -> NORMAL
2026-05-22 15:51:06,168 [WARNING] STATE: NORMAL -> DISTRACTED
2026-05-22 15:51:06,599 [WARNING] STATE: DISTRACTED -> NORMAL
2026-05-22 15:51:08,629 [WARNING] STATE: NORMAL -> DIZZY
2026-05-22 15:51:09,157 [WARNING] STATE: DIZZY -> DISTRACTED
2026-05-22 15:51:09,219 [WARNING] STATE: DISTRACTED -> NORMAL
2026-05-22 15:51:09,268 [WARNING] STATE: NORMAL -> DISTRACTED
2026-05-22 15:51:09,334 [WARNING] STATE: DISTRACTED -> NORMAL
2026-05-22 15:51:10,575 [WARNING] STATE: NORMAL -> DISTRACTED
2026-05-22 15:51:11,439 [WARNING] STATE: DISTRACTED -> NORMAL
2026-05-22 15:51:13,605 [WARNING] STATE: NORMAL -> DISTRACTED
2026-05-22 15:51:13,643 [WARNING] STATE: DISTRACTED -> NORMAL
2026-05-22 15:51:13,673 [WARNING] STATE: NORMAL -> DIZZY
2026-05-22 15:51:14,734 [WARNING] STATE: DIZZY -> DISTRACTED
2026-05-22 15:51:14,973 [WARNING] STATE: DISTRACTED -> NORMAL
2026-05-22 15:51:15,777 [WARNING] STATE: NORMAL -> DISTRACTED
2026-05-22 15:51:17,198 [WARNING] STATE: DISTRACTED -> DIZZY
2026-05-22 15:51:17,364 [WARNING] STATE: DIZZY -> NORMAL
2026-05-22 15:51:17,448 [WARNING] STATE: NORMAL -> DISTRACTED
2026-05-22 15:51:17,485 [WARNING] STATE: DISTRACTED -> NORMAL
2026-05-22 15:51:17,919 [WARNING] STATE: NORMAL -> DISTRACTED
2026-05-22 15:51:17,946 [WARNING] STATE: DISTRACTED -> NORMAL
2026-05-22 15:51:17,977 [WARNING] STATE: NORMAL -> DISTRACTED
2026-05-22 15:51:18,001 [WARNING] STATE: DISTRACTED -> DIZZY
2026-05-22 15:51:19,221 [WARNING] STATE: DIZZY -> DISTRACTED
2026-05-22 15:51:19,380 [WARNING] STATE: DISTRACTED -> DIZZY
2026-05-22 15:51:19,748 [WARNING] STATE: DIZZY -> NORMAL
2026-05-22 15:51:20,393 [WARNING] STATE: NORMAL -> DISTRACTED
2026-05-22 15:51:20,417 [WARNING] STATE: DISTRACTED -> DIZZY
2026-05-22 15:51:21,295 [WARNING] STATE: DIZZY -> DISTRACTED
2026-05-22 15:51:21,474 [WARNING] STATE: DISTRACTED -> DIZZY
2026-05-22 15:51:22,217 [WARNING] STATE: DIZZY -> DISTRACTED
2026-05-22 15:51:22,309 [WARNING] STATE: DISTRACTED -> DIZZY
2026-05-22 15:51:23,431 [WARNING] STATE: DIZZY -> DISTRACTED
2026-05-22 15:51:23,652 [WARNING] STATE: DISTRACTED -> DIZZY
2026-05-22 15:51:24,401 [WARNING] STATE: DIZZY -> DISTRACTED
2026-05-22 15:51:24,465 [WARNING] STATE: DISTRACTED -> NORMAL
2026-05-22 15:51:24,598 [WARNING] STATE: NORMAL -> DISTRACTED
2026-05-22 15:51:24,658 [WARNING] STATE: DISTRACTED -> DIZZY
2026-05-22 15:51:25,605 [WARNING] STATE: DIZZY -> NORMAL
2026-05-22 15:51:26,419 [WARNING] STATE: NORMAL -> DISTRACTED
2026-05-22 15:51:26,759 [WARNING] STATE: DISTRACTED -> NORMAL
2026-05-22 15:51:26,785 [WARNING] STATE: NORMAL -> DISTRACTED
2026-05-22 15:51:26,813 [WARNING] STATE: DISTRACTED -> NORMAL
2026-05-22 15:51:27,249 [WARNING] STATE: NORMAL -> DISTRACTED
2026-05-22 15:51:28,138 [WARNING] STATE: DISTRACTED -> NORMAL
2026-05-22 15:51:28,162 [WARNING] STATE: NORMAL -> DISTRACTED
2026-05-22 15:51:28,201 [WARNING] STATE: DISTRACTED -> NORMAL
2026-05-22 15:51:28,681 [WARNING] STATE: NORMAL -> DISTRACTED
2026-05-22 15:51:30,052 [WARNING] STATE: DISTRACTED -> NORMAL
2026-05-22 15:51:30,119 [WARNING] STATE: NORMAL -> DISTRACTED
2026-05-22 15:51:31,032 [WARNING] STATE: DISTRACTED -> NORMAL
2026-05-22 15:51:33,958 [WARNING] STATE: NORMAL -> DISTRACTED
2026-05-22 15:51:34,674 [WARNING] STATE: DISTRACTED -> NORMAL
2026-05-22 15:51:34,933 [WARNING] STATE: NORMAL -> DISTRACTED
2026-05-22 15:51:35,270 [WARNING] STATE: DISTRACTED -> NORMAL
2026-05-22 15:51:46,691 [WARNING] STATE: NORMAL -> DROWSY
2026-05-22 15:51:47,729 [WARNING] STATE: DROWSY -> NORMAL
2026-05-22 15:51:48,951 [WARNING] STATE: NORMAL -> DROWSY
2026-05-22 15:51:50,697 [WARNING] STATE: DROWSY -> NORMAL
2026-05-22 15:51:51,908 [WARNING] STATE: NORMAL -> DROWSY
2026-05-22 15:51:52,244 [WARNING] STATE: DROWSY -> NORMAL
2026-05-22 15:51:53,732 [WARNING] STATE: NORMAL -> DISTRACTED
2026-05-22 15:51:54,679 [WARNING] STATE: DISTRACTED -> NORMAL
2026-05-22 15:51:54,838 [WARNING] STATE: NORMAL -> DISTRACTED
2026-05-22 15:51:55,205 [WARNING] STATE: DISTRACTED -> DIZZY
2026-05-22 15:51:55,509 [WARNING] STATE: DIZZY -> NORMAL
2026-05-22 15:51:56,516 [WARNING] STATE: NORMAL -> DISTRACTED
2026-05-22 15:51:56,558 [WARNING] STATE: DISTRACTED -> DIZZY
2026-05-22 15:51:57,335 [WARNING] STATE: DIZZY -> DISTRACTED
2026-05-22 15:52:00,519 [WARNING] STATE: DISTRACTED -> DIZZY
2026-05-22 15:52:01,272 [WARNING] STATE: DIZZY -> NORMAL
2026-05-22 15:52:01,345 [WARNING] STATE: NORMAL -> DIZZY
2026-05-22 15:52:02,101 [WARNING] STATE: DIZZY -> DISTRACTED
2026-05-22 15:52:02,534 [WARNING] STATE: DISTRACTED -> DIZZY
2026-05-22 15:52:03,965 [WARNING] STATE: DIZZY -> NORMAL
2026-05-22 15:52:04,320 [WARNING] STATE: NORMAL -> DISTRACTED
2026-05-22 15:52:05,731 [WARNING] STATE: DISTRACTED -> DIZZY
2026-05-22 15:52:06,405 [WARNING] STATE: DIZZY -> DISTRACTED
2026-05-22 15:52:08,927 [WARNING] STATE: DISTRACTED -> NORMAL
2026-05-22 15:52:10,731 [WARNING] STATE: NORMAL -> DIZZY
2026-05-22 15:52:11,600 [WARNING] STATE: DIZZY -> DISTRACTED
2026-05-22 15:52:12,074 [WARNING] STATE: DISTRACTED -> DIZZY
2026-05-22 15:52:12,186 [WARNING] STATE: DIZZY -> DISTRACTED
2026-05-22 15:52:14,014 [WARNING] STATE: DISTRACTED -> NORMAL
2026-05-22 15:52:14,227 [WARNING] STATE: NORMAL -> DISTRACTED
2026-05-22 15:52:14,410 [WARNING] STATE: DISTRACTED -> NORMAL
2026-05-22 15:52:14,556 [WARNING] STATE: NORMAL -> DISTRACTED
2026-05-22 15:52:14,638 [WARNING] STATE: DISTRACTED -> NORMAL
2026-05-22 15:52:14,789 [WARNING] STATE: NORMAL -> DISTRACTED
2026-05-22 15:52:16,346 [WARNING] STATE: DISTRACTED -> NORMAL
2026-05-22 15:52:16,637 [WARNING] STATE: NORMAL -> DISTRACTED
2026-05-22 15:52:16,826 [WARNING] STATE: DISTRACTED -> NORMAL
2026-05-22 15:52:17,000 [WARNING] STATE: NORMAL -> DISTRACTED
2026-05-22 15:52:18,162 [WARNING] STATE: DISTRACTED -> NORMAL
2026-05-22 15:52:18,454 [WARNING] STATE: NORMAL -> DISTRACTED
2026-05-22 15:52:18,735 [WARNING] STATE: DISTRACTED -> NORMAL
2026-05-22 15:52:18,936 [WARNING] STATE: NORMAL -> DIZZY
2026-05-22 15:52:19,540 [WARNING] STATE: DIZZY -> DISTRACTED
2026-05-22 15:52:19,995 [WARNING] STATE: DISTRACTED -> NORMAL
2026-05-22 15:52:21,420 [WARNING] STATE: NORMAL -> DISTRACTED
2026-05-22 15:52:22,460 [WARNING] STATE: DISTRACTED -> DIZZY
2026-05-22 15:52:23,328 [WARNING] STATE: DIZZY -> DISTRACTED
2026-05-22 15:52:23,544 [WARNING] STATE: DISTRACTED -> DIZZY
2026-05-22 15:52:24,317 [WARNING] STATE: DIZZY -> DISTRACTED
2026-05-22 15:52:24,409 [WARNING] STATE: DISTRACTED -> DIZZY
2026-05-22 15:52:25,141 [WARNING] STATE: DIZZY -> DISTRACTED
2026-05-22 15:52:28,200 [WARNING] STATE: DISTRACTED -> DIZZY
2026-05-22 15:52:28,513 [WARNING] STATE: DIZZY -> NORMAL
2026-05-22 15:52:29,007 [WARNING] STATE: NORMAL -> DISTRACTED
2026-05-22 15:52:29,191 [WARNING] STATE: DISTRACTED -> NORMAL
2026-05-22 15:52:29,230 [WARNING] STATE: NORMAL -> DISTRACTED
2026-05-22 15:52:29,545 [WARNING] STATE: DISTRACTED -> NORMAL
2026-05-22 15:52:29,594 [WARNING] STATE: NORMAL -> DISTRACTED
2026-05-22 15:52:29,653 [WARNING] STATE: DISTRACTED -> NORMAL
2026-05-22 15:52:34,621 [WARNING] STATE: NORMAL -> DISTRACTED
2026-05-22 15:52:35,912 [WARNING] STATE: DISTRACTED -> NORMAL
2026-05-22 15:52:35,958 [WARNING] STATE: NORMAL -> DISTRACTED
2026-05-22 15:52:35,983 [INFO] Stopping ADAMS
2026-05-29 11:41:07,189 [INFO] Starting ADAMS v3
2026-05-29 11:41:07,191 [WARNING] smbus2 not installed – LCD disabled. Run: pip install smbus2
2026-05-29 11:41:07,192 [WARNING] GPIO unavailable – simulation mode
2026-05-29 11:41:08,078 [ERROR] Firebase connection failed: Invalid database URL: "('https://adams-project-final-default-rtdb.asia-southeast1.firebasedatabase.app/',)". Database URL must be a non-empty URL string.
2026-05-29 11:41:40,318 [INFO] Starting ADAMS v3
2026-05-29 11:41:40,319 [WARNING] smbus2 not installed – LCD disabled. Run: pip install smbus2
2026-05-29 11:41:40,319 [WARNING] GPIO unavailable – simulation mode
2026-05-29 11:41:41,196 [ERROR] Firebase connection failed: Invalid database URL: "('https://adams-project-final-default-rtdb.asia-southeast1.firebasedatabase.app/',)". Database URL must be a non-empty URL string.
2026-05-29 11:41:51,921 [INFO] Starting ADAMS v3
2026-05-29 11:41:51,922 [WARNING] smbus2 not installed – LCD disabled. Run: pip install smbus2
2026-05-29 11:41:51,922 [WARNING] GPIO unavailable – simulation mode
2026-05-29 11:41:52,467 [ERROR] Firebase connection failed: Invalid database URL: "('https://adams-project-final-default-rtdb.asia-southeast1.firebasedatabase.app/',)". Database URL must be a non-empty URL string.
2026-05-29 11:41:56,550 [WARNING] STATE: NORMAL -> DIZZY
2026-05-29 11:41:56,781 [INFO] DOMINANT EMOTION: NEUTRAL -> STRESSED (stability 90%, 9/10 readings)
2026-05-29 11:41:57,167 [WARNING] STATE: DIZZY -> NORMAL
2026-05-29 11:41:57,695 [WARNING] STATE: NORMAL -> DISTRACTED
2026-05-29 11:41:57,730 [WARNING] STATE: DISTRACTED -> NORMAL
2026-05-29 11:41:57,857 [WARNING] STATE: NORMAL -> DISTRACTED
2026-05-29 11:41:58,668 [WARNING] STATE: DISTRACTED -> DIZZY
2026-05-29 11:42:00,034 [WARNING] STATE: DIZZY -> DISTRACTED
2026-05-29 11:42:00,621 [WARNING] STATE: DISTRACTED -> DIZZY
2026-05-29 11:42:00,955 [WARNING] STATE: DIZZY -> DISTRACTED
2026-05-29 11:42:02,953 [WARNING] STATE: DISTRACTED -> NORMAL
2026-05-29 11:42:03,019 [WARNING] STATE: NORMAL -> DISTRACTED
2026-05-29 11:42:03,051 [WARNING] STATE: DISTRACTED -> NORMAL
2026-05-29 11:42:03,082 [WARNING] STATE: NORMAL -> DISTRACTED
2026-05-29 11:42:03,114 [WARNING] STATE: DISTRACTED -> NORMAL
2026-05-29 11:42:03,148 [WARNING] STATE: NORMAL -> DISTRACTED
2026-05-29 11:42:03,179 [WARNING] STATE: DISTRACTED -> NORMAL
2026-05-29 11:42:03,212 [WARNING] STATE: NORMAL -> DISTRACTED
2026-05-29 11:42:03,245 [WARNING] STATE: DISTRACTED -> NORMAL
2026-05-29 11:42:03,417 [WARNING] STATE: NORMAL -> DISTRACTED
2026-05-29 11:42:03,609 [WARNING] STATE: DISTRACTED -> NORMAL
2026-05-29 11:42:03,977 [WARNING] STATE: NORMAL -> DISTRACTED
2026-05-29 11:42:04,041 [WARNING] STATE: DISTRACTED -> NORMAL
2026-05-29 11:42:04,076 [WARNING] STATE: NORMAL -> DISTRACTED
2026-05-29 11:42:04,153 [WARNING] STATE: DISTRACTED -> NORMAL
2026-05-29 11:42:06,713 [WARNING] STATE: NORMAL -> DROWSY
2026-05-29 11:42:07,578 [WARNING] STATE: DROWSY -> NORMAL
2026-05-29 11:42:07,608 [WARNING] STATE: NORMAL -> DISTRACTED
2026-05-29 11:42:07,737 [WARNING] STATE: DISTRACTED -> DIZZY
2026-05-29 11:42:08,444 [WARNING] STATE: DIZZY -> DISTRACTED
2026-05-29 11:42:09,499 [WARNING] STATE: DISTRACTED -> DIZZY
2026-05-29 11:42:10,236 [WARNING] STATE: DIZZY -> NORMAL
2026-05-29 11:42:10,267 [WARNING] STATE: NORMAL -> DIZZY
2026-05-29 11:42:10,332 [WARNING] STATE: DIZZY -> NORMAL
2026-05-29 11:42:10,394 [WARNING] STATE: NORMAL -> DIZZY
2026-05-29 11:42:11,034 [WARNING] STATE: DIZZY -> NORMAL
2026-05-29 11:42:11,291 [WARNING] STATE: NORMAL -> DIZZY
2026-05-29 11:42:12,091 [WARNING] STATE: DIZZY -> NORMAL
2026-05-29 11:42:12,153 [WARNING] STATE: NORMAL -> DIZZY
2026-05-29 11:42:12,833 [WARNING] STATE: DIZZY -> NORMAL
2026-05-29 11:42:14,491 [WARNING] STATE: NORMAL -> DISTRACTED
2026-05-29 11:42:15,979 [WARNING] STATE: DISTRACTED -> NORMAL
2026-05-29 11:42:16,027 [WARNING] STATE: NORMAL -> DISTRACTED
2026-05-29 11:42:16,103 [WARNING] STATE: DISTRACTED -> NORMAL
2026-05-29 11:42:16,218 [WARNING] STATE: NORMAL -> DISTRACTED
2026-05-29 11:42:17,213 [WARNING] STATE: DISTRACTED -> DROWSY
2026-05-29 11:42:17,275 [WARNING] STATE: DROWSY -> NORMAL
2026-05-29 11:42:17,515 [WARNING] STATE: NORMAL -> DISTRACTED
2026-05-29 11:42:17,609 [WARNING] STATE: DISTRACTED -> NORMAL
2026-05-29 11:42:22,762 [WARNING] STATE: NORMAL -> DISTRACTED
2026-05-29 11:42:22,938 [WARNING] STATE: DISTRACTED -> NORMAL
2026-05-29 11:42:24,730 [WARNING] STATE: NORMAL -> DISTRACTED
2026-05-29 11:42:26,492 [WARNING] STATE: DISTRACTED -> NORMAL
2026-05-29 11:42:26,524 [WARNING] STATE: NORMAL -> DISTRACTED
2026-05-29 11:42:26,557 [WARNING] STATE: DISTRACTED -> NORMAL
2026-05-29 11:42:27,064 [WARNING] STATE: NORMAL -> DISTRACTED
2026-05-29 11:42:27,099 [WARNING] STATE: DISTRACTED -> NORMAL
2026-05-29 11:42:27,135 [WARNING] STATE: NORMAL -> DISTRACTED
2026-05-29 11:42:27,163 [WARNING] STATE: DISTRACTED -> NORMAL
2026-05-29 11:42:27,196 [WARNING] STATE: NORMAL -> DISTRACTED
2026-05-29 11:42:27,290 [WARNING] STATE: DISTRACTED -> NORMAL
2026-05-29 11:42:28,683 [WARNING] STATE: NORMAL -> DISTRACTED
2026-05-29 11:42:28,717 [WARNING] STATE: DISTRACTED -> NORMAL
2026-05-29 11:42:30,412 [WARNING] STATE: NORMAL -> DISTRACTED
2026-05-29 11:42:30,781 [INFO] Stopping ADAMS
2026-05-29 12:20:49,157 [INFO] Starting ADAMS v3
2026-05-29 12:20:49,157 [WARNING] smbus2 not installed – LCD disabled. Run: pip install smbus2
2026-05-29 12:20:49,158 [WARNING] GPIO unavailable – simulation mode
2026-05-29 12:20:50,008 [INFO] Firebase connected
2026-05-29 12:20:52,720 [WARNING] STATE: NORMAL -> DISTRACTED
2026-05-29 12:20:52,937 [INFO] DOMINANT EMOTION: NEUTRAL -> STRESSED (stability 70%, 7/10 readings)
2026-05-29 12:20:53,341 [WARNING] STATE: DISTRACTED -> NORMAL
2026-05-29 12:20:54,007 [WARNING] STATE: NORMAL -> DISTRACTED
2026-05-29 12:20:56,500 [WARNING] STATE: DISTRACTED -> NORMAL
2026-05-29 12:20:56,895 [WARNING] STATE: NORMAL -> DIZZY
2026-05-29 12:21:00,281 [WARNING] STATE: DIZZY -> DISTRACTED
2026-05-29 12:21:02,140 [WARNING] STATE: DISTRACTED -> NORMAL
2026-05-29 12:21:02,477 [WARNING] STATE: NORMAL -> DISTRACTED
2026-05-29 12:21:02,859 [WARNING] STATE: DISTRACTED -> NORMAL
2026-05-29 12:21:05,531 [WARNING] STATE: NORMAL -> DIZZY
2026-05-29 12:21:07,946 [WARNING] STATE: DIZZY -> NORMAL
2026-05-29 12:21:12,965 [WARNING] STATE: NORMAL -> DIZZY
2026-05-29 12:21:14,222 [WARNING] STATE: DIZZY -> DISTRACTED
2026-05-29 12:21:14,912 [WARNING] STATE: DISTRACTED -> DIZZY
2026-05-29 12:21:15,615 [WARNING] STATE: DIZZY -> DISTRACTED
2026-05-29 12:21:17,216 [WARNING] STATE: DISTRACTED -> DIZZY
2026-05-29 12:21:17,915 [WARNING] STATE: DIZZY -> DISTRACTED
2026-05-29 12:21:18,830 [WARNING] STATE: DISTRACTED -> DIZZY
2026-05-29 12:21:20,040 [WARNING] STATE: DIZZY -> NORMAL
2026-05-29 12:21:21,197 [WARNING] STATE: NORMAL -> DISTRACTED
2026-05-29 12:21:23,052 [WARNING] STATE: DISTRACTED -> NORMAL
2026-05-29 12:21:23,322 [WARNING] STATE: NORMAL -> DISTRACTED
2026-05-29 12:21:23,729 [INFO] Stopping ADAMS
2026-05-29 12:22:04,242 [INFO] Starting ADAMS v3
2026-05-29 12:22:04,242 [WARNING] smbus2 not installed – LCD disabled. Run: pip install smbus2
2026-05-29 12:22:04,243 [WARNING] GPIO unavailable – simulation mode
2026-05-29 12:22:05,177 [INFO] Firebase connected
2026-05-29 12:22:08,035 [WARNING] STATE: NORMAL -> DISTRACTED
2026-05-29 12:22:08,168 [INFO] DOMINANT EMOTION: NEUTRAL -> STRESSED (stability 90%, 9/10 readings)
2026-05-29 12:22:08,855 [WARNING] STATE: DISTRACTED -> NORMAL
2026-05-29 12:22:10,663 [WARNING] STATE: NORMAL -> DROWSY
2026-05-29 12:22:18,375 [WARNING] STATE: DROWSY -> NORMAL
2026-05-29 12:22:20,069 [WARNING] STATE: NORMAL -> DIZZY
2026-05-29 12:22:20,806 [WARNING] STATE: DIZZY -> DISTRACTED
2026-05-29 12:22:24,694 [WARNING] STATE: DISTRACTED -> DIZZY
2026-05-29 12:22:25,285 [WARNING] STATE: DIZZY -> DISTRACTED
2026-05-29 12:22:25,620 [WARNING] STATE: DISTRACTED -> DIZZY
2026-05-29 12:22:27,051 [WARNING] STATE: DIZZY -> DISTRACTED
2026-05-29 12:22:27,319 [INFO] Stopping ADAMS
2026-05-29 12:25:58,286 [INFO] Starting ADAMS v3
2026-05-29 12:25:58,287 [WARNING] smbus2 not installed – LCD disabled. Run: pip install smbus2
2026-05-29 12:25:58,288 [WARNING] GPIO unavailable – simulation mode
2026-05-29 12:25:58,956 [INFO] Firebase connected
2026-05-29 12:26:01,666 [WARNING] STATE: NORMAL -> DIZZY
2026-05-29 12:26:01,841 [INFO] DOMINANT EMOTION: NEUTRAL -> STRESSED (stability 90%, 9/10 readings)
2026-05-29 12:26:03,384 [WARNING] STATE: DIZZY -> DISTRACTED
2026-05-29 12:26:07,148 [WARNING] STATE: DISTRACTED -> NORMAL
2026-05-29 12:26:07,823 [WARNING] STATE: NORMAL -> DIZZY
2026-05-29 12:26:08,753 [WARNING] STATE: DIZZY -> NORMAL
2026-05-29 12:26:09,149 [WARNING] STATE: NORMAL -> DROWSY
2026-05-29 12:26:12,323 [WARNING] STATE: DROWSY -> NORMAL
2026-05-29 12:26:13,888 [WARNING] STATE: NORMAL -> DISTRACTED
2026-05-29 12:26:14,049 [INFO] Stopping ADAMS
2026-05-29 12:31:17,200 [INFO] Starting ADAMS v3
2026-05-29 12:31:17,201 [WARNING] smbus2 not installed – LCD disabled. Run: pip install smbus2
2026-05-29 12:31:17,202 [WARNING] GPIO unavailable – simulation mode
2026-05-29 12:31:17,964 [INFO] Firebase connected
2026-05-29 12:31:22,065 [WARNING] STATE: NORMAL -> DIZZY
2026-05-29 12:31:22,239 [INFO] DOMINANT EMOTION: NEUTRAL -> STRESSED (stability 90%, 9/10 readings)
2026-05-29 12:31:22,815 [WARNING] STATE: DIZZY -> DISTRACTED
2026-05-29 12:31:23,959 [WARNING] STATE: DISTRACTED -> NORMAL
2026-05-29 12:31:26,212 [WARNING] STATE: NORMAL -> DISTRACTED
2026-05-29 12:31:28,250 [WARNING] STATE: DISTRACTED -> NORMAL
2026-05-29 12:31:29,698 [WARNING] STATE: NORMAL -> DISTRACTED
2026-05-29 12:31:33,399 [WARNING] STATE: DISTRACTED -> NORMAL
2026-05-29 12:31:38,783 [WARNING] STATE: NORMAL -> DISTRACTED
2026-05-29 12:31:50,125 [WARNING] STATE: DISTRACTED -> NORMAL
2026-05-29 12:31:55,447 [WARNING] STATE: NORMAL -> DISTRACTED
2026-05-29 12:31:55,948 [WARNING] STATE: DISTRACTED -> NORMAL
2026-05-29 12:31:59,268 [WARNING] STATE: NORMAL -> DISTRACTED
2026-05-29 12:32:00,861 [WARNING] STATE: DISTRACTED -> NORMAL
2026-05-29 12:32:02,024 [WARNING] STATE: NORMAL -> DISTRACTED
2026-05-29 12:32:03,347 [WARNING] STATE: DISTRACTED -> DIZZY
2026-05-29 12:32:04,226 [WARNING] STATE: DIZZY -> DISTRACTED
2026-05-29 12:32:04,815 [WARNING] STATE: DISTRACTED -> DIZZY
2026-05-29 12:32:05,739 [WARNING] STATE: DIZZY -> NORMAL
2026-05-29 12:32:06,249 [WARNING] STATE: NORMAL -> DISTRACTED
2026-05-29 12:32:07,277 [WARNING] STATE: DISTRACTED -> NORMAL
2026-05-29 12:32:07,412 [WARNING] STATE: NORMAL -> DISTRACTED
2026-05-29 12:32:07,842 [WARNING] STATE: DISTRACTED -> DIZZY
2026-05-29 12:32:08,432 [WARNING] STATE: DIZZY -> NORMAL
2026-05-29 12:32:08,607 [WARNING] STATE: NORMAL -> DIZZY
2026-05-29 12:32:09,453 [WARNING] STATE: DIZZY -> NORMAL
2026-05-29 12:32:09,884 [WARNING] STATE: NORMAL -> DISTRACTED
2026-05-29 12:32:11,397 [WARNING] STATE: DISTRACTED -> NORMAL
2026-05-29 12:32:12,034 [WARNING] STATE: NORMAL -> DISTRACTED
2026-05-29 12:32:12,531 [WARNING] STATE: DISTRACTED -> NORMAL
2026-05-29 12:32:13,549 [WARNING] STATE: NORMAL -> DISTRACTED
2026-05-29 12:32:14,910 [WARNING] STATE: DISTRACTED -> NORMAL
2026-05-29 12:32:15,548 [WARNING] STATE: NORMAL -> DISTRACTED
2026-05-29 12:32:16,045 [WARNING] STATE: DISTRACTED -> DIZZY
2026-05-29 12:32:16,604 [WARNING] STATE: DIZZY -> NORMAL
2026-05-29 12:32:19,310 [WARNING] STATE: NORMAL -> DIZZY
2026-05-29 12:32:20,269 [WARNING] STATE: DIZZY -> DISTRACTED
2026-05-29 12:32:20,607 [WARNING] STATE: DISTRACTED -> NORMAL
2026-05-29 12:32:20,972 [INFO] Stopping ADAMS
2026-05-29 12:34:35,538 [INFO] Starting ADAMS v3
2026-05-29 12:34:35,539 [WARNING] smbus2 not installed – LCD disabled. Run: pip install smbus2
2026-05-29 12:34:35,539 [WARNING] GPIO unavailable – simulation mode
2026-05-29 12:34:36,404 [INFO] Firebase connected
2026-05-29 12:34:39,286 [WARNING] STATE: NORMAL -> DIZZY
2026-05-29 12:34:39,410 [INFO] DOMINANT EMOTION: NEUTRAL -> STRESSED (stability 60%, 6/10 readings)
2026-05-29 12:34:40,052 [WARNING] STATE: DIZZY -> NORMAL
2026-05-29 12:34:40,476 [WARNING] STATE: NORMAL -> DISTRACTED
2026-05-29 12:34:41,277 [WARNING] STATE: DISTRACTED -> DROWSY
2026-05-29 12:34:41,707 [WARNING] STATE: DROWSY -> DIZZY
2026-05-29 12:34:43,102 [WARNING] STATE: DIZZY -> NORMAL
2026-05-29 12:34:43,568 [WARNING] STATE: NORMAL -> DISTRACTED
2026-05-29 12:34:43,850 [WARNING] STATE: DISTRACTED -> DIZZY
2026-05-29 12:34:44,460 [WARNING] STATE: DIZZY -> DISTRACTED
2026-05-29 12:34:45,534 [WARNING] STATE: DISTRACTED -> DIZZY
2026-05-29 12:34:46,621 [WARNING] STATE: DIZZY -> DISTRACTED
2026-05-29 12:34:47,454 [WARNING] STATE: DISTRACTED -> DIZZY
2026-05-29 12:34:48,893 [WARNING] STATE: DIZZY -> DISTRACTED
2026-05-29 12:34:49,821 [WARNING] STATE: DISTRACTED -> NORMAL
2026-05-29 12:34:50,510 [WARNING] STATE: NORMAL -> DISTRACTED
2026-05-29 12:34:51,182 [WARNING] STATE: DISTRACTED -> NORMAL
2026-05-29 12:34:51,775 [WARNING] STATE: NORMAL -> DIZZY
2026-05-29 12:34:52,572 [WARNING] STATE: DIZZY -> NORMAL
2026-05-29 12:34:52,845 [WARNING] STATE: NORMAL -> DROWSY
2026-05-29 12:34:53,777 [WARNING] STATE: DROWSY -> NORMAL
2026-05-29 12:34:55,102 [WARNING] STATE: NORMAL -> DROWSY
2026-05-29 12:34:58,492 [WARNING] STATE: DROWSY -> DISTRACTED
2026-05-29 12:34:58,859 [WARNING] STATE: DISTRACTED -> DIZZY
2026-05-29 12:34:59,142 [WARNING] STATE: DIZZY -> DISTRACTED
2026-05-29 12:34:59,600 [INFO] Stopping ADAMS
2026-05-29 12:54:06,069 [INFO] Starting ADAMS v3
2026-05-29 12:54:06,070 [WARNING] smbus2 not installed – LCD disabled. Run: pip install smbus2
2026-05-29 12:54:06,071 [WARNING] GPIO unavailable – simulation mode
2026-05-29 12:54:06,926 [INFO] Firebase connected
2026-05-29 12:54:11,108 [INFO] Stopping ADAMS
2026-05-29 12:57:31,840 [INFO] Starting ADAMS v3
2026-05-29 12:57:31,841 [WARNING] smbus2 not installed – LCD disabled. Run: pip install smbus2
2026-05-29 12:57:31,841 [WARNING] GPIO unavailable – simulation mode
2026-05-29 12:57:32,623 [INFO] Firebase connected
2026-05-29 12:57:35,946 [WARNING] STATE: NORMAL -> DISTRACTED
2026-05-29 12:57:36,091 [INFO] DOMINANT EMOTION: NEUTRAL -> STRESSED (stability 80%, 8/10 readings)
2026-05-29 12:57:36,475 [WARNING] STATE: DISTRACTED -> DIZZY
2026-05-29 12:57:37,613 [WARNING] STATE: DIZZY -> NORMAL
2026-05-29 12:57:37,938 [WARNING] STATE: NORMAL -> DIZZY
2026-05-29 12:57:39,233 [WARNING] STATE: DIZZY -> DISTRACTED
2026-05-29 12:57:40,033 [WARNING] STATE: DISTRACTED -> NORMAL
2026-05-29 12:57:41,216 [WARNING] STATE: NORMAL -> DROWSY
2026-05-29 12:57:43,375 [WARNING] STATE: DROWSY -> NORMAL
2026-05-29 12:57:44,940 [WARNING] STATE: NORMAL -> DROWSY
2026-05-29 12:57:48,108 [WARNING] STATE: DROWSY -> DIZZY
2026-05-29 12:57:48,832 [WARNING] STATE: DIZZY -> DISTRACTED
2026-05-29 12:57:49,272 [WARNING] STATE: DISTRACTED -> DIZZY
2026-05-29 12:57:50,003 [WARNING] STATE: DIZZY -> DISTRACTED
2026-05-29 12:57:50,280 [INFO] Stopping ADAMS
2026-05-29 13:22:43,376 [INFO] Starting ADAMS v3
2026-05-29 13:22:43,377 [WARNING] smbus2 not installed – LCD disabled. Run: pip install smbus2
2026-05-29 13:22:43,378 [WARNING] GPIO unavailable – simulation mode
2026-05-29 13:22:44,487 [INFO] Firebase connected
2026-05-29 13:22:47,728 [WARNING] STATE: NORMAL -> DIZZY
2026-05-29 13:22:47,792 [INFO] DOMINANT EMOTION: NEUTRAL -> STRESSED (stability 60%, 6/10 readings)
2026-05-29 13:22:49,322 [WARNING] STATE: DIZZY -> DISTRACTED
2026-05-29 13:22:49,594 [WARNING] STATE: DISTRACTED -> NORMAL
2026-05-29 13:22:50,315 [WARNING] STATE: NORMAL -> DISTRACTED
2026-05-29 13:22:51,546 [WARNING] STATE: DISTRACTED -> NORMAL
2026-05-29 13:22:52,630 [WARNING] STATE: NORMAL -> DISTRACTED
2026-05-29 13:22:54,757 [WARNING] STATE: DISTRACTED -> NORMAL
2026-05-29 13:23:06,717 [WARNING] STATE: NORMAL -> DISTRACTED
2026-05-29 13:23:07,969 [WARNING] STATE: DISTRACTED -> DIZZY
2026-05-29 13:23:08,877 [WARNING] STATE: DIZZY -> DISTRACTED
2026-05-29 13:23:09,426 [WARNING] STATE: DISTRACTED -> DIZZY
2026-05-29 13:23:10,198 [WARNING] STATE: DIZZY -> DISTRACTED
2026-05-29 13:23:11,425 [WARNING] STATE: DISTRACTED -> NORMAL
2026-05-29 13:23:11,681 [WARNING] STATE: NORMAL -> DIZZY
2026-05-29 13:23:13,026 [WARNING] STATE: DIZZY -> NORMAL
2026-05-29 13:23:24,045 [WARNING] STATE: NORMAL -> DISTRACTED
2026-05-29 13:23:24,390 [INFO] Stopping ADAMS
2026-05-29 13:39:42,360 [INFO] Starting ADAMS v3
2026-05-29 13:39:42,360 [WARNING] smbus2 not installed – LCD disabled. Run: pip install smbus2
2026-05-29 13:39:42,361 [WARNING] GPIO unavailable – simulation mode
2026-05-29 13:39:42,898 [INFO] Firebase connected
2026-05-29 13:39:45,245 [WARNING] STATE: NORMAL -> DISTRACTED
2026-05-29 13:39:45,309 [INFO] DOMINANT EMOTION: NEUTRAL -> STRESSED (stability 90%, 9/10 readings)
2026-05-29 13:39:45,834 [WARNING] STATE: DISTRACTED -> NORMAL
2026-05-29 13:39:47,032 [WARNING] STATE: NORMAL -> DISTRACTED
2026-05-29 13:39:48,156 [WARNING] STATE: DISTRACTED -> DIZZY
2026-05-29 13:39:49,370 [WARNING] STATE: DIZZY -> DISTRACTED
2026-05-29 13:39:50,770 [WARNING] STATE: DISTRACTED -> DIZZY
2026-05-29 13:39:51,515 [WARNING] STATE: DIZZY -> NORMAL
2026-05-29 13:39:51,898 [WARNING] STATE: NORMAL -> DISTRACTED
2026-05-29 13:39:52,359 [WARNING] STATE: DISTRACTED -> DIZZY
2026-05-29 13:39:53,213 [WARNING] STATE: DIZZY -> DISTRACTED
2026-05-29 13:39:53,945 [WARNING] STATE: DISTRACTED -> DIZZY
2026-05-29 13:39:54,985 [WARNING] STATE: DIZZY -> NORMAL
2026-05-29 13:39:55,177 [WARNING] STATE: NORMAL -> DISTRACTED
2026-05-29 13:39:56,076 [WARNING] STATE: DISTRACTED -> NORMAL
2026-05-29 13:40:02,969 [WARNING] STATE: NORMAL -> DISTRACTED
2026-05-29 13:40:03,401 [WARNING] STATE: DISTRACTED -> DIZZY
2026-05-29 13:40:03,830 [WARNING] STATE: DIZZY -> NORMAL
2026-05-29 13:40:04,887 [WARNING] STATE: NORMAL -> DIZZY
2026-05-29 13:40:04,956 [INFO] Stopping ADAMS
2026-05-29 13:41:21,078 [INFO] Starting ADAMS v3
2026-05-29 13:41:21,079 [WARNING] smbus2 not installed – LCD disabled. Run: pip install smbus2
2026-05-29 13:41:21,079 [WARNING] GPIO unavailable – simulation mode
2026-05-29 13:41:21,711 [INFO] Firebase connected
2026-05-29 13:41:24,402 [INFO] DOMINANT EMOTION: NEUTRAL -> FOCUSED (stability 100%, 10/10 readings)
2026-05-29 13:41:25,292 [WARNING] STATE: NORMAL -> DISTRACTED
2026-05-29 13:41:25,999 [WARNING] STATE: DISTRACTED -> NORMAL
2026-05-29 13:41:27,550 [WARNING] STATE: NORMAL -> DISTRACTED
2026-05-29 13:41:28,073 [INFO] Stopping ADAMS
2026-05-29 13:41:46,634 [INFO] Starting ADAMS v3
2026-05-29 13:41:46,634 [WARNING] smbus2 not installed – LCD disabled. Run: pip install smbus2
2026-05-29 13:41:46,635 [WARNING] GPIO unavailable – simulation mode
2026-05-29 13:41:47,106 [INFO] Firebase connected
2026-05-29 13:41:49,013 [INFO] DOMINANT EMOTION: NEUTRAL -> FOCUSED (stability 100%, 10/10 readings)
2026-05-29 13:41:51,937 [WARNING] STATE: NORMAL -> DIZZY
2026-05-29 13:41:52,978 [WARNING] STATE: DIZZY -> NORMAL
2026-05-29 13:41:53,217 [WARNING] STATE: NORMAL -> DIZZY
2026-05-29 13:41:54,402 [WARNING] STATE: DIZZY -> DISTRACTED
2026-05-29 13:41:59,608 [WARNING] STATE: DISTRACTED -> NORMAL
2026-05-29 13:42:05,357 [WARNING] STATE: NORMAL -> DISTRACTED
2026-05-29 13:42:08,722 [WARNING] STATE: DISTRACTED -> NORMAL
2026-05-29 13:42:09,540 [WARNING] STATE: NORMAL -> DISTRACTED
2026-05-29 13:42:11,154 [WARNING] STATE: DISTRACTED -> NORMAL
2026-05-29 13:42:11,525 [INFO] Stopping ADAMS
2026-05-29 13:42:21,046 [INFO] Starting ADAMS v3
2026-05-29 13:42:21,047 [WARNING] smbus2 not installed – LCD disabled. Run: pip install smbus2
2026-05-29 13:42:21,047 [WARNING] GPIO unavailable – simulation mode
2026-05-29 13:42:21,641 [INFO] Firebase connected
2026-05-29 13:42:24,244 [WARNING] STATE: NORMAL -> DIZZY
2026-05-29 13:42:24,907 [WARNING] STATE: DIZZY -> DISTRACTED
2026-05-29 13:42:25,183 [INFO] DOMINANT EMOTION: NEUTRAL -> STRESSED (stability 60%, 36/60 readings)
2026-05-29 13:42:25,830 [WARNING] STATE: DISTRACTED -> NORMAL
2026-05-29 13:42:25,999 [WARNING] STATE: NORMAL -> DISTRACTED
2026-05-29 13:42:32,442 [WARNING] STATE: DISTRACTED -> NORMAL
2026-05-29 13:42:41,627 [WARNING] STATE: NORMAL -> DISTRACTED
2026-05-29 13:42:43,003 [WARNING] STATE: DISTRACTED -> NORMAL
2026-05-29 13:42:44,348 [WARNING] STATE: NORMAL -> DISTRACTED
2026-05-29 13:42:47,388 [WARNING] STATE: DISTRACTED -> DIZZY
2026-05-29 13:42:48,156 [WARNING] STATE: DIZZY -> NORMAL
2026-05-29 13:43:15,535 [WARNING] STATE: NORMAL -> DISTRACTED
2026-05-29 13:43:16,012 [WARNING] STATE: DISTRACTED -> DIZZY
2026-05-29 13:43:16,727 [WARNING] STATE: DIZZY -> DISTRACTED
2026-05-29 13:43:17,726 [WARNING] STATE: DISTRACTED -> DIZZY
2026-05-29 13:43:18,797 [WARNING] STATE: DIZZY -> NORMAL
2026-05-29 13:43:20,621 [WARNING] STATE: NORMAL -> DISTRACTED
2026-05-29 13:43:21,823 [WARNING] STATE: DISTRACTED -> DIZZY
2026-05-29 13:43:22,571 [WARNING] STATE: DIZZY -> DISTRACTED
2026-05-29 13:43:23,166 [WARNING] STATE: DISTRACTED -> DIZZY
2026-05-29 13:43:24,142 [INFO] Stopping ADAMS
2026-05-29 13:44:26,742 [INFO] Starting ADAMS v3
2026-05-29 13:44:26,743 [WARNING] smbus2 not installed – LCD disabled. Run: pip install smbus2
2026-05-29 13:44:26,743 [WARNING] GPIO unavailable – simulation mode
2026-05-29 13:44:27,251 [INFO] Firebase connected
2026-05-29 13:44:29,208 [WARNING] STATE: NORMAL -> DISTRACTED
2026-05-29 13:44:29,367 [INFO] DOMINANT EMOTION: NEUTRAL -> STRESSED (stability 70%, 7/10 readings)
2026-05-29 13:44:30,066 [WARNING] STATE: DISTRACTED -> DIZZY
2026-05-29 13:44:30,653 [WARNING] STATE: DIZZY -> DISTRACTED
2026-05-29 13:44:31,531 [WARNING] STATE: DISTRACTED -> DIZZY
2026-05-29 13:44:35,106 [WARNING] STATE: DIZZY -> DISTRACTED
2026-05-29 13:44:39,611 [WARNING] STATE: DISTRACTED -> DIZZY
2026-05-29 13:44:40,282 [WARNING] STATE: DIZZY -> DISTRACTED
2026-05-29 13:44:41,114 [WARNING] STATE: DISTRACTED -> DIZZY
2026-05-29 13:44:41,788 [WARNING] STATE: DIZZY -> DISTRACTED
2026-05-29 13:44:43,033 [WARNING] STATE: DISTRACTED -> NORMAL
2026-05-29 13:44:44,009 [WARNING] STATE: NORMAL -> DISTRACTED
2026-05-29 13:44:48,104 [WARNING] STATE: DISTRACTED -> NORMAL
2026-05-29 13:44:48,489 [WARNING] STATE: NORMAL -> DIZZY
2026-05-29 13:44:49,288 [WARNING] STATE: DIZZY -> NORMAL
2026-05-29 13:44:50,299 [WARNING] STATE: NORMAL -> DISTRACTED
2026-05-29 13:44:57,415 [WARNING] STATE: DISTRACTED -> NORMAL
2026-05-29 13:44:58,880 [WARNING] STATE: NORMAL -> DISTRACTED
2026-05-29 13:45:07,384 [WARNING] STATE: DISTRACTED -> DIZZY
2026-05-29 13:45:07,988 [WARNING] STATE: DIZZY -> DISTRACTED
2026-05-29 13:45:15,259 [WARNING] STATE: DISTRACTED -> DIZZY
2026-05-29 13:45:17,910 [WARNING] STATE: DIZZY -> DISTRACTED
2026-05-29 13:45:18,984 [WARNING] STATE: DISTRACTED -> DIZZY
2026-05-29 13:45:19,906 [WARNING] STATE: DIZZY -> DISTRACTED
2026-05-29 13:45:20,746 [WARNING] STATE: DISTRACTED -> DIZZY
2026-05-29 13:45:22,457 [WARNING] STATE: DIZZY -> DISTRACTED
2026-05-29 13:45:27,768 [WARNING] STATE: DISTRACTED -> DIZZY
2026-05-29 13:45:28,474 [WARNING] STATE: DIZZY -> DISTRACTED
2026-05-29 13:45:40,456 [WARNING] STATE: DISTRACTED -> NORMAL
2026-05-29 13:45:41,502 [WARNING] STATE: NORMAL -> DISTRACTED
2026-05-29 13:45:44,151 [WARNING] STATE: DISTRACTED -> DIZZY
2026-05-29 13:45:45,352 [WARNING] STATE: DIZZY -> DISTRACTED
2026-05-29 13:45:45,932 [WARNING] STATE: DISTRACTED -> DIZZY
2026-05-29 13:45:51,990 [WARNING] STATE: DIZZY -> NORMAL
2026-05-29 13:45:52,358 [WARNING] STATE: NORMAL -> DIZZY
2026-05-29 13:45:54,840 [WARNING] STATE: DIZZY -> NORMAL
2026-05-29 13:45:55,317 [WARNING] STATE: NORMAL -> DIZZY
2026-05-29 13:45:56,571 [WARNING] STATE: DIZZY -> DISTRACTED
2026-05-29 13:45:58,926 [WARNING] STATE: DISTRACTED -> NORMAL
2026-05-29 13:46:01,401 [WARNING] STATE: NORMAL -> DISTRACTED
2026-05-29 13:46:01,640 [WARNING] STATE: DISTRACTED -> DIZZY
2026-05-29 13:46:02,344 [WARNING] STATE: DIZZY -> DISTRACTED
2026-05-29 13:46:03,095 [WARNING] STATE: DISTRACTED -> DIZZY
2026-05-29 13:46:04,232 [WARNING] STATE: DIZZY -> NORMAL
2026-05-29 13:46:09,368 [WARNING] STATE: NORMAL -> DROWSY
2026-05-29 13:46:14,056 [WARNING] STATE: DROWSY -> NORMAL
2026-05-29 13:46:15,441 [WARNING] STATE: NORMAL -> DIZZY
2026-05-29 13:46:16,105 [WARNING] STATE: DIZZY -> DISTRACTED
2026-05-29 13:46:18,089 [WARNING] STATE: DISTRACTED -> NORMAL
2026-05-29 13:46:23,567 [WARNING] STATE: NORMAL -> DISTRACTED
2026-05-29 13:46:32,114 [WARNING] STATE: DISTRACTED -> NORMAL
2026-05-29 13:46:36,722 [WARNING] STATE: NORMAL -> DIZZY
2026-05-29 13:46:37,574 [WARNING] STATE: DIZZY -> DISTRACTED
2026-05-29 13:46:41,387 [WARNING] STATE: DISTRACTED -> NORMAL
2026-05-29 13:46:42,365 [WARNING] STATE: NORMAL -> DISTRACTED
2026-05-29 13:46:43,486 [WARNING] STATE: DISTRACTED -> DIZZY
2026-05-29 13:46:44,422 [WARNING] STATE: DIZZY -> DISTRACTED
2026-05-29 13:46:53,956 [WARNING] STATE: DISTRACTED -> DIZZY
2026-05-29 13:46:55,793 [WARNING] STATE: DIZZY -> DISTRACTED
2026-05-29 13:46:57,572 [WARNING] STATE: DISTRACTED -> DIZZY
2026-05-29 13:46:58,156 [WARNING] STATE: DIZZY -> NORMAL
2026-05-29 13:47:01,040 [WARNING] STATE: NORMAL -> DIZZY
2026-05-29 13:47:02,021 [WARNING] STATE: DIZZY -> NORMAL
2026-05-29 13:47:07,419 [WARNING] STATE: NORMAL -> DIZZY
2026-05-29 13:47:08,534 [WARNING] STATE: DIZZY -> DISTRACTED
2026-05-29 13:47:17,099 [WARNING] STATE: DISTRACTED -> DIZZY
2026-05-29 13:47:17,889 [WARNING] STATE: DIZZY -> DISTRACTED
2026-05-29 13:47:23,082 [WARNING] STATE: DISTRACTED -> DIZZY
2026-05-29 13:47:24,090 [WARNING] STATE: DIZZY -> NORMAL
2026-05-29 13:47:30,009 [WARNING] STATE: NORMAL -> DROWSY
2026-05-29 13:47:46,552 [WARNING] STATE: DROWSY -> NORMAL
2026-05-29 13:47:49,079 [WARNING] STATE: NORMAL -> DISTRACTED
2026-05-29 13:48:00,529 [WARNING] STATE: DISTRACTED -> DIZZY
2026-05-29 13:48:01,383 [WARNING] STATE: DIZZY -> NORMAL
2026-05-29 13:48:02,908 [WARNING] STATE: NORMAL -> DISTRACTED
2026-05-29 13:48:05,962 [WARNING] STATE: DISTRACTED -> NORMAL
2026-05-29 13:48:08,250 [WARNING] STATE: NORMAL -> DROWSY
2026-05-29 13:48:08,716 [WARNING] STATE: DROWSY -> NORMAL
2026-05-29 13:48:09,520 [WARNING] STATE: NORMAL -> DISTRACTED
2026-05-29 13:48:11,448 [WARNING] STATE: DISTRACTED -> NORMAL
2026-05-29 13:48:22,107 [WARNING] STATE: NORMAL -> DROWSY
2026-05-29 13:48:22,537 [WARNING] STATE: DROWSY -> NORMAL
2026-05-29 13:48:27,752 [WARNING] STATE: NORMAL -> DISTRACTED
2026-05-29 13:48:29,239 [WARNING] STATE: DISTRACTED -> DIZZY
2026-05-29 13:48:30,013 [WARNING] STATE: DIZZY -> DISTRACTED
2026-05-29 13:48:31,565 [WARNING] STATE: DISTRACTED -> DIZZY
2026-05-29 13:48:33,580 [WARNING] STATE: DIZZY -> DISTRACTED
2026-05-29 13:48:39,928 [WARNING] STATE: DISTRACTED -> DIZZY
2026-05-29 13:48:40,444 [WARNING] STATE: DIZZY -> DISTRACTED
2026-05-29 13:48:40,972 [WARNING] STATE: DISTRACTED -> DIZZY
2026-05-29 13:48:41,913 [WARNING] STATE: DIZZY -> NORMAL
2026-05-29 13:48:44,714 [WARNING] STATE: NORMAL -> DIZZY
2026-05-29 13:48:45,415 [WARNING] STATE: DIZZY -> DISTRACTED
2026-05-29 13:48:55,035 [WARNING] STATE: DISTRACTED -> DIZZY
2026-05-29 13:48:55,770 [WARNING] STATE: DIZZY -> DISTRACTED
2026-05-29 13:49:04,471 [WARNING] STATE: DISTRACTED -> DIZZY
2026-05-29 13:49:05,742 [WARNING] STATE: DIZZY -> DISTRACTED
2026-05-29 13:49:07,218 [WARNING] STATE: DISTRACTED -> NORMAL
2026-05-29 13:49:32,237 [WARNING] STATE: NORMAL -> DROWSY
2026-05-29 13:49:32,666 [WARNING] STATE: DROWSY -> DISTRACTED
2026-05-29 13:49:32,873 [WARNING] STATE: DISTRACTED -> DIZZY
2026-05-29 13:49:33,514 [WARNING] STATE: DIZZY -> DISTRACTED
2026-05-29 13:49:50,968 [WARNING] STATE: DISTRACTED -> DIZZY
2026-05-29 13:49:51,465 [WARNING] STATE: DIZZY -> DISTRACTED
2026-05-29 13:49:53,845 [WARNING] STATE: DISTRACTED -> DROWSY
2026-05-29 13:49:54,905 [WARNING] STATE: DROWSY -> DISTRACTED
2026-05-29 13:50:01,017 [WARNING] STATE: DISTRACTED -> DROWSY
2026-05-29 13:50:01,658 [WARNING] STATE: DROWSY -> DISTRACTED
2026-05-29 13:50:02,232 [WARNING] STATE: DISTRACTED -> DROWSY
2026-05-29 13:50:16,825 [WARNING] STATE: DROWSY -> DISTRACTED
2026-05-29 13:50:51,021 [WARNING] STATE: DISTRACTED -> NORMAL
2026-05-29 13:51:01,192 [WARNING] STATE: NORMAL -> DISTRACTED
2026-05-29 13:51:03,176 [WARNING] STATE: DISTRACTED -> NORMAL
2026-05-29 13:51:03,420 [WARNING] STATE: NORMAL -> DISTRACTED
2026-05-29 13:51:06,104 [WARNING] STATE: DISTRACTED -> NORMAL
2026-05-29 13:51:06,441 [WARNING] STATE: NORMAL -> DISTRACTED
2026-05-29 13:51:26,329 [WARNING] STATE: DISTRACTED -> DIZZY
2026-05-29 13:51:39,564 [WARNING] STATE: DIZZY -> DISTRACTED
2026-05-29 13:51:41,063 [WARNING] STATE: DISTRACTED -> NORMAL
2026-05-29 13:51:44,250 [WARNING] STATE: NORMAL -> DISTRACTED
2026-05-29 13:51:44,489 [WARNING] STATE: DISTRACTED -> DIZZY
2026-05-29 13:51:59,993 [WARNING] STATE: DIZZY -> DISTRACTED
2026-05-29 13:52:00,171 [WARNING] STATE: DISTRACTED -> DIZZY
2026-05-29 13:52:02,306 [WARNING] STATE: DIZZY -> DISTRACTED
2026-05-29 13:52:02,427 [WARNING] STATE: DISTRACTED -> DIZZY
2026-05-29 13:52:06,860 [WARNING] STATE: DIZZY -> DISTRACTED
2026-05-29 13:52:07,053 [WARNING] STATE: DISTRACTED -> DIZZY
2026-05-29 13:52:07,704 [WARNING] STATE: DIZZY -> DISTRACTED
2026-05-29 13:52:17,635 [WARNING] STATE: DISTRACTED -> NORMAL
2026-05-29 13:52:23,337 [WARNING] STATE: NORMAL -> DISTRACTED
2026-05-29 13:52:23,515 [WARNING] STATE: DISTRACTED -> DIZZY
2026-05-29 13:52:24,219 [WARNING] STATE: DIZZY -> DISTRACTED
2026-05-29 13:52:31,997 [WARNING] STATE: DISTRACTED -> DIZZY
2026-05-29 13:52:32,664 [WARNING] STATE: DIZZY -> DISTRACTED
2026-05-29 13:52:35,301 [WARNING] STATE: DISTRACTED -> DIZZY
2026-05-29 13:52:35,960 [WARNING] STATE: DIZZY -> DISTRACTED
2026-05-29 13:52:39,017 [WARNING] STATE: DISTRACTED -> DIZZY
2026-05-29 13:52:39,753 [WARNING] STATE: DIZZY -> DISTRACTED
2026-05-29 13:52:40,298 [WARNING] STATE: DISTRACTED -> DIZZY
2026-05-29 13:52:41,001 [WARNING] STATE: DIZZY -> DISTRACTED
2026-05-29 13:53:04,651 [WARNING] STATE: DISTRACTED -> DIZZY
2026-05-29 13:53:05,623 [WARNING] STATE: DIZZY -> DISTRACTED
2026-05-29 13:53:05,825 [WARNING] STATE: DISTRACTED -> DIZZY
2026-05-29 13:53:06,665 [WARNING] STATE: DIZZY -> DISTRACTED
2026-05-29 13:53:09,766 [WARNING] STATE: DISTRACTED -> NORMAL
2026-05-29 13:53:10,874 [WARNING] STATE: NORMAL -> DISTRACTED
2026-05-29 13:53:11,608 [WARNING] STATE: DISTRACTED -> NORMAL
2026-05-29 13:53:11,751 [WARNING] STATE: NORMAL -> DISTRACTED
2026-05-29 13:53:12,050 [WARNING] STATE: DISTRACTED -> DIZZY
2026-05-29 13:53:12,217 [WARNING] STATE: DIZZY -> DISTRACTED
2026-05-29 13:53:13,975 [WARNING] STATE: DISTRACTED -> DIZZY
2026-05-29 13:53:14,716 [WARNING] STATE: DIZZY -> NORMAL
2026-05-29 13:53:16,263 [WARNING] STATE: NORMAL -> DIZZY
2026-05-29 13:53:16,993 [WARNING] STATE: DIZZY -> DISTRACTED
2026-05-29 13:53:18,007 [WARNING] STATE: DISTRACTED -> NORMAL
2026-05-29 13:53:18,348 [WARNING] STATE: NORMAL -> DISTRACTED
2026-05-29 13:53:20,055 [WARNING] STATE: DISTRACTED -> NORMAL
2026-05-29 13:53:21,004 [WARNING] STATE: NORMAL -> DIZZY
2026-05-29 13:53:40,065 [WARNING] STATE: DIZZY -> NORMAL
2026-05-29 13:53:42,425 [WARNING] STATE: NORMAL -> DISTRACTED
2026-05-29 13:53:42,640 [WARNING] STATE: DISTRACTED -> DIZZY
2026-05-29 13:53:43,241 [WARNING] STATE: DIZZY -> DISTRACTED
2026-05-29 13:53:43,916 [WARNING] STATE: DISTRACTED -> DIZZY
2026-05-29 13:53:44,585 [WARNING] STATE: DIZZY -> NORMAL
2026-05-29 13:53:59,514 [WARNING] STATE: NORMAL -> DISTRACTED
2026-05-29 13:54:00,102 [WARNING] STATE: DISTRACTED -> NORMAL
2026-05-29 13:54:02,201 [WARNING] STATE: NORMAL -> DROWSY
2026-05-29 13:54:04,697 [WARNING] STATE: DROWSY -> NORMAL
2026-05-29 13:54:17,517 [WARNING] STATE: NORMAL -> DISTRACTED
2026-05-29 13:54:20,108 [WARNING] STATE: DISTRACTED -> NORMAL
2026-05-29 13:54:20,378 [WARNING] STATE: NORMAL -> DIZZY
2026-05-29 13:54:21,513 [WARNING] STATE: DIZZY -> NORMAL
2026-05-29 13:54:23,257 [WARNING] STATE: NORMAL -> DIZZY
2026-05-29 13:54:23,803 [WARNING] STATE: DIZZY -> DISTRACTED
2026-05-29 13:54:26,761 [WARNING] STATE: DISTRACTED -> NORMAL
2026-05-29 13:54:28,009 [WARNING] STATE: NORMAL -> DISTRACTED
2026-05-29 13:54:29,144 [WARNING] STATE: DISTRACTED -> DIZZY
2026-05-29 13:54:29,963 [WARNING] STATE: DIZZY -> NORMAL
2026-05-29 13:54:31,469 [WARNING] STATE: NORMAL -> DIZZY
2026-05-29 13:54:32,139 [WARNING] STATE: DIZZY -> DISTRACTED
2026-05-29 13:54:34,998 [WARNING] STATE: DISTRACTED -> NORMAL
2026-05-29 13:54:40,826 [WARNING] STATE: NORMAL -> DISTRACTED
2026-05-29 13:54:45,057 [WARNING] STATE: DISTRACTED -> DIZZY
2026-05-29 13:54:45,824 [WARNING] STATE: DIZZY -> DISTRACTED
2026-05-29 13:54:46,235 [WARNING] STATE: DISTRACTED -> DIZZY
2026-05-29 13:54:46,650 [WARNING] STATE: DIZZY -> NORMAL
2026-05-29 13:54:48,219 [WARNING] STATE: NORMAL -> DIZZY
2026-05-29 13:54:48,789 [WARNING] STATE: DIZZY -> DISTRACTED
2026-05-29 13:54:53,305 [WARNING] STATE: DISTRACTED -> DIZZY
2026-05-29 13:54:54,104 [WARNING] STATE: DIZZY -> NORMAL
2026-05-29 13:54:56,359 [WARNING] STATE: NORMAL -> DIZZY
2026-05-29 13:54:57,066 [WARNING] STATE: DIZZY -> DISTRACTED
2026-05-29 13:54:58,457 [WARNING] STATE: DISTRACTED -> NORMAL
2026-05-29 13:54:58,649 [WARNING] STATE: NORMAL -> DISTRACTED
2026-05-29 13:55:00,873 [WARNING] STATE: DISTRACTED -> NORMAL
2026-05-29 13:55:03,498 [WARNING] STATE: NORMAL -> DIZZY
2026-05-29 13:55:04,267 [WARNING] STATE: DIZZY -> DISTRACTED
2026-05-29 13:55:05,689 [WARNING] STATE: DISTRACTED -> DIZZY
2026-05-29 13:55:06,190 [WARNING] STATE: DIZZY -> DISTRACTED
2026-05-29 13:55:06,424 [WARNING] STATE: DISTRACTED -> DIZZY
2026-05-29 13:55:07,035 [WARNING] STATE: DIZZY -> DISTRACTED
2026-05-29 13:55:10,424 [WARNING] STATE: DISTRACTED -> NORMAL
2026-05-29 13:55:11,225 [WARNING] STATE: NORMAL -> DISTRACTED
2026-05-29 13:55:11,530 [WARNING] STATE: DISTRACTED -> DIZZY
2026-05-29 13:55:12,170 [WARNING] STATE: DIZZY -> DISTRACTED
2026-05-29 13:55:13,623 [WARNING] STATE: DISTRACTED -> DIZZY
2026-05-29 13:55:14,296 [WARNING] STATE: DIZZY -> NORMAL
2026-05-29 13:55:14,906 [WARNING] STATE: NORMAL -> DISTRACTED
2026-05-29 13:55:15,160 [WARNING] STATE: DISTRACTED -> NORMAL
2026-05-29 13:55:15,707 [WARNING] STATE: NORMAL -> DISTRACTED
2026-05-29 13:55:16,252 [WARNING] STATE: DISTRACTED -> DIZZY
2026-05-29 13:55:16,841 [WARNING] STATE: DIZZY -> DISTRACTED
2026-05-29 13:55:17,960 [WARNING] STATE: DISTRACTED -> DIZZY
2026-05-29 13:55:18,424 [WARNING] STATE: DIZZY -> DISTRACTED
2026-05-29 13:55:24,617 [WARNING] STATE: DISTRACTED -> NORMAL
2026-05-29 13:55:25,224 [WARNING] STATE: NORMAL -> DIZZY
2026-05-29 13:55:25,687 [WARNING] STATE: DIZZY -> DISTRACTED
2026-05-29 13:55:25,961 [WARNING] STATE: DISTRACTED -> DIZZY
2026-05-29 13:55:26,504 [WARNING] STATE: DIZZY -> DISTRACTED
2026-05-29 13:55:27,753 [WARNING] STATE: DISTRACTED -> DIZZY
2026-05-29 13:55:28,757 [WARNING] STATE: DIZZY -> DISTRACTED
2026-05-29 13:55:29,032 [WARNING] STATE: DISTRACTED -> NORMAL
2026-05-29 13:55:30,377 [WARNING] STATE: NORMAL -> DISTRACTED
2026-05-29 13:55:31,917 [WARNING] STATE: DISTRACTED -> NORMAL
2026-05-29 13:55:32,618 [WARNING] STATE: NORMAL -> DISTRACTED
2026-05-29 13:55:33,002 [WARNING] STATE: DISTRACTED -> DIZZY
2026-05-29 13:55:33,897 [WARNING] STATE: DIZZY -> NORMAL
2026-05-29 13:55:34,651 [WARNING] STATE: NORMAL -> DIZZY
2026-05-29 13:55:35,416 [WARNING] STATE: DIZZY -> DISTRACTED
2026-05-29 13:56:05,915 [WARNING] STATE: DISTRACTED -> DIZZY
2026-05-29 13:56:06,260 [WARNING] STATE: DIZZY -> DISTRACTED
2026-05-29 13:56:40,841 [WARNING] STATE: DISTRACTED -> DIZZY
2026-05-29 13:56:42,119 [WARNING] STATE: DIZZY -> DISTRACTED
2026-05-29 13:56:42,585 [WARNING] STATE: DISTRACTED -> NORMAL
2026-05-29 13:56:42,795 [WARNING] STATE: NORMAL -> DROWSY
2026-05-29 13:56:43,193 [WARNING] STATE: DROWSY -> NORMAL
2026-05-29 13:56:43,400 [WARNING] STATE: NORMAL -> DISTRACTED
2026-05-29 13:56:46,690 [WARNING] STATE: DISTRACTED -> DIZZY
2026-05-29 13:56:47,162 [WARNING] STATE: DIZZY -> DISTRACTED
2026-05-29 13:56:51,768 [WARNING] STATE: DISTRACTED -> DIZZY
2026-05-29 13:56:54,791 [WARNING] STATE: DIZZY -> DISTRACTED
2026-05-29 13:57:42,619 [WARNING] STATE: DISTRACTED -> DIZZY
2026-05-29 13:57:44,107 [WARNING] STATE: DIZZY -> DISTRACTED
2026-05-29 13:57:45,483 [WARNING] STATE: DISTRACTED -> DIZZY
2026-05-29 13:57:46,393 [WARNING] STATE: DIZZY -> DISTRACTED
2026-05-29 13:57:53,799 [WARNING] STATE: DISTRACTED -> DIZZY
2026-05-29 13:57:55,241 [WARNING] STATE: DIZZY -> DISTRACTED
2026-05-29 13:58:31,251 [WARNING] STATE: DISTRACTED -> DIZZY
2026-05-29 13:58:31,733 [WARNING] STATE: DIZZY -> NORMAL
2026-05-29 13:58:34,208 [WARNING] STATE: NORMAL -> DIZZY
2026-05-29 13:58:35,123 [WARNING] STATE: DIZZY -> DISTRACTED
2026-05-29 13:58:36,142 [WARNING] STATE: DISTRACTED -> DIZZY
2026-05-29 13:58:37,263 [WARNING] STATE: DIZZY -> DISTRACTED
2026-05-29 13:59:01,091 [WARNING] STATE: DISTRACTED -> NORMAL
2026-05-29 13:59:01,467 [WARNING] STATE: NORMAL -> DISTRACTED
2026-05-29 13:59:01,722 [WARNING] STATE: DISTRACTED -> DIZZY
2026-05-29 13:59:02,433 [WARNING] STATE: DIZZY -> DISTRACTED
2026-05-29 13:59:06,374 [WARNING] STATE: DISTRACTED -> DIZZY
2026-05-29 13:59:06,632 [WARNING] STATE: DIZZY -> NORMAL
2026-05-29 13:59:08,553 [WARNING] STATE: NORMAL -> DIZZY
2026-05-29 13:59:09,423 [WARNING] STATE: DIZZY -> DISTRACTED
2026-05-29 13:59:17,861 [WARNING] STATE: DISTRACTED -> DIZZY
2026-05-29 13:59:18,165 [WARNING] STATE: DIZZY -> NORMAL
2026-05-29 13:59:20,014 [WARNING] STATE: NORMAL -> DIZZY
2026-05-29 13:59:20,974 [WARNING] STATE: DIZZY -> DISTRACTED
2026-05-29 13:59:23,019 [WARNING] STATE: DISTRACTED -> DIZZY
2026-05-29 13:59:24,578 [WARNING] STATE: DIZZY -> DISTRACTED
2026-05-29 13:59:36,474 [INFO] Stopping ADAMS
2026-05-29 14:07:23,367 [INFO] Starting ADAMS v3
2026-05-29 14:07:23,367 [WARNING] smbus2 not installed – LCD disabled. Run: pip install smbus2
2026-05-29 14:07:23,368 [WARNING] GPIO unavailable – simulation mode
2026-05-29 14:07:23,994 [INFO] Firebase connected
2026-05-29 14:07:26,093 [WARNING] STATE: NORMAL -> DISTRACTED
2026-05-29 14:07:26,230 [INFO] DOMINANT EMOTION: NEUTRAL -> STRESSED (stability 70%, 7/10 readings)
2026-05-29 14:07:57,587 [WARNING] STATE: DISTRACTED -> DIZZY
2026-05-29 14:07:59,359 [WARNING] STATE: DIZZY -> DISTRACTED
2026-05-29 14:09:53,127 [INFO] Stopping ADAMS
2026-06-05 13:26:20,834 [INFO] Starting ADAMS v3
2026-06-05 13:26:20,834 [WARNING] smbus2 not installed – LCD disabled. Run: pip install smbus2
2026-06-05 13:26:20,834 [WARNING] GPIO unavailable – simulation mode
2026-06-05 13:26:22,082 [INFO] Firebase connected
2026-06-05 13:26:24,952 [WARNING] STATE: NORMAL -> DIZZY
2026-06-05 13:26:25,150 [INFO] DOMINANT EMOTION: NEUTRAL -> STRESSED (stability 60%, 9/15 readings)
2026-06-05 13:26:25,655 [WARNING] STATE: DIZZY -> NORMAL
2026-06-05 13:26:26,301 [WARNING] STATE: NORMAL -> DIZZY
2026-06-05 13:26:28,992 [WARNING] STATE: DIZZY -> DISTRACTED
2026-06-05 13:26:29,415 [WARNING] STATE: DISTRACTED -> DIZZY
2026-06-05 13:26:30,889 [WARNING] STATE: DIZZY -> DISTRACTED
2026-06-05 13:26:31,663 [WARNING] STATE: DISTRACTED -> NORMAL
2026-06-05 13:26:32,883 [WARNING] STATE: NORMAL -> DISTRACTED
2026-06-05 13:26:34,173 [WARNING] STATE: DISTRACTED -> DIZZY
2026-06-05 13:26:35,317 [WARNING] STATE: DIZZY -> NORMAL
2026-06-05 13:26:36,415 [WARNING] STATE: NORMAL -> DROWSY
2026-06-05 13:26:38,488 [WARNING] STATE: DROWSY -> DISTRACTED
2026-06-05 13:26:38,856 [WARNING] STATE: DISTRACTED -> DIZZY
2026-06-05 13:26:39,716 [WARNING] STATE: DIZZY -> DISTRACTED
2026-06-05 13:26:39,960 [WARNING] STATE: DISTRACTED -> DIZZY
2026-06-05 13:26:41,659 [WARNING] STATE: DIZZY -> NORMAL
2026-06-05 13:26:44,345 [WARNING] STATE: NORMAL -> DIZZY
2026-06-05 13:26:45,799 [WARNING] STATE: DIZZY -> NORMAL
2026-06-05 13:26:46,106 [WARNING] STATE: NORMAL -> DIZZY
2026-06-05 13:26:47,249 [WARNING] STATE: DIZZY -> NORMAL
2026-06-05 13:26:48,201 [WARNING] STATE: NORMAL -> DIZZY
2026-06-05 13:26:48,799 [WARNING] STATE: DIZZY -> NORMAL
2026-06-05 13:26:50,941 [WARNING] STATE: NORMAL -> DIZZY
2026-06-05 13:26:51,935 [WARNING] STATE: DIZZY -> NORMAL
2026-06-05 13:27:01,956 [WARNING] STATE: NORMAL -> DIZZY
2026-06-05 13:27:02,647 [WARNING] STATE: DIZZY -> NORMAL
2026-06-05 13:34:20,348 [WARNING] STATE: NORMAL -> DIZZY
2026-06-05 13:34:21,835 [WARNING] STATE: DIZZY -> DROWSY
2026-06-05 13:34:22,887 [WARNING] STATE: DROWSY -> NORMAL
2026-06-05 13:34:24,226 [WARNING] STATE: NORMAL -> DROWSY
2026-06-05 13:34:25,076 [WARNING] STATE: DROWSY -> NORMAL
2026-06-05 13:34:26,317 [WARNING] STATE: NORMAL -> DROWSY
2026-06-05 13:34:29,413 [WARNING] STATE: DROWSY -> DIZZY
2026-06-05 13:34:30,998 [WARNING] STATE: DIZZY -> DISTRACTED
2026-06-05 13:34:31,257 [WARNING] STATE: DISTRACTED -> DIZZY
2026-06-05 13:34:31,541 [WARNING] STATE: DIZZY -> NORMAL
2026-06-05 13:34:31,903 [WARNING] STATE: NORMAL -> DIZZY
2026-06-05 13:34:32,871 [WARNING] STATE: DIZZY -> DISTRACTED
2026-06-05 13:34:34,181 [WARNING] STATE: DISTRACTED -> DIZZY
2026-06-05 13:34:35,002 [WARNING] STATE: DIZZY -> DISTRACTED
2026-06-05 13:34:36,136 [WARNING] STATE: DISTRACTED -> DIZZY
2026-06-05 13:34:36,879 [WARNING] STATE: DIZZY -> NORMAL
2026-06-05 13:35:22,310 [WARNING] STATE: NORMAL -> DIZZY
2026-06-05 13:35:23,667 [WARNING] STATE: DIZZY -> NORMAL
2026-06-05 13:35:24,092 [WARNING] STATE: NORMAL -> DIZZY
2026-06-05 13:35:25,731 [WARNING] STATE: DIZZY -> NORMAL
2026-06-05 13:36:25,170 [INFO] DOMINANT EMOTION: STRESSED -> NEUTRAL (stability 99%, 1771/1783 readings)
2026-06-05 13:36:37,995 [INFO] Stopping ADAMS
2026-06-05 13:54:44,283 [INFO] Starting ADAMS v3
2026-06-05 13:54:44,283 [WARNING] smbus2 not installed – LCD disabled. Run: pip install smbus2
2026-06-05 13:54:44,283 [WARNING] GPIO unavailable – simulation mode
2026-06-05 13:54:44,838 [INFO] Firebase connected
2026-06-05 13:54:46,810 [WARNING] STATE: NORMAL -> DISTRACTED
2026-06-05 13:54:47,054 [INFO] DOMINANT EMOTION: NEUTRAL -> STRESSED (stability 70%, 7/10 readings)
2026-06-05 13:54:50,716 [WARNING] STATE: DISTRACTED -> DIZZY
2026-06-05 13:54:51,082 [WARNING] STATE: DIZZY -> NORMAL
2026-06-05 13:54:51,595 [WARNING] STATE: NORMAL -> DIZZY
2026-06-05 13:54:51,989 [WARNING] STATE: DIZZY -> NORMAL
2026-06-05 13:54:52,208 [WARNING] STATE: NORMAL -> DIZZY
2026-06-05 13:54:52,708 [INFO] Stopping ADAMS
2026-06-05 14:13:57,203 [INFO] Starting ADAMS v3
2026-06-05 14:13:57,203 [WARNING] smbus2 not installed – LCD disabled. Run: pip install smbus2
2026-06-05 14:13:57,203 [WARNING] GPIO unavailable – simulation mode
2026-06-05 14:13:57,667 [INFO] Firebase connected
2026-06-05 14:13:59,308 [WARNING] STATE: NORMAL -> DISTRACTED
2026-06-05 14:13:59,484 [INFO] DOMINANT EMOTION: NEUTRAL -> STRESSED (stability 70%, 7/10 readings)
2026-06-05 14:14:00,428 [WARNING] STATE: DISTRACTED -> DIZZY
2026-06-05 14:14:01,090 [WARNING] STATE: DIZZY -> DISTRACTED
2026-06-05 14:14:01,949 [WARNING] STATE: DISTRACTED -> NORMAL
2026-06-05 14:14:08,164 [WARNING] STATE: NORMAL -> DISTRACTED
2026-06-05 14:14:08,822 [WARNING] STATE: DISTRACTED -> NORMAL
2026-06-05 14:14:13,389 [WARNING] STATE: NORMAL -> DISTRACTED
2026-06-05 14:14:14,829 [WARNING] STATE: DISTRACTED -> DIZZY
2026-06-05 14:14:16,688 [WARNING] STATE: DIZZY -> DISTRACTED
2026-06-05 14:14:17,184 [WARNING] STATE: DISTRACTED -> DIZZY
2026-06-05 14:14:17,550 [WARNING] STATE: DIZZY -> NORMAL
2026-06-05 14:14:17,850 [WARNING] STATE: NORMAL -> DIZZY
2026-06-05 14:14:20,290 [WARNING] STATE: DIZZY -> DISTRACTED
2026-06-05 14:14:20,922 [WARNING] STATE: DISTRACTED -> DIZZY
2026-06-05 14:14:21,756 [WARNING] STATE: DIZZY -> DISTRACTED
2026-06-05 14:14:22,434 [WARNING] STATE: DISTRACTED -> DIZZY
2026-06-05 14:14:22,857 [WARNING] STATE: DIZZY -> DISTRACTED
2026-06-05 14:14:26,099 [WARNING] STATE: DISTRACTED -> NORMAL
2026-06-05 14:14:26,970 [WARNING] STATE: NORMAL -> DISTRACTED
2026-06-05 14:14:27,280 [WARNING] STATE: DISTRACTED -> DIZZY
2026-06-05 14:14:28,636 [WARNING] STATE: DIZZY -> NORMAL
2026-06-05 14:14:31,514 [WARNING] STATE: NORMAL -> DISTRACTED
2026-06-05 14:14:32,187 [WARNING] STATE: DISTRACTED -> NORMAL
2026-06-05 14:14:35,250 [WARNING] STATE: NORMAL -> DISTRACTED
2026-06-05 14:14:35,978 [WARNING] STATE: DISTRACTED -> NORMAL
2026-06-05 14:14:36,832 [WARNING] STATE: NORMAL -> DISTRACTED
2026-06-05 14:14:37,746 [WARNING] STATE: DISTRACTED -> NORMAL
2026-06-05 14:14:40,083 [WARNING] STATE: NORMAL -> DISTRACTED
2026-06-05 14:14:45,346 [WARNING] STATE: DISTRACTED -> DIZZY
2026-06-05 14:14:46,023 [WARNING] STATE: DIZZY -> DISTRACTED
2026-06-05 14:14:47,428 [WARNING] STATE: DISTRACTED -> DIZZY
2026-06-05 14:14:48,159 [WARNING] STATE: DIZZY -> DISTRACTED
2026-06-05 14:14:59,665 [WARNING] STATE: DISTRACTED -> NORMAL
2026-06-05 14:15:02,346 [WARNING] STATE: NORMAL -> DROWSY
2026-06-05 14:15:04,779 [WARNING] STATE: DROWSY -> NORMAL
2026-06-05 14:15:05,482 [WARNING] STATE: NORMAL -> DISTRACTED
2026-06-05 14:15:07,022 [WARNING] STATE: DISTRACTED -> DIZZY
2026-06-05 14:15:09,328 [WARNING] STATE: DIZZY -> DISTRACTED
2026-06-05 14:15:12,844 [WARNING] STATE: DISTRACTED -> NORMAL
2026-06-05 14:15:13,322 [WARNING] STATE: NORMAL -> DISTRACTED
2026-06-05 14:15:14,829 [WARNING] STATE: DISTRACTED -> DROWSY
2026-06-05 14:15:16,617 [WARNING] STATE: DROWSY -> DISTRACTED
2026-06-05 14:15:20,625 [WARNING] STATE: DISTRACTED -> NORMAL
2026-06-05 14:15:21,230 [WARNING] STATE: NORMAL -> DISTRACTED
2026-06-05 14:15:21,774 [WARNING] STATE: DISTRACTED -> NORMAL
2026-06-05 14:15:22,275 [WARNING] STATE: NORMAL -> DROWSY
2026-06-05 14:15:28,619 [WARNING] STATE: DROWSY -> DISTRACTED
2026-06-05 14:15:28,763 [WARNING] STATE: DISTRACTED -> DROWSY
2026-06-05 14:15:29,685 [WARNING] STATE: DROWSY -> NORMAL
2026-06-05 14:15:29,997 [WARNING] STATE: NORMAL -> DISTRACTED
2026-06-05 14:15:30,175 [WARNING] STATE: DISTRACTED -> DIZZY
2026-06-05 14:15:31,025 [WARNING] STATE: DIZZY -> DISTRACTED
2026-06-05 14:15:36,000 [WARNING] STATE: DISTRACTED -> DIZZY
2026-06-05 14:15:36,609 [WARNING] STATE: DIZZY -> DISTRACTED
2026-06-05 14:15:37,250 [WARNING] STATE: DISTRACTED -> DIZZY
2026-06-05 14:15:39,179 [WARNING] STATE: DIZZY -> NORMAL
2026-06-05 14:15:40,495 [WARNING] STATE: NORMAL -> DIZZY
2026-06-05 14:15:41,254 [WARNING] STATE: DIZZY -> DISTRACTED
2026-06-05 14:15:41,773 [WARNING] STATE: DISTRACTED -> DIZZY
2026-06-05 14:15:42,587 [WARNING] STATE: DIZZY -> DISTRACTED
2026-06-05 14:15:47,102 [WARNING] STATE: DISTRACTED -> DIZZY
2026-06-05 14:15:49,111 [WARNING] STATE: DIZZY -> NORMAL
2026-06-05 14:15:49,913 [WARNING] STATE: NORMAL -> DISTRACTED
2026-06-05 14:15:50,198 [WARNING] STATE: DISTRACTED -> NORMAL
2026-06-05 14:15:50,509 [WARNING] STATE: NORMAL -> DIZZY
2026-06-05 14:15:51,455 [WARNING] STATE: DIZZY -> DROWSY
2026-06-05 14:15:52,022 [WARNING] STATE: DROWSY -> DISTRACTED
2026-06-05 14:15:52,855 [WARNING] STATE: DISTRACTED -> DIZZY
2026-06-05 14:15:53,571 [WARNING] STATE: DIZZY -> DISTRACTED
2026-06-05 14:15:54,356 [WARNING] STATE: DISTRACTED -> DIZZY
2026-06-05 14:15:55,105 [WARNING] STATE: DIZZY -> DISTRACTED
2026-06-05 14:15:55,870 [WARNING] STATE: DISTRACTED -> NORMAL
2026-06-05 14:15:56,195 [WARNING] STATE: NORMAL -> DROWSY
2026-06-05 14:15:58,794 [WARNING] STATE: DROWSY -> DISTRACTED
2026-06-05 14:15:59,064 [WARNING] STATE: DISTRACTED -> DROWSY
2026-06-05 14:15:59,517 [WARNING] STATE: DROWSY -> DISTRACTED
2026-06-05 14:16:01,449 [WARNING] STATE: DISTRACTED -> DIZZY
2026-06-05 14:16:03,269 [WARNING] STATE: DIZZY -> NORMAL
2026-06-05 14:16:03,546 [WARNING] STATE: NORMAL -> DISTRACTED
2026-06-05 14:16:03,883 [WARNING] STATE: DISTRACTED -> DROWSY
2026-06-05 14:16:04,097 [WARNING] STATE: DROWSY -> DISTRACTED
2026-06-05 14:16:07,480 [WARNING] STATE: DISTRACTED -> DROWSY
2026-06-05 14:16:09,299 [WARNING] STATE: DROWSY -> DISTRACTED
2026-06-05 14:16:09,465 [WARNING] STATE: DISTRACTED -> DIZZY
2026-06-05 14:16:11,497 [WARNING] STATE: DIZZY -> DISTRACTED
2026-06-05 14:16:25,414 [WARNING] STATE: DISTRACTED -> NORMAL
2026-06-05 14:16:25,914 [WARNING] STATE: NORMAL -> DISTRACTED
2026-06-05 14:16:26,215 [WARNING] STATE: DISTRACTED -> DIZZY
2026-06-05 14:16:26,464 [WARNING] STATE: DIZZY -> DISTRACTED
2026-06-05 14:16:28,699 [WARNING] STATE: DISTRACTED -> DIZZY
2026-06-05 14:16:29,731 [WARNING] STATE: DIZZY -> DISTRACTED
2026-06-05 14:16:30,122 [WARNING] STATE: DISTRACTED -> DIZZY
2026-06-05 14:16:30,399 [WARNING] STATE: DIZZY -> DISTRACTED
2026-06-05 14:16:33,238 [WARNING] STATE: DISTRACTED -> DIZZY
2026-06-05 14:16:35,492 [WARNING] STATE: DIZZY -> DISTRACTED
2026-06-05 14:16:35,712 [WARNING] STATE: DISTRACTED -> DIZZY
2026-06-05 14:16:38,012 [WARNING] STATE: DIZZY -> DISTRACTED
2026-06-05 14:16:39,789 [WARNING] STATE: DISTRACTED -> DIZZY
2026-06-05 14:16:41,154 [WARNING] STATE: DIZZY -> DISTRACTED
2026-06-05 14:16:53,869 [WARNING] STATE: DISTRACTED -> DIZZY
2026-06-05 14:16:54,362 [WARNING] STATE: DIZZY -> DISTRACTED
2026-06-05 14:17:16,199 [WARNING] STATE: DISTRACTED -> DIZZY
2026-06-05 14:17:16,985 [WARNING] STATE: DIZZY -> DISTRACTED
2026-06-05 14:17:17,961 [WARNING] STATE: DISTRACTED -> DIZZY
2026-06-05 14:17:18,681 [WARNING] STATE: DIZZY -> DISTRACTED
2026-06-05 14:17:24,937 [WARNING] STATE: DISTRACTED -> DIZZY
2026-06-05 14:17:25,743 [WARNING] STATE: DIZZY -> DISTRACTED
2026-06-05 14:17:26,527 [WARNING] STATE: DISTRACTED -> DIZZY
2026-06-05 14:17:27,168 [WARNING] STATE: DIZZY -> DISTRACTED
2026-06-05 14:17:30,643 [WARNING] STATE: DISTRACTED -> DIZZY
2026-06-05 14:17:31,382 [WARNING] STATE: DIZZY -> DISTRACTED
2026-06-05 14:17:38,696 [WARNING] STATE: DISTRACTED -> DIZZY
2026-06-05 14:17:40,032 [WARNING] STATE: DIZZY -> DISTRACTED
2026-06-05 14:17:44,380 [WARNING] STATE: DISTRACTED -> NORMAL
2026-06-05 14:17:45,065 [WARNING] STATE: NORMAL -> DIZZY
2026-06-05 14:17:45,282 [WARNING] STATE: DIZZY -> DISTRACTED
2026-06-05 14:17:46,345 [WARNING] STATE: DISTRACTED -> DIZZY
2026-06-05 14:17:46,731 [WARNING] STATE: DIZZY -> DISTRACTED
2026-06-05 14:17:46,884 [WARNING] STATE: DISTRACTED -> DIZZY
2026-06-05 14:17:47,067 [WARNING] STATE: DIZZY -> DISTRACTED
2026-06-05 14:17:47,394 [WARNING] STATE: DISTRACTED -> NORMAL
2026-06-05 14:17:53,137 [WARNING] STATE: NORMAL -> DIZZY
2026-06-05 14:17:53,459 [WARNING] STATE: DIZZY -> NORMAL
2026-06-05 14:17:55,502 [WARNING] STATE: NORMAL -> DIZZY
2026-06-05 14:17:56,219 [WARNING] STATE: DIZZY -> DISTRACTED
2026-06-05 14:17:57,986 [WARNING] STATE: DISTRACTED -> DIZZY
2026-06-05 14:18:00,576 [WARNING] STATE: DIZZY -> DISTRACTED
2026-06-05 14:18:04,773 [WARNING] STATE: DISTRACTED -> DIZZY
2026-06-05 14:18:05,859 [WARNING] STATE: DIZZY -> DISTRACTED
2026-06-05 14:18:13,714 [WARNING] STATE: DISTRACTED -> DIZZY
2026-06-05 14:18:14,215 [WARNING] STATE: DIZZY -> DISTRACTED
2026-06-05 14:18:15,303 [WARNING] STATE: DISTRACTED -> DIZZY
2026-06-05 14:18:17,314 [WARNING] STATE: DIZZY -> DISTRACTED
2026-06-05 14:18:18,116 [WARNING] STATE: DISTRACTED -> DIZZY
2026-06-05 14:18:18,838 [WARNING] STATE: DIZZY -> DISTRACTED
2026-06-05 14:18:19,087 [WARNING] STATE: DISTRACTED -> DIZZY
2026-06-05 14:18:20,170 [WARNING] STATE: DIZZY -> DISTRACTED
2026-06-05 14:18:20,835 [WARNING] STATE: DISTRACTED -> NORMAL
2026-06-05 14:18:26,144 [WARNING] STATE: NORMAL -> DIZZY
2026-06-05 14:18:26,814 [WARNING] STATE: DIZZY -> DISTRACTED
2026-06-05 14:18:28,291 [WARNING] STATE: DISTRACTED -> NORMAL
2026-06-05 14:18:29,493 [WARNING] STATE: NORMAL -> DISTRACTED
2026-06-05 14:18:29,707 [WARNING] STATE: DISTRACTED -> DIZZY
2026-06-05 14:18:30,455 [WARNING] STATE: DIZZY -> DISTRACTED
2026-06-05 14:18:34,745 [WARNING] STATE: DISTRACTED -> DIZZY
2026-06-05 14:18:35,138 [WARNING] STATE: DIZZY -> NORMAL
2026-06-05 14:18:37,460 [WARNING] STATE: NORMAL -> DIZZY
2026-06-05 14:18:39,765 [WARNING] STATE: DIZZY -> DISTRACTED
2026-06-05 14:18:41,806 [WARNING] STATE: DISTRACTED -> DIZZY
2026-06-05 14:18:42,772 [WARNING] STATE: DIZZY -> NORMAL
2026-06-05 14:18:47,804 [WARNING] STATE: NORMAL -> DIZZY
2026-06-05 14:18:48,088 [WARNING] STATE: DIZZY -> DISTRACTED
2026-06-05 14:18:49,102 [WARNING] STATE: DISTRACTED -> NORMAL
2026-06-05 14:18:51,170 [WARNING] STATE: NORMAL -> DIZZY
2026-06-05 14:18:52,615 [WARNING] STATE: DIZZY -> DISTRACTED
2026-06-05 14:18:53,556 [WARNING] STATE: DISTRACTED -> DIZZY
2026-06-05 14:18:54,908 [WARNING] STATE: DIZZY -> NORMAL
2026-06-05 14:18:56,053 [WARNING] STATE: NORMAL -> DISTRACTED
2026-06-05 14:18:58,424 [WARNING] STATE: DISTRACTED -> NORMAL
2026-06-05 14:18:58,595 [WARNING] STATE: NORMAL -> DISTRACTED
2026-06-05 14:18:59,923 [WARNING] STATE: DISTRACTED -> DIZZY
2026-06-05 14:19:00,972 [WARNING] STATE: DIZZY -> DISTRACTED
2026-06-05 14:19:02,943 [WARNING] STATE: DISTRACTED -> DIZZY
2026-06-05 14:19:03,673 [WARNING] STATE: DIZZY -> DISTRACTED
2026-06-05 14:19:09,073 [WARNING] STATE: DISTRACTED -> DIZZY
2026-06-05 14:19:09,846 [WARNING] STATE: DIZZY -> DISTRACTED
2026-06-05 14:19:10,822 [WARNING] STATE: DISTRACTED -> DIZZY
2026-06-05 14:19:13,471 [WARNING] STATE: DIZZY -> NORMAL
2026-06-05 14:19:14,203 [WARNING] STATE: NORMAL -> DISTRACTED
2026-06-05 14:19:21,739 [WARNING] STATE: DISTRACTED -> DIZZY
2026-06-05 14:19:22,502 [WARNING] STATE: DIZZY -> DISTRACTED
2026-06-05 14:19:25,583 [WARNING] STATE: DISTRACTED -> DIZZY
2026-06-05 14:19:27,062 [WARNING] STATE: DIZZY -> DISTRACTED
2026-06-05 14:19:37,383 [WARNING] STATE: DISTRACTED -> DIZZY
2026-06-05 14:19:38,099 [WARNING] STATE: DIZZY -> DISTRACTED
2026-06-05 14:19:46,204 [WARNING] STATE: DISTRACTED -> DIZZY
2026-06-05 14:19:47,011 [WARNING] STATE: DIZZY -> DISTRACTED
2026-06-05 14:19:48,380 [WARNING] STATE: DISTRACTED -> DIZZY
2026-06-05 14:19:49,335 [WARNING] STATE: DIZZY -> DISTRACTED
2026-06-05 14:19:51,480 [WARNING] STATE: DISTRACTED -> DIZZY
2026-06-05 14:19:52,184 [WARNING] STATE: DIZZY -> DISTRACTED
2026-06-05 14:19:59,394 [WARNING] STATE: DISTRACTED -> DIZZY
2026-06-05 14:20:01,274 [WARNING] STATE: DIZZY -> DISTRACTED
2026-06-05 14:20:02,448 [WARNING] STATE: DISTRACTED -> DIZZY
2026-06-05 14:20:03,359 [WARNING] STATE: DIZZY -> DISTRACTED
2026-06-05 14:20:12,445 [WARNING] STATE: DISTRACTED -> DIZZY
2026-06-05 14:20:13,231 [WARNING] STATE: DIZZY -> DISTRACTED
2026-06-05 14:20:39,708 [WARNING] STATE: DISTRACTED -> DIZZY
2026-06-05 14:20:41,667 [WARNING] STATE: DIZZY -> DISTRACTED
2026-06-05 14:20:42,990 [WARNING] STATE: DISTRACTED -> DIZZY
2026-06-05 14:20:43,871 [WARNING] STATE: DIZZY -> DISTRACTED
2026-06-05 14:20:44,538 [WARNING] STATE: DISTRACTED -> DIZZY
2026-06-05 14:20:44,759 [WARNING] STATE: DIZZY -> DISTRACTED
2026-06-05 14:20:45,952 [WARNING] STATE: DISTRACTED -> NORMAL
2026-06-05 14:20:46,225 [WARNING] STATE: NORMAL -> DISTRACTED
2026-06-05 14:20:46,375 [WARNING] STATE: DISTRACTED -> DIZZY
2026-06-05 14:20:48,240 [WARNING] STATE: DIZZY -> NORMAL
2026-06-05 14:20:48,636 [WARNING] STATE: NORMAL -> DROWSY
2026-06-05 14:20:49,454 [WARNING] STATE: DROWSY -> DIZZY
2026-06-05 14:20:50,930 [WARNING] STATE: DIZZY -> DISTRACTED
2026-06-05 14:20:51,495 [WARNING] STATE: DISTRACTED -> DIZZY
2026-06-05 14:20:54,538 [WARNING] STATE: DIZZY -> DISTRACTED
2026-06-05 14:20:56,539 [WARNING] STATE: DISTRACTED -> DIZZY
2026-06-05 14:20:57,446 [WARNING] STATE: DIZZY -> DISTRACTED
2026-06-05 14:20:57,658 [WARNING] STATE: DISTRACTED -> DIZZY
2026-06-05 14:20:59,872 [WARNING] STATE: DIZZY -> DISTRACTED
2026-06-05 14:21:00,154 [WARNING] STATE: DISTRACTED -> DIZZY
2026-06-05 14:21:00,349 [WARNING] STATE: DIZZY -> DISTRACTED
2026-06-05 14:21:00,505 [WARNING] STATE: DISTRACTED -> DIZZY
2026-06-05 14:21:01,310 [WARNING] STATE: DIZZY -> DISTRACTED
2026-06-05 14:21:01,488 [WARNING] STATE: DISTRACTED -> DIZZY
2026-06-05 14:21:02,472 [WARNING] STATE: DIZZY -> DISTRACTED
2026-06-05 14:21:10,493 [WARNING] STATE: DISTRACTED -> DIZZY
2026-06-05 14:21:11,444 [WARNING] STATE: DIZZY -> DISTRACTED
2026-06-05 14:21:17,422 [WARNING] STATE: DISTRACTED -> NORMAL
2026-06-05 14:21:17,844 [WARNING] STATE: NORMAL -> DISTRACTED
2026-06-05 14:21:27,704 [WARNING] STATE: DISTRACTED -> DIZZY
2026-06-05 14:21:28,120 [WARNING] STATE: DIZZY -> DISTRACTED
2026-06-05 14:21:28,956 [WARNING] STATE: DISTRACTED -> DIZZY
2026-06-05 14:21:30,233 [WARNING] STATE: DIZZY -> NORMAL
2026-06-05 14:21:30,906 [WARNING] STATE: NORMAL -> DIZZY
2026-06-05 14:21:31,706 [WARNING] STATE: DIZZY -> DISTRACTED
2026-06-05 14:21:32,703 [WARNING] STATE: DISTRACTED -> DIZZY
2026-06-05 14:21:33,147 [WARNING] STATE: DIZZY -> NORMAL
2026-06-05 14:21:33,847 [WARNING] STATE: NORMAL -> DIZZY
2026-06-05 14:21:34,534 [WARNING] STATE: DIZZY -> DISTRACTED
2026-06-05 14:21:34,887 [WARNING] STATE: DISTRACTED -> DIZZY
2026-06-05 14:21:36,001 [WARNING] STATE: DIZZY -> DISTRACTED
2026-06-05 14:21:38,052 [WARNING] STATE: DISTRACTED -> DIZZY
2026-06-05 14:21:38,836 [WARNING] STATE: DIZZY -> DISTRACTED
2026-06-05 14:21:39,204 [WARNING] STATE: DISTRACTED -> DIZZY
2026-06-05 14:21:40,480 [WARNING] STATE: DIZZY -> DISTRACTED
2026-06-05 14:21:40,973 [WARNING] STATE: DISTRACTED -> NORMAL
2026-06-05 14:21:43,584 [WARNING] STATE: NORMAL -> DISTRACTED
2026-06-05 14:21:52,888 [WARNING] STATE: DISTRACTED -> DIZZY
2026-06-05 14:21:54,435 [WARNING] STATE: DIZZY -> DISTRACTED
2026-06-05 14:21:54,664 [WARNING] STATE: DISTRACTED -> DIZZY
2026-06-05 14:21:55,432 [WARNING] STATE: DIZZY -> DISTRACTED
2026-06-05 14:21:59,017 [WARNING] STATE: DISTRACTED -> NORMAL
2026-06-05 14:22:00,630 [WARNING] STATE: NORMAL -> DISTRACTED
2026-06-05 14:22:01,298 [WARNING] STATE: DISTRACTED -> DIZZY
2026-06-05 14:22:04,816 [WARNING] STATE: DIZZY -> NORMAL
2026-06-05 14:22:05,842 [WARNING] STATE: NORMAL -> DISTRACTED
2026-06-05 14:22:23,295 [WARNING] STATE: DISTRACTED -> DIZZY
2026-06-05 14:22:24,996 [WARNING] STATE: DIZZY -> DISTRACTED
2026-06-05 14:22:32,194 [WARNING] STATE: DISTRACTED -> DIZZY
2026-06-05 14:22:34,007 [WARNING] STATE: DIZZY -> DISTRACTED
2026-06-05 14:22:36,446 [WARNING] STATE: DISTRACTED -> DIZZY
2026-06-05 14:22:38,276 [WARNING] STATE: DIZZY -> DISTRACTED
2026-06-05 14:22:38,610 [WARNING] STATE: DISTRACTED -> NORMAL
2026-06-05 14:22:38,895 [WARNING] STATE: NORMAL -> DIZZY
2026-06-05 14:22:40,727 [WARNING] STATE: DIZZY -> DISTRACTED
2026-06-05 14:22:44,692 [WARNING] STATE: DISTRACTED -> NORMAL
2026-06-05 14:22:45,142 [WARNING] STATE: NORMAL -> DISTRACTED
2026-06-05 14:22:45,575 [WARNING] STATE: DISTRACTED -> DIZZY
2026-06-05 14:22:46,877 [WARNING] STATE: DIZZY -> DISTRACTED
2026-06-05 14:22:49,706 [WARNING] STATE: DISTRACTED -> NORMAL
2026-06-05 14:22:50,056 [WARNING] STATE: NORMAL -> DISTRACTED
2026-06-05 14:22:51,658 [WARNING] STATE: DISTRACTED -> NORMAL
2026-06-05 14:22:54,839 [WARNING] STATE: NORMAL -> DISTRACTED
2026-06-05 14:22:55,149 [WARNING] STATE: DISTRACTED -> DIZZY
2026-06-05 14:22:55,591 [WARNING] STATE: DIZZY -> DISTRACTED
2026-06-05 14:22:56,869 [WARNING] STATE: DISTRACTED -> DIZZY
2026-06-05 14:22:58,594 [WARNING] STATE: DIZZY -> DISTRACTED
2026-06-05 14:23:03,361 [WARNING] STATE: DISTRACTED -> DROWSY
2026-06-05 14:23:03,719 [WARNING] STATE: DROWSY -> DISTRACTED
2026-06-05 14:23:30,503 [WARNING] STATE: DISTRACTED -> NORMAL
2026-06-05 14:23:30,672 [WARNING] STATE: NORMAL -> DISTRACTED
2026-06-05 14:23:32,989 [WARNING] STATE: DISTRACTED -> NORMAL
2026-06-05 14:23:34,220 [WARNING] STATE: NORMAL -> DISTRACTED
2026-06-05 14:23:35,265 [WARNING] STATE: DISTRACTED -> NORMAL
2026-06-05 14:23:36,621 [WARNING] STATE: NORMAL -> DISTRACTED
2026-06-05 14:23:36,896 [WARNING] STATE: DISTRACTED -> DIZZY
2026-06-05 14:23:39,293 [WARNING] STATE: DIZZY -> DISTRACTED
2026-06-05 14:23:42,131 [WARNING] STATE: DISTRACTED -> DIZZY
2026-06-05 14:23:43,863 [WARNING] STATE: DIZZY -> DISTRACTED
2026-06-05 14:23:45,220 [WARNING] STATE: DISTRACTED -> DIZZY
2026-06-05 14:23:45,986 [WARNING] STATE: DIZZY -> DISTRACTED
2026-06-05 14:23:46,188 [WARNING] STATE: DISTRACTED -> DIZZY
2026-06-05 14:23:47,841 [WARNING] STATE: DIZZY -> DISTRACTED
2026-06-05 14:24:04,019 [WARNING] STATE: DISTRACTED -> DIZZY
2026-06-05 14:24:05,851 [WARNING] STATE: DIZZY -> NORMAL
2026-06-05 14:24:10,629 [WARNING] STATE: NORMAL -> DIZZY
2026-06-05 14:24:11,548 [WARNING] STATE: DIZZY -> NORMAL
2026-06-05 14:24:12,605 [WARNING] STATE: NORMAL -> DIZZY
2026-06-05 14:24:13,490 [WARNING] STATE: DIZZY -> DISTRACTED
2026-06-05 14:24:15,897 [WARNING] STATE: DISTRACTED -> DIZZY
2026-06-05 14:24:18,026 [WARNING] STATE: DIZZY -> DISTRACTED
2026-06-05 14:24:18,803 [WARNING] STATE: DISTRACTED -> DIZZY
2026-06-05 14:24:20,240 [WARNING] STATE: DIZZY -> DISTRACTED
2026-06-05 14:24:22,675 [WARNING] STATE: DISTRACTED -> DIZZY
2026-06-05 14:24:26,871 [WARNING] STATE: DIZZY -> DISTRACTED
2026-06-05 14:24:27,158 [WARNING] STATE: DISTRACTED -> DIZZY
2026-06-05 14:24:27,785 [WARNING] STATE: DIZZY -> DISTRACTED
2026-06-05 14:24:45,111 [WARNING] STATE: DISTRACTED -> DIZZY
2026-06-05 14:24:47,012 [WARNING] STATE: DIZZY -> DROWSY
2026-06-05 14:24:47,548 [WARNING] STATE: DROWSY -> DISTRACTED
2026-06-05 14:24:51,611 [WARNING] STATE: DISTRACTED -> DIZZY
2026-06-05 14:24:53,233 [WARNING] STATE: DIZZY -> DISTRACTED
2026-06-05 14:24:58,158 [WARNING] STATE: DISTRACTED -> NORMAL
2026-06-05 14:25:20,856 [WARNING] STATE: NORMAL -> DIZZY
2026-06-05 14:25:21,437 [WARNING] STATE: DIZZY -> NORMAL
2026-06-05 14:25:22,804 [WARNING] STATE: NORMAL -> DIZZY
2026-06-05 14:25:23,205 [WARNING] STATE: DIZZY -> NORMAL
2026-06-05 14:25:23,924 [WARNING] STATE: NORMAL -> DIZZY
2026-06-05 14:25:26,235 [WARNING] STATE: DIZZY -> DISTRACTED
2026-06-05 14:25:34,860 [WARNING] STATE: DISTRACTED -> DIZZY
2026-06-05 14:25:35,775 [WARNING] STATE: DIZZY -> NORMAL
2026-06-05 14:25:36,742 [WARNING] STATE: NORMAL -> DIZZY
2026-06-05 14:25:40,074 [WARNING] STATE: DIZZY -> NORMAL
2026-06-05 14:25:40,792 [WARNING] STATE: NORMAL -> DIZZY
2026-06-05 14:25:42,665 [WARNING] STATE: DIZZY -> DISTRACTED
2026-06-05 14:25:44,602 [WARNING] STATE: DISTRACTED -> DIZZY
2026-06-05 14:25:49,103 [WARNING] STATE: DIZZY -> DISTRACTED
2026-06-05 14:25:52,504 [WARNING] STATE: DISTRACTED -> DIZZY
2026-06-05 14:25:52,655 [WARNING] STATE: DIZZY -> DISTRACTED
2026-06-05 14:25:53,739 [WARNING] STATE: DISTRACTED -> DIZZY
2026-06-05 14:25:54,504 [WARNING] STATE: DIZZY -> DISTRACTED
2026-06-05 14:25:55,018 [WARNING] STATE: DISTRACTED -> DIZZY
2026-06-05 14:25:55,815 [WARNING] STATE: DIZZY -> DISTRACTED
2026-06-05 14:25:57,475 [WARNING] STATE: DISTRACTED -> NORMAL
2026-06-05 14:25:58,820 [WARNING] STATE: NORMAL -> DIZZY
2026-06-05 14:25:59,568 [WARNING] STATE: DIZZY -> DISTRACTED
2026-06-05 14:26:00,403 [WARNING] STATE: DISTRACTED -> NORMAL
2026-06-05 14:26:00,898 [WARNING] STATE: NORMAL -> DISTRACTED
2026-06-05 14:26:02,305 [WARNING] STATE: DISTRACTED -> NORMAL
2026-06-05 14:26:02,999 [WARNING] STATE: NORMAL -> DIZZY
2026-06-05 14:26:04,380 [WARNING] STATE: DIZZY -> DISTRACTED
2026-06-05 14:26:05,766 [WARNING] STATE: DISTRACTED -> DIZZY
2026-06-05 14:26:07,214 [WARNING] STATE: DIZZY -> DISTRACTED
2026-06-05 14:26:12,727 [WARNING] STATE: DISTRACTED -> NORMAL
2026-06-05 14:26:13,047 [WARNING] STATE: NORMAL -> DISTRACTED
2026-06-05 14:26:13,634 [WARNING] STATE: DISTRACTED -> DIZZY
2026-06-05 14:26:15,581 [WARNING] STATE: DIZZY -> DISTRACTED
2026-06-05 14:26:16,596 [WARNING] STATE: DISTRACTED -> DIZZY
2026-06-05 14:26:17,335 [WARNING] STATE: DIZZY -> NORMAL
2026-06-05 14:26:47,110 [WARNING] STATE: NORMAL -> DIZZY
2026-06-05 14:26:49,486 [WARNING] STATE: DIZZY -> DISTRACTED
2026-06-05 14:26:52,462 [WARNING] STATE: DISTRACTED -> DIZZY
2026-06-05 14:26:53,299 [WARNING] STATE: DIZZY -> DISTRACTED
2026-06-05 14:26:54,706 [WARNING] STATE: DISTRACTED -> NORMAL
2026-06-05 14:26:55,293 [WARNING] STATE: NORMAL -> DIZZY
2026-06-05 14:26:57,363 [WARNING] STATE: DIZZY -> DISTRACTED
2026-06-05 14:26:59,165 [WARNING] STATE: DISTRACTED -> DIZZY
2026-06-05 14:27:01,144 [WARNING] STATE: DIZZY -> DISTRACTED
2026-06-05 14:27:01,541 [WARNING] STATE: DISTRACTED -> DIZZY
2026-06-05 14:27:02,361 [WARNING] STATE: DIZZY -> DISTRACTED
2026-06-05 14:27:04,878 [WARNING] STATE: DISTRACTED -> DIZZY
2026-06-05 14:27:05,714 [WARNING] STATE: DIZZY -> DISTRACTED
2026-06-05 14:27:07,061 [WARNING] STATE: DISTRACTED -> DIZZY
2026-06-05 14:27:09,144 [WARNING] STATE: DIZZY -> NORMAL
2026-06-05 14:27:12,933 [INFO] DOMINANT EMOTION: STRESSED -> NEUTRAL (stability 60%, 1010/1683 readings)
2026-06-05 14:27:15,474 [WARNING] STATE: NORMAL -> DIZZY
2026-06-05 14:27:17,175 [WARNING] STATE: DIZZY -> DISTRACTED
2026-06-05 14:27:18,137 [WARNING] STATE: DISTRACTED -> DIZZY
2026-06-05 14:27:18,299 [WARNING] STATE: DIZZY -> DISTRACTED
2026-06-05 14:27:23,008 [WARNING] STATE: DISTRACTED -> DIZZY
2026-06-05 14:27:23,371 [WARNING] STATE: DIZZY -> NORMAL
2026-06-05 14:27:23,789 [WARNING] STATE: NORMAL -> DIZZY
2026-06-05 14:27:25,437 [WARNING] STATE: DIZZY -> DISTRACTED
2026-06-05 14:27:25,628 [WARNING] STATE: DISTRACTED -> DIZZY
2026-06-05 14:27:26,688 [WARNING] STATE: DIZZY -> NORMAL
2026-06-05 14:27:32,418 [WARNING] STATE: NORMAL -> DIZZY
2026-06-05 14:27:35,736 [WARNING] STATE: DIZZY -> DISTRACTED
2026-06-05 14:27:36,771 [WARNING] STATE: DISTRACTED -> DIZZY
2026-06-05 14:27:37,424 [WARNING] STATE: DIZZY -> NORMAL
2026-06-05 14:27:46,302 [WARNING] STATE: NORMAL -> DIZZY
2026-06-05 14:27:47,075 [WARNING] STATE: DIZZY -> DISTRACTED
2026-06-05 14:27:47,828 [WARNING] STATE: DISTRACTED -> NORMAL
2026-06-05 14:27:50,111 [WARNING] STATE: NORMAL -> DIZZY
2026-06-05 14:27:50,552 [WARNING] STATE: DIZZY -> NORMAL
2026-06-05 14:27:52,818 [WARNING] STATE: NORMAL -> DIZZY
2026-06-05 14:27:53,803 [WARNING] STATE: DIZZY -> NORMAL
2026-06-05 14:28:00,304 [WARNING] STATE: NORMAL -> DIZZY
2026-06-05 14:28:00,802 [WARNING] STATE: DIZZY -> NORMAL
2026-06-05 14:28:09,334 [WARNING] STATE: NORMAL -> DIZZY
2026-06-05 14:28:10,004 [WARNING] STATE: DIZZY -> NORMAL
2026-06-05 14:28:48,429 [WARNING] STATE: NORMAL -> DIZZY
2026-06-05 14:28:48,848 [WARNING] STATE: DIZZY -> NORMAL
2026-06-05 14:28:59,927 [WARNING] STATE: NORMAL -> DIZZY
2026-06-05 14:29:01,624 [WARNING] STATE: DIZZY -> NORMAL
2026-06-05 14:29:02,115 [WARNING] STATE: NORMAL -> DIZZY
2026-06-05 14:29:03,359 [WARNING] STATE: DIZZY -> DISTRACTED
2026-06-05 14:29:04,010 [WARNING] STATE: DISTRACTED -> DIZZY
2026-06-05 14:29:04,597 [WARNING] STATE: DIZZY -> NORMAL
2026-06-05 14:29:05,862 [WARNING] STATE: NORMAL -> DIZZY
2026-06-05 14:29:06,364 [WARNING] STATE: DIZZY -> NORMAL
2026-06-05 14:29:10,415 [WARNING] STATE: NORMAL -> DIZZY
2026-06-05 14:29:12,292 [WARNING] STATE: DIZZY -> NORMAL
2026-06-05 14:29:13,076 [WARNING] STATE: NORMAL -> DISTRACTED
2026-06-05 14:29:13,825 [WARNING] STATE: DISTRACTED -> DIZZY
2026-06-05 14:29:16,657 [WARNING] STATE: DIZZY -> NORMAL
2026-06-05 14:29:17,793 [WARNING] STATE: NORMAL -> DIZZY
2026-06-05 14:29:20,775 [WARNING] STATE: DIZZY -> DISTRACTED
2026-06-05 14:29:20,943 [WARNING] STATE: DISTRACTED -> DIZZY
2026-06-05 14:29:21,889 [WARNING] STATE: DIZZY -> NORMAL
2026-06-05 14:29:22,427 [WARNING] STATE: NORMAL -> DIZZY
2026-06-05 14:29:24,657 [WARNING] STATE: DIZZY -> NORMAL
2026-06-05 14:29:24,986 [WARNING] STATE: NORMAL -> DIZZY
2026-06-05 14:29:26,827 [WARNING] STATE: DIZZY -> DISTRACTED
2026-06-05 14:29:29,293 [WARNING] STATE: DISTRACTED -> DIZZY
2026-06-05 14:29:32,440 [WARNING] STATE: DIZZY -> NORMAL
2026-06-05 14:29:33,702 [WARNING] STATE: NORMAL -> DIZZY
2026-06-05 14:29:34,316 [WARNING] STATE: DIZZY -> NORMAL
2026-06-05 14:29:35,427 [WARNING] STATE: NORMAL -> DIZZY
2026-06-05 14:29:36,947 [WARNING] STATE: DIZZY -> DISTRACTED
2026-06-05 14:29:39,192 [WARNING] STATE: DISTRACTED -> DIZZY
2026-06-05 14:29:39,907 [WARNING] STATE: DIZZY -> DISTRACTED
2026-06-05 14:29:40,494 [WARNING] STATE: DISTRACTED -> DIZZY
2026-06-05 14:29:41,203 [WARNING] STATE: DIZZY -> DISTRACTED
2026-06-05 14:29:43,283 [WARNING] STATE: DISTRACTED -> DIZZY
2026-06-05 14:29:44,205 [WARNING] STATE: DIZZY -> DISTRACTED
2026-06-05 14:29:46,623 [WARNING] STATE: DISTRACTED -> DIZZY
2026-06-05 14:29:49,108 [WARNING] STATE: DIZZY -> DISTRACTED
2026-06-05 14:29:49,926 [WARNING] STATE: DISTRACTED -> DIZZY
2026-06-05 14:29:51,738 [WARNING] STATE: DIZZY -> DISTRACTED
2026-06-05 14:29:52,258 [WARNING] STATE: DISTRACTED -> DIZZY
2026-06-05 14:29:53,054 [WARNING] STATE: DIZZY -> DISTRACTED
2026-06-05 14:29:54,453 [WARNING] STATE: DISTRACTED -> DIZZY
2026-06-05 14:29:55,933 [WARNING] STATE: DIZZY -> NORMAL
2026-06-05 14:29:59,172 [WARNING] STATE: NORMAL -> DIZZY
2026-06-05 14:30:01,588 [WARNING] STATE: DIZZY -> DISTRACTED
2026-06-05 14:30:01,855 [WARNING] STATE: DISTRACTED -> DIZZY
2026-06-05 14:30:02,760 [WARNING] STATE: DIZZY -> DISTRACTED
2026-06-05 14:30:02,903 [WARNING] STATE: DISTRACTED -> DIZZY
2026-06-05 14:30:03,648 [WARNING] STATE: DIZZY -> DISTRACTED
2026-06-05 14:30:09,721 [WARNING] STATE: DISTRACTED -> DIZZY
2026-06-05 14:30:11,249 [WARNING] STATE: DIZZY -> DISTRACTED
2026-06-05 14:30:11,737 [WARNING] STATE: DISTRACTED -> DIZZY
2026-06-05 14:30:12,135 [WARNING] STATE: DIZZY -> DISTRACTED
2026-06-05 14:30:21,630 [WARNING] STATE: DISTRACTED -> NORMAL
2026-06-05 14:30:24,206 [WARNING] STATE: NORMAL -> DIZZY
2026-06-05 14:30:35,393 [WARNING] STATE: DIZZY -> NORMAL
2026-06-05 14:30:36,404 [WARNING] STATE: NORMAL -> DIZZY
2026-06-05 14:30:39,795 [WARNING] STATE: DIZZY -> NORMAL
2026-06-05 14:30:40,208 [WARNING] STATE: NORMAL -> DIZZY
2026-06-05 14:30:40,795 [WARNING] STATE: DIZZY -> NORMAL
2026-06-05 14:30:41,696 [WARNING] STATE: NORMAL -> DIZZY
2026-06-05 14:30:42,710 [WARNING] STATE: DIZZY -> NORMAL
2026-06-05 14:30:43,249 [WARNING] STATE: NORMAL -> DISTRACTED
2026-06-05 14:30:48,281 [WARNING] STATE: DISTRACTED -> DIZZY
2026-06-05 14:30:48,907 [WARNING] STATE: DIZZY -> DISTRACTED
2026-06-05 14:30:50,162 [WARNING] STATE: DISTRACTED -> DIZZY
2026-06-05 14:30:50,862 [WARNING] STATE: DIZZY -> DISTRACTED
2026-06-05 14:30:51,280 [WARNING] STATE: DISTRACTED -> NORMAL
2026-06-05 14:30:52,843 [WARNING] STATE: NORMAL -> DISTRACTED
2026-06-05 14:30:58,093 [WARNING] STATE: DISTRACTED -> NORMAL
2026-06-05 14:30:58,295 [WARNING] STATE: NORMAL -> DISTRACTED
2026-06-05 14:30:58,890 [WARNING] STATE: DISTRACTED -> DIZZY
2026-06-05 14:30:59,260 [WARNING] STATE: DIZZY -> NORMAL
2026-06-05 14:31:03,343 [WARNING] STATE: NORMAL -> DISTRACTED
2026-06-05 14:31:04,234 [WARNING] STATE: DISTRACTED -> NORMAL
2026-06-05 14:31:05,750 [WARNING] STATE: NORMAL -> DISTRACTED
2026-06-05 14:31:12,556 [WARNING] STATE: DISTRACTED -> NORMAL
2026-06-05 14:31:13,017 [WARNING] STATE: NORMAL -> DISTRACTED
2026-06-05 14:31:13,498 [WARNING] STATE: DISTRACTED -> DIZZY
2026-06-05 14:31:14,702 [WARNING] STATE: DIZZY -> DISTRACTED
2026-06-05 14:31:17,764 [WARNING] STATE: DISTRACTED -> DIZZY
2026-06-05 14:31:18,597 [WARNING] STATE: DIZZY -> DISTRACTED
2026-06-05 14:31:19,269 [WARNING] STATE: DISTRACTED -> DIZZY
2026-06-05 14:31:21,426 [WARNING] STATE: DIZZY -> DISTRACTED
2026-06-05 14:31:23,293 [WARNING] STATE: DISTRACTED -> DIZZY
2026-06-05 14:31:24,747 [WARNING] STATE: DIZZY -> DISTRACTED
2026-06-05 14:31:26,483 [WARNING] STATE: DISTRACTED -> DIZZY
2026-06-05 14:31:28,172 [WARNING] STATE: DIZZY -> NORMAL
2026-06-05 14:31:29,251 [WARNING] STATE: NORMAL -> DIZZY
2026-06-05 14:31:30,374 [WARNING] STATE: DIZZY -> DISTRACTED
2026-06-05 14:31:32,481 [WARNING] STATE: DISTRACTED -> DIZZY
2026-06-05 14:31:33,570 [WARNING] STATE: DIZZY -> NORMAL
2026-06-05 14:31:36,351 [WARNING] STATE: NORMAL -> DIZZY
2026-06-05 14:31:37,682 [WARNING] STATE: DIZZY -> DISTRACTED
2026-06-05 14:31:38,285 [WARNING] STATE: DISTRACTED -> DIZZY
2026-06-05 14:31:40,095 [WARNING] STATE: DIZZY -> DISTRACTED
2026-06-05 14:31:40,448 [WARNING] STATE: DISTRACTED -> DIZZY
2026-06-05 14:31:42,767 [WARNING] STATE: DIZZY -> DISTRACTED
2026-06-05 14:31:45,782 [WARNING] STATE: DISTRACTED -> DIZZY
2026-06-05 14:31:46,312 [WARNING] STATE: DIZZY -> DISTRACTED
2026-06-05 14:31:51,731 [WARNING] STATE: DISTRACTED -> DIZZY
2026-06-05 14:31:53,247 [WARNING] STATE: DIZZY -> DISTRACTED
2026-06-05 14:31:56,431 [WARNING] STATE: DISTRACTED -> DIZZY
2026-06-05 14:31:59,769 [WARNING] STATE: DIZZY -> NORMAL
2026-06-05 14:32:00,360 [WARNING] STATE: NORMAL -> DIZZY
2026-06-05 14:32:01,889 [WARNING] STATE: DIZZY -> DISTRACTED
2026-06-05 14:32:03,632 [WARNING] STATE: DISTRACTED -> DIZZY
2026-06-05 14:32:05,007 [WARNING] STATE: DIZZY -> DISTRACTED
2026-06-05 14:32:05,222 [WARNING] STATE: DISTRACTED -> DIZZY
2026-06-05 14:32:06,259 [WARNING] STATE: DIZZY -> DISTRACTED
2026-06-05 14:32:06,864 [WARNING] STATE: DISTRACTED -> DIZZY
2026-06-05 14:32:07,562 [WARNING] STATE: DIZZY -> DISTRACTED
2026-06-05 14:32:16,154 [WARNING] STATE: DISTRACTED -> DIZZY
2026-06-05 14:32:16,812 [WARNING] STATE: DIZZY -> DISTRACTED
2026-06-05 14:32:19,616 [WARNING] STATE: DISTRACTED -> DIZZY
2026-06-05 14:32:20,291 [WARNING] STATE: DIZZY -> DISTRACTED
2026-06-05 14:32:20,593 [WARNING] STATE: DISTRACTED -> DIZZY
2026-06-05 14:32:21,418 [WARNING] STATE: DIZZY -> DISTRACTED
2026-06-05 14:32:21,938 [WARNING] STATE: DISTRACTED -> DIZZY
2026-06-05 14:32:23,376 [WARNING] STATE: DIZZY -> DISTRACTED
2026-06-05 14:32:24,444 [WARNING] STATE: DISTRACTED -> DIZZY
2026-06-05 14:32:25,172 [WARNING] STATE: DIZZY -> DISTRACTED
2026-06-05 14:32:27,209 [WARNING] STATE: DISTRACTED -> DIZZY
2026-06-05 14:32:27,889 [WARNING] STATE: DIZZY -> DISTRACTED
2026-06-05 14:32:28,590 [WARNING] STATE: DISTRACTED -> DIZZY
2026-06-05 14:32:29,299 [WARNING] STATE: DIZZY -> DISTRACTED
2026-06-05 14:32:29,744 [WARNING] STATE: DISTRACTED -> DIZZY
2026-06-05 14:32:32,062 [WARNING] STATE: DIZZY -> DISTRACTED
2026-06-05 14:32:32,596 [WARNING] STATE: DISTRACTED -> DIZZY
2026-06-05 14:32:33,562 [WARNING] STATE: DIZZY -> DISTRACTED
2026-06-05 14:32:33,963 [WARNING] STATE: DISTRACTED -> DIZZY
2026-06-05 14:32:35,001 [WARNING] STATE: DIZZY -> DISTRACTED
2026-06-05 14:32:36,059 [WARNING] STATE: DISTRACTED -> DIZZY
2026-06-05 14:32:38,986 [WARNING] STATE: DIZZY -> DISTRACTED
2026-06-05 14:32:41,889 [WARNING] STATE: DISTRACTED -> DIZZY
2026-06-05 14:32:42,842 [WARNING] STATE: DIZZY -> NORMAL
2026-06-05 14:32:43,226 [WARNING] STATE: NORMAL -> DROWSY
2026-06-05 14:32:43,561 [WARNING] STATE: DROWSY -> NORMAL
2026-06-05 14:32:44,257 [WARNING] STATE: NORMAL -> DISTRACTED
2026-06-05 14:32:45,571 [WARNING] STATE: DISTRACTED -> NORMAL
2026-06-05 14:32:46,294 [WARNING] STATE: NORMAL -> DIZZY
2026-06-05 14:32:47,478 [WARNING] STATE: DIZZY -> DISTRACTED
2026-06-05 14:32:50,093 [WARNING] STATE: DISTRACTED -> NORMAL
2026-06-05 14:32:51,199 [WARNING] STATE: NORMAL -> DISTRACTED
2026-06-05 14:32:52,003 [WARNING] STATE: DISTRACTED -> NORMAL
2026-06-05 14:32:53,147 [WARNING] STATE: NORMAL -> DISTRACTED
2026-06-05 14:33:01,824 [WARNING] STATE: DISTRACTED -> DIZZY
2026-06-05 14:33:02,565 [WARNING] STATE: DIZZY -> DISTRACTED
2026-06-05 14:33:05,969 [WARNING] STATE: DISTRACTED -> NORMAL
2026-06-05 14:33:06,441 [WARNING] STATE: NORMAL -> DISTRACTED
2026-06-05 14:33:06,763 [WARNING] STATE: DISTRACTED -> NORMAL
2026-06-05 14:33:09,389 [WARNING] STATE: NORMAL -> DISTRACTED
2026-06-05 14:33:12,186 [WARNING] STATE: DISTRACTED -> NORMAL
2026-06-05 14:33:12,714 [WARNING] STATE: NORMAL -> DIZZY
2026-06-05 14:33:13,438 [WARNING] STATE: DIZZY -> DISTRACTED
2026-06-05 14:33:14,748 [WARNING] STATE: DISTRACTED -> DIZZY
2026-06-05 14:33:15,088 [WARNING] STATE: DIZZY -> DISTRACTED
2026-06-05 14:33:15,218 [WARNING] STATE: DISTRACTED -> DIZZY
2026-06-05 14:33:16,058 [WARNING] STATE: DIZZY -> DISTRACTED
2026-06-05 14:33:27,626 [WARNING] STATE: DISTRACTED -> DIZZY
2026-06-05 14:33:28,207 [WARNING] STATE: DIZZY -> DISTRACTED
2026-06-05 14:33:29,233 [WARNING] STATE: DISTRACTED -> DIZZY
2026-06-05 14:33:29,853 [WARNING] STATE: DIZZY -> DISTRACTED
2026-06-05 14:33:31,171 [WARNING] STATE: DISTRACTED -> DIZZY
2026-06-05 14:33:31,522 [WARNING] STATE: DIZZY -> DISTRACTED
2026-06-05 14:33:31,762 [WARNING] STATE: DISTRACTED -> DIZZY
2026-06-05 14:33:31,936 [WARNING] STATE: DIZZY -> DISTRACTED
2026-06-05 14:33:33,678 [WARNING] STATE: DISTRACTED -> DIZZY
2026-06-05 14:33:34,387 [WARNING] STATE: DIZZY -> DISTRACTED
2026-06-05 14:34:15,118 [WARNING] STATE: DISTRACTED -> DIZZY
2026-06-05 14:34:15,754 [WARNING] STATE: DIZZY -> DISTRACTED
2026-06-05 14:34:47,123 [WARNING] STATE: DISTRACTED -> DIZZY
2026-06-05 14:34:48,490 [WARNING] STATE: DIZZY -> DISTRACTED
2026-06-05 14:34:49,006 [WARNING] STATE: DISTRACTED -> DIZZY
2026-06-05 14:34:49,734 [WARNING] STATE: DIZZY -> DISTRACTED
2026-06-05 14:34:50,418 [WARNING] STATE: DISTRACTED -> DIZZY
2026-06-05 14:34:52,460 [WARNING] STATE: DIZZY -> DISTRACTED
2026-06-05 14:34:54,026 [WARNING] STATE: DISTRACTED -> NORMAL
2026-06-05 14:35:02,784 [WARNING] STATE: NORMAL -> DISTRACTED
2026-06-05 14:35:03,567 [WARNING] STATE: DISTRACTED -> NORMAL
2026-06-05 14:35:04,364 [WARNING] STATE: NORMAL -> DISTRACTED
2026-06-05 14:35:11,093 [WARNING] STATE: DISTRACTED -> NORMAL
2026-06-05 14:35:11,326 [WARNING] STATE: NORMAL -> DISTRACTED
2026-06-05 14:35:13,146 [WARNING] STATE: DISTRACTED -> DIZZY
2026-06-05 14:35:14,933 [WARNING] STATE: DIZZY -> DISTRACTED
2026-06-05 14:35:16,640 [WARNING] STATE: DISTRACTED -> DIZZY
2026-06-05 14:35:17,549 [WARNING] STATE: DIZZY -> NORMAL
2026-06-05 14:35:19,350 [WARNING] STATE: NORMAL -> DIZZY
2026-06-05 14:35:20,547 [WARNING] STATE: DIZZY -> NORMAL
2026-06-05 14:35:20,785 [WARNING] STATE: NORMAL -> DIZZY
2026-06-05 14:35:21,049 [WARNING] STATE: DIZZY -> NORMAL
2026-06-05 14:35:22,954 [WARNING] STATE: NORMAL -> DIZZY
2026-06-05 14:35:23,626 [WARNING] STATE: DIZZY -> DISTRACTED
2026-06-05 14:35:24,117 [WARNING] STATE: DISTRACTED -> DIZZY
2026-06-05 14:35:25,703 [WARNING] STATE: DIZZY -> DISTRACTED
2026-06-05 14:35:30,280 [WARNING] STATE: DISTRACTED -> NORMAL
2026-06-05 14:35:31,251 [WARNING] STATE: NORMAL -> DISTRACTED
2026-06-05 14:35:35,650 [WARNING] STATE: DISTRACTED -> NORMAL
2026-06-05 14:35:35,873 [WARNING] STATE: NORMAL -> DISTRACTED
2026-06-05 14:35:38,272 [WARNING] STATE: DISTRACTED -> DIZZY
2026-06-05 14:35:38,816 [WARNING] STATE: DIZZY -> DISTRACTED
2026-06-05 14:35:44,256 [WARNING] STATE: DISTRACTED -> DIZZY
2026-06-05 14:35:44,868 [WARNING] STATE: DIZZY -> DISTRACTED
2026-06-05 14:35:46,416 [WARNING] STATE: DISTRACTED -> DIZZY
2026-06-05 14:35:46,659 [WARNING] STATE: DIZZY -> DISTRACTED
2026-06-05 14:35:47,421 [WARNING] STATE: DISTRACTED -> NORMAL
2026-06-05 14:35:47,546 [WARNING] STATE: NORMAL -> DISTRACTED
2026-06-05 14:35:48,127 [WARNING] STATE: DISTRACTED -> NORMAL
2026-06-05 14:35:48,284 [WARNING] STATE: NORMAL -> DISTRACTED
2026-06-05 14:35:55,332 [WARNING] STATE: DISTRACTED -> NORMAL
2026-06-05 14:35:56,446 [WARNING] STATE: NORMAL -> DISTRACTED
2026-06-05 14:35:56,742 [WARNING] STATE: DISTRACTED -> DIZZY
2026-06-05 14:35:57,206 [WARNING] STATE: DIZZY -> DISTRACTED
2026-06-05 14:35:59,138 [WARNING] STATE: DISTRACTED -> DIZZY
2026-06-05 14:35:59,794 [WARNING] STATE: DIZZY -> DISTRACTED
2026-06-05 14:36:00,755 [WARNING] STATE: DISTRACTED -> DIZZY
2026-06-05 14:36:01,397 [WARNING] STATE: DIZZY -> DISTRACTED
2026-06-05 14:36:07,048 [WARNING] STATE: DISTRACTED -> DIZZY
2026-06-05 14:36:08,572 [WARNING] STATE: DIZZY -> DISTRACTED
2026-06-05 14:36:09,423 [WARNING] STATE: DISTRACTED -> DIZZY
2026-06-05 14:36:10,799 [WARNING] STATE: DIZZY -> DISTRACTED
2026-06-05 14:36:13,273 [WARNING] STATE: DISTRACTED -> DIZZY
2026-06-05 14:36:14,672 [WARNING] STATE: DIZZY -> DISTRACTED
2026-06-05 14:36:30,540 [WARNING] STATE: DISTRACTED -> NORMAL
2026-06-05 14:36:32,004 [WARNING] STATE: NORMAL -> DISTRACTED
2026-06-05 14:36:32,136 [WARNING] STATE: DISTRACTED -> DIZZY
2026-06-05 14:36:32,656 [WARNING] STATE: DIZZY -> DISTRACTED
2026-06-05 14:36:32,898 [WARNING] STATE: DISTRACTED -> DIZZY
2026-06-05 14:36:33,682 [WARNING] STATE: DIZZY -> NORMAL
2026-06-05 14:36:34,137 [WARNING] STATE: NORMAL -> DISTRACTED
2026-06-05 14:36:41,546 [WARNING] STATE: DISTRACTED -> NORMAL
2026-06-05 14:36:43,300 [WARNING] STATE: NORMAL -> DIZZY
2026-06-05 14:36:44,666 [WARNING] STATE: DIZZY -> DISTRACTED
2026-06-05 14:36:47,634 [WARNING] STATE: DISTRACTED -> NORMAL
2026-06-05 14:36:48,642 [WARNING] STATE: NORMAL -> DIZZY
2026-06-05 14:36:49,312 [WARNING] STATE: DIZZY -> DISTRACTED
2026-06-05 14:36:51,017 [WARNING] STATE: DISTRACTED -> NORMAL
2026-06-05 14:36:51,264 [WARNING] STATE: NORMAL -> DISTRACTED
2026-06-05 14:36:51,742 [WARNING] STATE: DISTRACTED -> DIZZY
2026-06-05 14:36:52,418 [WARNING] STATE: DIZZY -> DISTRACTED
2026-06-05 14:37:02,639 [WARNING] STATE: DISTRACTED -> NORMAL
2026-06-05 14:37:03,009 [WARNING] STATE: NORMAL -> DISTRACTED
2026-06-05 14:37:05,930 [WARNING] STATE: DISTRACTED -> NORMAL
2026-06-05 14:37:06,213 [WARNING] STATE: NORMAL -> DISTRACTED
2026-06-05 14:37:06,501 [WARNING] STATE: DISTRACTED -> DIZZY
2026-06-05 14:37:07,075 [WARNING] STATE: DIZZY -> DISTRACTED
2026-06-05 14:37:12,778 [WARNING] STATE: DISTRACTED -> NORMAL
2026-06-05 14:37:12,957 [INFO] DOMINANT EMOTION: NEUTRAL -> STRESSED (stability 91%, 1639/1801 readings)
2026-06-05 14:37:14,082 [WARNING] STATE: NORMAL -> DISTRACTED
2026-06-05 14:37:14,693 [WARNING] STATE: DISTRACTED -> DROWSY
2026-06-05 14:37:15,146 [WARNING] STATE: DROWSY -> DISTRACTED
2026-06-05 14:37:22,142 [WARNING] STATE: DISTRACTED -> NORMAL
2026-06-05 14:37:22,923 [WARNING] STATE: NORMAL -> DISTRACTED
2026-06-05 14:37:26,890 [WARNING] STATE: DISTRACTED -> NORMAL
2026-06-05 14:37:27,198 [WARNING] STATE: NORMAL -> DISTRACTED
2026-06-05 14:37:27,570 [WARNING] STATE: DISTRACTED -> NORMAL
2026-06-05 14:37:28,945 [WARNING] STATE: NORMAL -> DISTRACTED
2026-06-05 14:37:31,323 [WARNING] STATE: DISTRACTED -> NORMAL
2026-06-05 14:37:33,339 [WARNING] STATE: NORMAL -> DISTRACTED
2026-06-05 14:37:37,885 [WARNING] STATE: DISTRACTED -> DIZZY
2026-06-05 14:37:40,145 [WARNING] STATE: DIZZY -> DISTRACTED
2026-06-05 14:37:40,475 [WARNING] STATE: DISTRACTED -> DIZZY
2026-06-05 14:37:41,056 [WARNING] STATE: DIZZY -> DISTRACTED
2026-06-05 14:37:43,166 [WARNING] STATE: DISTRACTED -> NORMAL
2026-06-05 14:37:43,877 [WARNING] STATE: NORMAL -> DISTRACTED
2026-06-05 14:37:45,059 [WARNING] STATE: DISTRACTED -> NORMAL
2026-06-05 14:37:45,298 [WARNING] STATE: NORMAL -> DIZZY
2026-06-05 14:37:46,395 [WARNING] STATE: DIZZY -> NORMAL
2026-06-05 14:37:51,610 [WARNING] STATE: NORMAL -> DISTRACTED
2026-06-05 14:37:52,198 [WARNING] STATE: DISTRACTED -> NORMAL
2026-06-05 14:37:54,886 [WARNING] STATE: NORMAL -> DISTRACTED
2026-06-05 14:37:55,034 [WARNING] STATE: DISTRACTED -> DIZZY
2026-06-05 14:37:56,831 [WARNING] STATE: DIZZY -> DISTRACTED
2026-06-05 14:38:01,738 [WARNING] STATE: DISTRACTED -> DIZZY
2026-06-05 14:38:02,682 [WARNING] STATE: DIZZY -> NORMAL
2026-06-05 14:38:02,875 [WARNING] STATE: NORMAL -> DISTRACTED
2026-06-05 14:38:03,882 [WARNING] STATE: DISTRACTED -> NORMAL
2026-06-05 14:38:04,671 [WARNING] STATE: NORMAL -> DIZZY
2026-06-05 14:38:05,445 [WARNING] STATE: DIZZY -> NORMAL
2026-06-05 14:38:05,978 [WARNING] STATE: NORMAL -> DIZZY
2026-06-05 14:38:06,688 [WARNING] STATE: DIZZY -> DISTRACTED
2026-06-05 14:38:08,948 [WARNING] STATE: DISTRACTED -> NORMAL
2026-06-05 14:38:10,522 [WARNING] STATE: NORMAL -> DROWSY
2026-06-05 14:38:12,760 [WARNING] STATE: DROWSY -> NORMAL
2026-06-05 14:38:13,315 [WARNING] STATE: NORMAL -> DISTRACTED
2026-06-05 14:38:13,646 [WARNING] STATE: DISTRACTED -> NORMAL
2026-06-05 14:38:15,833 [WARNING] STATE: NORMAL -> DIZZY
2026-06-05 14:38:16,340 [WARNING] STATE: DIZZY -> NORMAL
2026-06-05 14:38:17,075 [WARNING] STATE: NORMAL -> DIZZY
2026-06-05 14:38:17,889 [WARNING] STATE: DIZZY -> NORMAL
2026-06-05 14:38:18,310 [WARNING] STATE: NORMAL -> DROWSY
2026-06-05 14:38:21,123 [WARNING] STATE: DROWSY -> DISTRACTED
2026-06-05 14:38:22,562 [WARNING] STATE: DISTRACTED -> DIZZY
2026-06-05 14:38:23,866 [WARNING] STATE: DIZZY -> DISTRACTED
2026-06-05 14:38:24,085 [WARNING] STATE: DISTRACTED -> DIZZY
2026-06-05 14:38:24,425 [WARNING] STATE: DIZZY -> NORMAL
2026-06-05 14:38:24,880 [WARNING] STATE: NORMAL -> DISTRACTED
2026-06-05 14:38:25,947 [WARNING] STATE: DISTRACTED -> DIZZY
2026-06-05 14:38:27,283 [WARNING] STATE: DIZZY -> NORMAL
2026-06-05 14:38:28,627 [WARNING] STATE: NORMAL -> DISTRACTED
2026-06-05 14:38:29,597 [WARNING] STATE: DISTRACTED -> NORMAL
2026-06-05 14:38:31,603 [WARNING] STATE: NORMAL -> DISTRACTED
2026-06-05 14:38:31,843 [WARNING] STATE: DISTRACTED -> NORMAL
2026-06-05 14:38:33,235 [WARNING] STATE: NORMAL -> DISTRACTED
2026-06-05 14:38:34,130 [WARNING] STATE: DISTRACTED -> NORMAL
2026-06-05 14:38:35,600 [WARNING] STATE: NORMAL -> DISTRACTED
2026-06-05 14:38:36,289 [WARNING] STATE: DISTRACTED -> NORMAL
2026-06-05 14:38:43,588 [WARNING] STATE: NORMAL -> DISTRACTED
2026-06-05 14:38:48,161 [WARNING] STATE: DISTRACTED -> NORMAL
2026-06-05 14:38:52,464 [WARNING] STATE: NORMAL -> DIZZY
2026-06-05 14:38:53,283 [WARNING] STATE: DIZZY -> NORMAL
2026-06-05 14:39:05,582 [WARNING] STATE: NORMAL -> DIZZY
2026-06-05 14:39:06,063 [WARNING] STATE: DIZZY -> NORMAL
2026-06-05 14:39:06,250 [WARNING] STATE: NORMAL -> DIZZY
2026-06-05 14:39:07,440 [WARNING] STATE: DIZZY -> NORMAL
2026-06-05 14:39:17,761 [WARNING] STATE: NORMAL -> DIZZY
2026-06-05 14:39:18,366 [WARNING] STATE: DIZZY -> DISTRACTED
2026-06-05 14:39:22,945 [WARNING] STATE: DISTRACTED -> NORMAL
2026-06-05 14:39:23,411 [WARNING] STATE: NORMAL -> DISTRACTED
2026-06-05 14:39:24,579 [WARNING] STATE: DISTRACTED -> DIZZY
2026-06-05 14:39:25,358 [WARNING] STATE: DIZZY -> DISTRACTED
2026-06-05 14:39:25,666 [WARNING] STATE: DISTRACTED -> DIZZY
2026-06-05 14:39:28,315 [WARNING] STATE: DIZZY -> NORMAL
2026-06-05 14:39:29,234 [WARNING] STATE: NORMAL -> DIZZY
2026-06-05 14:39:30,451 [WARNING] STATE: DIZZY -> DISTRACTED
2026-06-05 14:39:30,821 [WARNING] STATE: DISTRACTED -> DIZZY
2026-06-05 14:39:31,584 [WARNING] STATE: DIZZY -> NORMAL
2026-06-05 14:39:34,652 [WARNING] STATE: NORMAL -> DISTRACTED
2026-06-05 14:39:35,052 [WARNING] STATE: DISTRACTED -> NORMAL
2026-06-05 14:39:36,950 [WARNING] STATE: NORMAL -> DISTRACTED
2026-06-05 14:39:37,305 [WARNING] STATE: DISTRACTED -> NORMAL
2026-06-05 14:39:37,680 [WARNING] STATE: NORMAL -> DISTRACTED
2026-06-05 14:39:38,443 [WARNING] STATE: DISTRACTED -> NORMAL
2026-06-05 14:39:40,434 [WARNING] STATE: NORMAL -> DISTRACTED
2026-06-05 14:39:42,659 [WARNING] STATE: DISTRACTED -> DIZZY
2026-06-05 14:39:43,877 [WARNING] STATE: DIZZY -> NORMAL
2026-06-05 14:39:45,436 [WARNING] STATE: NORMAL -> DISTRACTED
2026-06-05 14:39:46,113 [WARNING] STATE: DISTRACTED -> NORMAL
2026-06-05 14:39:51,183 [WARNING] STATE: NORMAL -> DISTRACTED
2026-06-05 14:39:53,700 [WARNING] STATE: DISTRACTED -> NORMAL
2026-06-05 14:39:55,052 [WARNING] STATE: NORMAL -> DISTRACTED
2026-06-05 14:39:55,407 [WARNING] STATE: DISTRACTED -> NORMAL
2026-06-05 14:39:56,249 [WARNING] STATE: NORMAL -> DISTRACTED
2026-06-05 14:39:58,059 [WARNING] STATE: DISTRACTED -> NORMAL
2026-06-05 14:39:58,742 [WARNING] STATE: NORMAL -> DISTRACTED
2026-06-05 14:40:02,274 [WARNING] STATE: DISTRACTED -> NORMAL
2026-06-05 14:40:02,962 [WARNING] STATE: NORMAL -> DISTRACTED
2026-06-05 14:40:03,810 [WARNING] STATE: DISTRACTED -> NORMAL
2026-06-05 14:40:03,984 [WARNING] STATE: NORMAL -> DISTRACTED
2026-06-05 14:40:05,242 [WARNING] STATE: DISTRACTED -> NORMAL
2026-06-05 14:40:10,433 [WARNING] STATE: NORMAL -> DISTRACTED
2026-06-05 14:40:10,739 [WARNING] STATE: DISTRACTED -> NORMAL
2026-06-05 14:40:13,388 [WARNING] STATE: NORMAL -> DIZZY
2026-06-05 14:40:14,033 [WARNING] STATE: DIZZY -> DISTRACTED
2026-06-05 14:40:14,780 [WARNING] STATE: DISTRACTED -> NORMAL
2026-06-05 14:40:14,948 [WARNING] STATE: NORMAL -> DIZZY
2026-06-05 14:40:15,760 [WARNING] STATE: DIZZY -> NORMAL
2026-06-05 14:40:16,742 [WARNING] STATE: NORMAL -> DISTRACTED
2026-06-05 14:40:16,944 [WARNING] STATE: DISTRACTED -> DIZZY
2026-06-05 14:40:18,022 [WARNING] STATE: DIZZY -> DISTRACTED
2026-06-05 14:40:18,637 [WARNING] STATE: DISTRACTED -> DIZZY
2026-06-05 14:40:19,822 [WARNING] STATE: DIZZY -> DISTRACTED
2026-06-05 14:40:36,602 [WARNING] STATE: DISTRACTED -> NORMAL
2026-06-05 14:40:38,068 [WARNING] STATE: NORMAL -> DISTRACTED
2026-06-05 14:40:38,793 [WARNING] STATE: DISTRACTED -> DIZZY
2026-06-05 14:40:39,116 [WARNING] STATE: DIZZY -> DISTRACTED
2026-06-05 14:40:39,628 [WARNING] STATE: DISTRACTED -> DIZZY
2026-06-05 14:40:40,757 [WARNING] STATE: DIZZY -> DISTRACTED
2026-06-05 14:40:41,248 [WARNING] STATE: DISTRACTED -> NORMAL
2026-06-05 14:40:43,709 [WARNING] STATE: NORMAL -> DISTRACTED
2026-06-05 14:40:44,424 [WARNING] STATE: DISTRACTED -> DIZZY
2026-06-05 14:40:46,032 [WARNING] STATE: DIZZY -> DISTRACTED
2026-06-05 14:40:47,445 [WARNING] STATE: DISTRACTED -> NORMAL
2026-06-05 14:40:48,087 [WARNING] STATE: NORMAL -> DISTRACTED
2026-06-05 14:40:52,786 [WARNING] STATE: DISTRACTED -> NORMAL
2026-06-05 14:40:53,091 [WARNING] STATE: NORMAL -> DISTRACTED
2026-06-05 14:40:54,437 [WARNING] STATE: DISTRACTED -> DIZZY
2026-06-05 14:40:54,842 [WARNING] STATE: DIZZY -> NORMAL
2026-06-05 14:40:56,695 [WARNING] STATE: NORMAL -> DISTRACTED
2026-06-05 14:40:59,662 [WARNING] STATE: DISTRACTED -> NORMAL
2026-06-05 14:41:00,123 [WARNING] STATE: NORMAL -> DISTRACTED
2026-06-05 14:41:01,456 [WARNING] STATE: DISTRACTED -> NORMAL
2026-06-05 14:41:02,107 [WARNING] STATE: NORMAL -> DROWSY
2026-06-05 14:41:02,428 [WARNING] STATE: DROWSY -> DISTRACTED
2026-06-05 14:41:06,143 [WARNING] STATE: DISTRACTED -> NORMAL
2026-06-05 14:41:07,187 [WARNING] STATE: NORMAL -> DISTRACTED
2026-06-05 14:41:10,923 [WARNING] STATE: DISTRACTED -> NORMAL
2026-06-05 14:41:13,923 [WARNING] STATE: NORMAL -> DISTRACTED
2026-06-05 14:41:15,020 [WARNING] STATE: DISTRACTED -> NORMAL
2026-06-05 14:41:15,234 [WARNING] STATE: NORMAL -> DISTRACTED
2026-06-05 14:41:18,587 [WARNING] STATE: DISTRACTED -> NORMAL
2026-06-05 14:41:20,645 [WARNING] STATE: NORMAL -> DISTRACTED
2026-06-05 14:41:20,946 [WARNING] STATE: DISTRACTED -> NORMAL
2026-06-05 14:41:21,680 [WARNING] STATE: NORMAL -> DISTRACTED
2026-06-05 14:41:22,167 [WARNING] STATE: DISTRACTED -> NORMAL
2026-06-05 14:41:29,180 [WARNING] STATE: NORMAL -> DISTRACTED
2026-06-05 14:41:29,457 [WARNING] STATE: DISTRACTED -> NORMAL
2026-06-05 14:41:29,582 [WARNING] STATE: NORMAL -> DISTRACTED
2026-06-05 14:42:16,138 [WARNING] STATE: DISTRACTED -> NORMAL
2026-06-05 14:42:19,770 [WARNING] STATE: NORMAL -> DISTRACTED
2026-06-05 14:42:21,093 [WARNING] STATE: DISTRACTED -> NORMAL
2026-06-05 14:42:22,362 [WARNING] STATE: NORMAL -> DISTRACTED
2026-06-05 14:42:22,619 [WARNING] STATE: DISTRACTED -> NORMAL
2026-06-05 14:42:25,456 [WARNING] STATE: NORMAL -> DISTRACTED
2026-06-05 14:42:25,612 [WARNING] STATE: DISTRACTED -> DIZZY
2026-06-05 14:42:26,228 [WARNING] STATE: DIZZY -> DISTRACTED
2026-06-05 14:42:30,943 [WARNING] STATE: DISTRACTED -> NORMAL
2026-06-05 14:42:32,224 [WARNING] STATE: NORMAL -> DISTRACTED
2026-06-05 14:42:45,610 [WARNING] STATE: DISTRACTED -> NORMAL
2026-06-05 14:42:45,714 [WARNING] STATE: NORMAL -> DISTRACTED
2026-06-05 14:42:46,903 [WARNING] STATE: DISTRACTED -> NORMAL
2026-06-05 14:42:49,234 [WARNING] STATE: NORMAL -> DISTRACTED
2026-06-05 14:42:52,141 [WARNING] STATE: DISTRACTED -> NORMAL
2026-06-05 14:42:52,938 [WARNING] STATE: NORMAL -> DISTRACTED
2026-06-05 14:43:29,706 [WARNING] STATE: DISTRACTED -> DIZZY
2026-06-05 14:43:31,265 [WARNING] STATE: DIZZY -> DISTRACTED
2026-06-05 14:43:32,550 [WARNING] STATE: DISTRACTED -> DIZZY
2026-06-05 14:43:33,137 [WARNING] STATE: DIZZY -> DISTRACTED
2026-06-05 14:43:33,285 [WARNING] STATE: DISTRACTED -> DIZZY
2026-06-05 14:43:33,858 [WARNING] STATE: DIZZY -> DISTRACTED
2026-06-05 14:43:39,248 [WARNING] STATE: DISTRACTED -> DIZZY
2026-06-05 14:43:39,825 [WARNING] STATE: DIZZY -> DISTRACTED
2026-06-05 14:43:40,338 [WARNING] STATE: DISTRACTED -> DIZZY
2026-06-05 14:43:41,218 [WARNING] STATE: DIZZY -> DISTRACTED
2026-06-05 14:43:42,160 [WARNING] STATE: DISTRACTED -> DIZZY
2026-06-05 14:43:42,830 [WARNING] STATE: DIZZY -> DISTRACTED
2026-06-05 14:43:44,576 [WARNING] STATE: DISTRACTED -> DIZZY
2026-06-05 14:43:46,324 [WARNING] STATE: DIZZY -> DISTRACTED
2026-06-05 14:43:46,763 [WARNING] STATE: DISTRACTED -> DIZZY
2026-06-05 14:43:47,749 [WARNING] STATE: DIZZY -> DISTRACTED
2026-06-05 14:43:49,668 [WARNING] STATE: DISTRACTED -> DIZZY
2026-06-05 14:43:50,469 [WARNING] STATE: DIZZY -> DISTRACTED
2026-06-05 14:43:50,779 [WARNING] STATE: DISTRACTED -> DIZZY
2026-06-05 14:43:51,475 [WARNING] STATE: DIZZY -> DISTRACTED
2026-06-05 14:43:51,707 [WARNING] STATE: DISTRACTED -> DIZZY
2026-06-05 14:43:52,544 [WARNING] STATE: DIZZY -> DISTRACTED
2026-06-05 14:43:53,972 [WARNING] STATE: DISTRACTED -> DIZZY
2026-06-05 14:43:54,640 [WARNING] STATE: DIZZY -> DISTRACTED
2026-06-05 14:43:55,071 [WARNING] STATE: DISTRACTED -> NORMAL
2026-06-05 14:43:55,370 [WARNING] STATE: NORMAL -> DIZZY
2026-06-05 14:43:56,534 [WARNING] STATE: DIZZY -> DISTRACTED
2026-06-05 14:43:56,897 [WARNING] STATE: DISTRACTED -> NORMAL
2026-06-05 14:43:57,182 [WARNING] STATE: NORMAL -> DIZZY
2026-06-05 14:43:58,032 [WARNING] STATE: DIZZY -> DISTRACTED
2026-06-05 14:43:59,728 [WARNING] STATE: DISTRACTED -> DIZZY
2026-06-05 14:44:00,443 [WARNING] STATE: DIZZY -> DISTRACTED
2026-06-05 14:44:00,752 [WARNING] STATE: DISTRACTED -> DIZZY
2026-06-05 14:44:01,470 [WARNING] STATE: DIZZY -> DISTRACTED
2026-06-05 14:44:03,167 [WARNING] STATE: DISTRACTED -> DIZZY
2026-06-05 14:44:03,377 [WARNING] STATE: DIZZY -> DISTRACTED
2026-06-05 14:44:04,954 [WARNING] STATE: DISTRACTED -> DIZZY
2026-06-05 14:44:05,943 [WARNING] STATE: DIZZY -> DISTRACTED
2026-06-05 14:44:14,451 [WARNING] STATE: DISTRACTED -> DIZZY
2026-06-05 14:44:14,966 [WARNING] STATE: DIZZY -> DISTRACTED
2026-06-05 14:44:16,130 [WARNING] STATE: DISTRACTED -> DIZZY
2026-06-05 14:44:16,651 [WARNING] STATE: DIZZY -> DISTRACTED
2026-06-05 14:44:17,074 [WARNING] STATE: DISTRACTED -> DIZZY
2026-06-05 14:44:17,775 [WARNING] STATE: DIZZY -> DISTRACTED
2026-06-05 14:44:18,623 [WARNING] STATE: DISTRACTED -> DIZZY
2026-06-05 14:44:19,362 [WARNING] STATE: DIZZY -> DISTRACTED
2026-06-05 14:44:19,824 [WARNING] STATE: DISTRACTED -> DIZZY
2026-06-05 14:44:20,497 [WARNING] STATE: DIZZY -> DISTRACTED
2026-06-05 14:44:24,435 [WARNING] STATE: DISTRACTED -> DIZZY
2026-06-05 14:44:24,971 [WARNING] STATE: DIZZY -> NORMAL
2026-06-05 14:44:25,152 [WARNING] STATE: NORMAL -> DISTRACTED
2026-06-05 14:44:26,122 [WARNING] STATE: DISTRACTED -> NORMAL
2026-06-05 14:44:26,654 [WARNING] STATE: NORMAL -> DIZZY
2026-06-05 14:44:27,298 [WARNING] STATE: DIZZY -> DISTRACTED
2026-06-05 14:44:28,643 [WARNING] STATE: DISTRACTED -> DIZZY
2026-06-05 14:44:29,589 [WARNING] STATE: DIZZY -> DISTRACTED
2026-06-05 14:44:32,416 [WARNING] STATE: DISTRACTED -> DIZZY
2026-06-05 14:44:33,660 [WARNING] STATE: DIZZY -> DISTRACTED
2026-06-05 14:44:35,645 [WARNING] STATE: DISTRACTED -> DIZZY
2026-06-05 14:44:36,355 [WARNING] STATE: DIZZY -> DISTRACTED
2026-06-05 14:44:37,092 [WARNING] STATE: DISTRACTED -> DIZZY
2026-06-05 14:44:37,699 [WARNING] STATE: DIZZY -> DISTRACTED
2026-06-05 14:44:40,417 [WARNING] STATE: DISTRACTED -> DIZZY
2026-06-05 14:44:40,700 [WARNING] STATE: DIZZY -> DISTRACTED
2026-06-05 14:44:42,597 [WARNING] STATE: DISTRACTED -> DIZZY
2026-06-05 14:44:43,288 [WARNING] STATE: DIZZY -> DISTRACTED
2026-06-05 14:44:43,464 [WARNING] STATE: DISTRACTED -> DIZZY
2026-06-05 14:44:43,889 [WARNING] STATE: DIZZY -> DISTRACTED
2026-06-05 14:44:46,853 [WARNING] STATE: DISTRACTED -> DIZZY
2026-06-05 14:44:47,485 [WARNING] STATE: DIZZY -> DISTRACTED
2026-06-05 14:44:47,850 [WARNING] STATE: DISTRACTED -> DIZZY
2026-06-05 14:44:48,490 [WARNING] STATE: DIZZY -> DISTRACTED
2026-06-05 14:44:52,234 [WARNING] STATE: DISTRACTED -> DIZZY
2026-06-05 14:44:52,954 [WARNING] STATE: DIZZY -> DISTRACTED
2026-06-05 14:44:55,119 [WARNING] STATE: DISTRACTED -> DIZZY
2026-06-05 14:44:55,755 [WARNING] STATE: DIZZY -> DISTRACTED
2026-06-05 14:45:00,496 [WARNING] STATE: DISTRACTED -> NORMAL
2026-06-05 14:45:00,827 [WARNING] STATE: NORMAL -> DISTRACTED
2026-06-05 14:45:01,442 [WARNING] STATE: DISTRACTED -> DIZZY
2026-06-05 14:45:02,141 [WARNING] STATE: DIZZY -> DISTRACTED
2026-06-05 14:45:02,757 [WARNING] STATE: DISTRACTED -> DIZZY
2026-06-05 14:45:03,451 [WARNING] STATE: DIZZY -> DISTRACTED
2026-06-05 14:45:03,699 [WARNING] STATE: DISTRACTED -> DIZZY
2026-06-05 14:45:04,291 [WARNING] STATE: DIZZY -> DISTRACTED
2026-06-05 14:45:07,324 [WARNING] STATE: DISTRACTED -> NORMAL
2026-06-05 14:45:08,542 [WARNING] STATE: NORMAL -> DISTRACTED
2026-06-05 14:45:11,974 [WARNING] STATE: DISTRACTED -> NORMAL
2026-06-05 14:45:12,090 [WARNING] STATE: NORMAL -> DISTRACTED
2026-06-05 14:45:36,891 [WARNING] STATE: DISTRACTED -> DIZZY
2026-06-05 14:45:37,478 [WARNING] STATE: DIZZY -> DISTRACTED
2026-06-05 14:45:37,872 [WARNING] STATE: DISTRACTED -> DIZZY
2026-06-05 14:45:38,140 [WARNING] STATE: DIZZY -> DISTRACTED
2026-06-05 14:45:42,403 [WARNING] STATE: DISTRACTED -> DIZZY
2026-06-05 14:45:42,643 [WARNING] STATE: DIZZY -> DISTRACTED
2026-06-05 14:45:46,081 [WARNING] STATE: DISTRACTED -> DIZZY
2026-06-05 14:45:46,510 [WARNING] STATE: DIZZY -> DISTRACTED
2026-06-05 14:45:57,586 [WARNING] STATE: DISTRACTED -> DIZZY
2026-06-05 14:45:58,012 [WARNING] STATE: DIZZY -> DISTRACTED
2026-06-05 14:45:58,560 [WARNING] STATE: DISTRACTED -> DIZZY
2026-06-05 14:45:58,828 [WARNING] STATE: DIZZY -> DISTRACTED
2026-06-05 14:46:34,142 [WARNING] STATE: DISTRACTED -> DIZZY
2026-06-05 14:46:34,718 [WARNING] STATE: DIZZY -> DISTRACTED
2026-06-05 14:46:35,525 [WARNING] STATE: DISTRACTED -> DIZZY
2026-06-05 14:46:36,554 [WARNING] STATE: DIZZY -> DISTRACTED
2026-06-05 14:46:37,545 [WARNING] STATE: DISTRACTED -> DIZZY
2026-06-05 14:46:39,930 [WARNING] STATE: DIZZY -> DISTRACTED
2026-06-05 14:46:41,370 [WARNING] STATE: DISTRACTED -> DIZZY
2026-06-05 14:46:42,282 [WARNING] STATE: DIZZY -> DISTRACTED
2026-06-05 14:47:10,146 [WARNING] STATE: DISTRACTED -> DIZZY
2026-06-05 14:47:10,875 [WARNING] STATE: DIZZY -> DISTRACTED
2026-06-05 14:47:13,530 [WARNING] STATE: DISTRACTED -> DIZZY
2026-06-05 14:47:14,338 [WARNING] STATE: DIZZY -> DISTRACTED
2026-06-05 14:47:55,889 [WARNING] STATE: DISTRACTED -> DIZZY
2026-06-05 14:47:57,142 [WARNING] STATE: DIZZY -> DISTRACTED
2026-06-05 14:47:57,843 [WARNING] STATE: DISTRACTED -> NORMAL
2026-06-05 14:47:58,205 [WARNING] STATE: NORMAL -> DIZZY
2026-06-05 14:47:59,034 [WARNING] STATE: DIZZY -> DISTRACTED
2026-06-05 14:47:59,951 [WARNING] STATE: DISTRACTED -> DIZZY
2026-06-05 14:48:00,989 [WARNING] STATE: DIZZY -> NORMAL
2026-06-05 14:48:01,635 [WARNING] STATE: NORMAL -> DIZZY
2026-06-05 14:48:02,822 [WARNING] STATE: DIZZY -> DISTRACTED
2026-06-05 14:48:03,215 [WARNING] STATE: DISTRACTED -> DIZZY
2026-06-05 14:48:04,256 [WARNING] STATE: DIZZY -> NORMAL
2026-06-05 14:48:05,267 [WARNING] STATE: NORMAL -> DIZZY
2026-06-05 14:48:05,838 [WARNING] STATE: DIZZY -> NORMAL
2026-06-05 14:48:10,384 [WARNING] STATE: NORMAL -> DIZZY
2026-06-05 14:48:11,210 [WARNING] STATE: DIZZY -> NORMAL
2026-06-05 14:48:13,466 [WARNING] STATE: NORMAL -> DIZZY
2026-06-05 14:48:14,046 [WARNING] STATE: DIZZY -> NORMAL
2026-06-05 14:48:14,475 [WARNING] STATE: NORMAL -> DIZZY
2026-06-05 14:48:15,462 [WARNING] STATE: DIZZY -> DISTRACTED
2026-06-05 14:48:16,242 [WARNING] STATE: DISTRACTED -> DIZZY
2026-06-05 14:48:18,754 [WARNING] STATE: DIZZY -> NORMAL
2026-06-05 14:48:26,838 [WARNING] STATE: NORMAL -> DIZZY
2026-06-05 14:48:27,719 [WARNING] STATE: DIZZY -> NORMAL
2026-06-05 14:48:28,842 [WARNING] STATE: NORMAL -> DIZZY
2026-06-05 14:48:32,513 [WARNING] STATE: DIZZY -> NORMAL
2026-06-05 14:48:33,245 [WARNING] STATE: NORMAL -> DISTRACTED
2026-06-05 14:48:33,483 [WARNING] STATE: DISTRACTED -> DIZZY
2026-06-05 14:48:34,466 [WARNING] STATE: DIZZY -> DISTRACTED
2026-06-05 14:48:35,069 [WARNING] STATE: DISTRACTED -> NORMAL
2026-06-05 14:48:35,675 [WARNING] STATE: NORMAL -> DIZZY
2026-06-05 14:48:37,360 [WARNING] STATE: DIZZY -> NORMAL
2026-06-05 14:48:37,664 [WARNING] STATE: NORMAL -> DISTRACTED
2026-06-05 14:48:39,247 [WARNING] STATE: DISTRACTED -> DIZZY
2026-06-05 14:48:40,410 [WARNING] STATE: DIZZY -> NORMAL
2026-06-05 14:48:49,434 [WARNING] STATE: NORMAL -> DIZZY
2026-06-05 14:48:50,241 [WARNING] STATE: DIZZY -> DISTRACTED
2026-06-05 14:48:50,469 [WARNING] STATE: DISTRACTED -> DIZZY
2026-06-05 14:48:51,397 [WARNING] STATE: DIZZY -> NORMAL
2026-06-05 14:49:03,323 [WARNING] STATE: NORMAL -> DISTRACTED
2026-06-05 14:49:04,435 [WARNING] STATE: DISTRACTED -> NORMAL
2026-06-05 14:49:05,592 [WARNING] STATE: NORMAL -> DISTRACTED
2026-06-05 14:49:06,012 [WARNING] STATE: DISTRACTED -> DIZZY
2026-06-05 14:49:06,959 [WARNING] STATE: DIZZY -> NORMAL
2026-06-05 14:49:07,119 [WARNING] STATE: NORMAL -> DISTRACTED
2026-06-05 14:49:07,266 [WARNING] STATE: DISTRACTED -> DIZZY
2026-06-05 14:49:08,672 [WARNING] STATE: DIZZY -> DISTRACTED
2026-06-05 14:49:11,387 [WARNING] STATE: DISTRACTED -> DIZZY
2026-06-05 14:49:12,151 [WARNING] STATE: DIZZY -> DISTRACTED
2026-06-05 14:49:13,212 [WARNING] STATE: DISTRACTED -> NORMAL
2026-06-05 14:49:14,131 [WARNING] STATE: NORMAL -> DISTRACTED
2026-06-05 14:49:14,433 [WARNING] STATE: DISTRACTED -> NORMAL
2026-06-05 14:49:14,860 [WARNING] STATE: NORMAL -> DISTRACTED
2026-06-05 14:49:15,627 [WARNING] STATE: DISTRACTED -> NORMAL
2026-06-05 14:49:15,976 [WARNING] STATE: NORMAL -> DISTRACTED
2026-06-05 14:49:18,522 [WARNING] STATE: DISTRACTED -> DIZZY
2026-06-05 14:49:19,059 [WARNING] STATE: DIZZY -> DISTRACTED
2026-06-05 14:49:20,689 [WARNING] STATE: DISTRACTED -> NORMAL
2026-06-05 14:49:22,330 [WARNING] STATE: NORMAL -> DIZZY
2026-06-05 14:49:23,240 [WARNING] STATE: DIZZY -> DISTRACTED
2026-06-05 14:49:24,045 [WARNING] STATE: DISTRACTED -> NORMAL
2026-06-05 14:49:25,817 [WARNING] STATE: NORMAL -> DISTRACTED
2026-06-05 14:49:27,956 [WARNING] STATE: DISTRACTED -> DIZZY
2026-06-05 14:49:29,025 [WARNING] STATE: DIZZY -> DISTRACTED
2026-06-05 14:49:29,451 [WARNING] STATE: DISTRACTED -> DIZZY
2026-06-05 14:49:30,402 [WARNING] STATE: DIZZY -> DISTRACTED
2026-06-05 14:49:31,373 [WARNING] STATE: DISTRACTED -> DIZZY
2026-06-05 14:49:31,892 [WARNING] STATE: DIZZY -> DISTRACTED
2026-06-05 14:49:32,749 [WARNING] STATE: DISTRACTED -> DIZZY
2026-06-05 14:49:33,424 [WARNING] STATE: DIZZY -> DISTRACTED
2026-06-05 14:49:35,749 [WARNING] STATE: DISTRACTED -> DIZZY
2026-06-05 14:49:37,795 [WARNING] STATE: DIZZY -> DISTRACTED
2026-06-05 14:49:38,131 [WARNING] STATE: DISTRACTED -> DIZZY
2026-06-05 14:49:38,614 [WARNING] STATE: DIZZY -> DISTRACTED
2026-06-05 14:49:39,398 [WARNING] STATE: DISTRACTED -> DIZZY
2026-06-05 14:49:40,123 [WARNING] STATE: DIZZY -> DISTRACTED
2026-06-05 14:49:45,772 [INFO] Stopping ADAMS
2026-06-10 19:48:24,296 [INFO] Starting ADAMS v3
2026-06-10 19:48:24,297 [WARNING] smbus2 not installed – LCD disabled. Run: pip install smbus2
2026-06-10 19:48:24,298 [WARNING] GPIO unavailable – simulation mode
2026-06-10 19:48:25,260 [INFO] Firebase connected
2026-06-10 19:48:28,502 [WARNING] STATE: NORMAL -> DISTRACTED
2026-06-10 19:48:28,680 [INFO] DOMINANT EMOTION: NEUTRAL -> STRESSED (stability 70%, 7/10 readings)
2026-06-10 19:48:29,326 [WARNING] STATE: DISTRACTED -> NORMAL
2026-06-10 19:48:29,445 [WARNING] STATE: NORMAL -> DISTRACTED
2026-06-10 19:48:33,403 [WARNING] STATE: DISTRACTED -> DIZZY
2026-06-10 19:48:34,316 [WARNING] STATE: DIZZY -> DISTRACTED
2026-06-10 19:48:36,264 [WARNING] STATE: DISTRACTED -> DIZZY
2026-06-10 19:48:37,019 [WARNING] STATE: DIZZY -> DISTRACTED
2026-06-10 19:48:37,701 [WARNING] STATE: DISTRACTED -> DIZZY
2026-06-10 19:48:38,487 [WARNING] STATE: DIZZY -> DISTRACTED
2026-06-10 19:48:40,320 [WARNING] STATE: DISTRACTED -> DIZZY
2026-06-10 19:48:44,165 [WARNING] STATE: DIZZY -> DISTRACTED
2026-06-10 19:48:45,815 [WARNING] STATE: DISTRACTED -> NORMAL
2026-06-10 19:48:45,905 [WARNING] STATE: NORMAL -> DISTRACTED
2026-06-10 19:48:46,842 [WARNING] STATE: DISTRACTED -> NORMAL
2026-06-10 19:48:48,135 [WARNING] STATE: NORMAL -> DISTRACTED
2026-06-10 19:48:49,129 [WARNING] STATE: DISTRACTED -> NORMAL
2026-06-10 19:48:49,303 [WARNING] STATE: NORMAL -> DISTRACTED
2026-06-10 19:48:49,699 [WARNING] STATE: DISTRACTED -> NORMAL
2026-06-10 19:48:49,857 [WARNING] STATE: NORMAL -> DISTRACTED
2026-06-10 19:48:50,505 [WARNING] STATE: DISTRACTED -> NORMAL
2026-06-10 19:48:50,963 [WARNING] STATE: NORMAL -> DROWSY
2026-06-10 19:48:52,201 [WARNING] STATE: DROWSY -> NORMAL
2026-06-10 19:48:54,452 [WARNING] STATE: NORMAL -> DIZZY
2026-06-10 19:48:55,403 [WARNING] STATE: DIZZY -> DISTRACTED
2026-06-10 19:48:57,020 [WARNING] STATE: DISTRACTED -> NORMAL
2026-06-10 19:48:57,318 [WARNING] STATE: NORMAL -> DIZZY
2026-06-10 19:48:59,245 [WARNING] STATE: DIZZY -> NORMAL
2026-06-10 19:49:00,056 [WARNING] STATE: NORMAL -> DISTRACTED
2026-06-10 19:49:00,325 [INFO] Stopping ADAMS
2026-06-10 19:50:55,556 [INFO] Starting ADAMS v3
2026-06-10 19:50:55,556 [WARNING] smbus2 not installed – LCD disabled. Run: pip install smbus2
2026-06-10 19:50:55,556 [WARNING] GPIO unavailable – simulation mode
2026-06-10 19:50:56,049 [INFO] Firebase connected
2026-06-10 19:50:58,102 [WARNING] STATE: NORMAL -> DISTRACTED
2026-06-10 19:50:58,225 [WARNING] STATE: DISTRACTED -> DIZZY
2026-06-10 19:50:58,259 [INFO] DOMINANT EMOTION: NEUTRAL -> STRESSED (stability 90%, 9/10 readings)
2026-06-10 19:50:58,941 [WARNING] STATE: DIZZY -> DISTRACTED
2026-06-10 19:50:59,378 [WARNING] STATE: DISTRACTED -> DIZZY
2026-06-10 19:51:00,287 [WARNING] STATE: DIZZY -> DISTRACTED
2026-06-10 19:51:01,997 [INFO] Stopping ADAMS
2026-06-10 19:51:55,744 [INFO] Starting ADAMS v3
2026-06-10 19:51:55,745 [WARNING] smbus2 not installed – LCD disabled. Run: pip install smbus2
2026-06-10 19:51:55,745 [WARNING] GPIO unavailable – simulation mode
2026-06-10 19:51:56,278 [INFO] Firebase connected
2026-06-10 19:51:58,378 [INFO] DOMINANT EMOTION: NEUTRAL -> FOCUSED (stability 80%, 8/10 readings)
2026-06-10 19:51:58,908 [WARNING] STATE: NORMAL -> DISTRACTED
2026-06-10 19:51:59,179 [WARNING] STATE: DISTRACTED -> NORMAL
2026-06-10 19:52:02,499 [WARNING] STATE: NORMAL -> DROWSY
2026-06-10 19:52:07,327 [WARNING] STATE: DROWSY -> DIZZY
2026-06-10 19:52:08,492 [WARNING] STATE: DIZZY -> DISTRACTED
2026-06-10 19:52:08,898 [WARNING] STATE: DISTRACTED -> DIZZY
2026-06-10 19:52:11,888 [WARNING] STATE: DIZZY -> DISTRACTED
2026-06-10 19:52:12,721 [WARNING] STATE: DISTRACTED -> DROWSY
2026-06-10 19:52:14,579 [WARNING] STATE: DROWSY -> NORMAL
2026-06-10 19:52:16,283 [WARNING] STATE: NORMAL -> DROWSY
2026-06-10 19:52:17,703 [WARNING] STATE: DROWSY -> NORMAL
2026-06-10 19:52:18,527 [WARNING] STATE: NORMAL -> DISTRACTED
2026-06-10 19:52:19,022 [WARNING] STATE: DISTRACTED -> NORMAL
2026-06-10 19:52:20,601 [WARNING] STATE: NORMAL -> DISTRACTED
2026-06-10 19:52:21,331 [WARNING] STATE: DISTRACTED -> NORMAL
2026-06-10 19:52:24,691 [WARNING] STATE: NORMAL -> DISTRACTED
2026-06-10 19:52:25,101 [INFO] Stopping ADAMS
2026-06-10 19:52:42,711 [INFO] Starting ADAMS v3
2026-06-10 19:52:42,711 [WARNING] smbus2 not installed – LCD disabled. Run: pip install smbus2
2026-06-10 19:52:42,711 [WARNING] GPIO unavailable – simulation mode
2026-06-10 19:52:43,120 [INFO] Firebase connected
2026-06-10 19:52:45,267 [INFO] DOMINANT EMOTION: NEUTRAL -> TIRED (stability 60%, 6/10 readings)
2026-06-10 19:52:45,663 [WARNING] STATE: NORMAL -> DISTRACTED
2026-06-10 19:52:47,864 [WARNING] STATE: DISTRACTED -> NORMAL
2026-06-10 19:52:52,276 [WARNING] STATE: NORMAL -> DISTRACTED
2026-06-10 19:52:53,172 [WARNING] STATE: DISTRACTED -> NORMAL
2026-06-10 19:52:53,876 [WARNING] STATE: NORMAL -> DIZZY
2026-06-10 19:52:55,504 [WARNING] STATE: DIZZY -> DISTRACTED
2026-06-10 19:52:55,967 [WARNING] STATE: DISTRACTED -> NORMAL
2026-06-10 19:52:56,171 [WARNING] STATE: NORMAL -> DISTRACTED
2026-06-10 19:52:57,572 [WARNING] STATE: DISTRACTED -> NORMAL
2026-06-10 19:52:58,312 [WARNING] STATE: NORMAL -> DISTRACTED
2026-06-10 19:53:05,103 [WARNING] STATE: DISTRACTED -> NORMAL
2026-06-10 19:54:27,278 [WARNING] STATE: NORMAL -> DISTRACTED
2026-06-10 19:54:28,869 [WARNING] STATE: DISTRACTED -> NORMAL
2026-06-10 19:55:12,749 [WARNING] STATE: NORMAL -> DISTRACTED
2026-06-10 19:55:14,253 [WARNING] STATE: DISTRACTED -> NORMAL
2026-06-10 19:55:18,896 [WARNING] STATE: NORMAL -> DISTRACTED
2026-06-10 19:55:20,243 [WARNING] STATE: DISTRACTED -> NORMAL
2026-06-10 19:55:22,731 [WARNING] STATE: NORMAL -> DISTRACTED
2026-06-10 19:55:23,866 [WARNING] STATE: DISTRACTED -> DIZZY
2026-06-10 19:55:25,853 [WARNING] STATE: DIZZY -> DISTRACTED
2026-06-10 19:55:26,700 [WARNING] STATE: DISTRACTED -> DIZZY
2026-06-10 19:55:27,793 [WARNING] STATE: DIZZY -> DISTRACTED
2026-06-10 19:55:30,647 [WARNING] STATE: DISTRACTED -> NORMAL
2026-06-10 19:55:30,908 [INFO] Stopping ADAMS
2026-06-10 20:04:26,702 [INFO] Starting ADAMS v3
2026-06-10 20:04:26,703 [WARNING] smbus2 not installed – LCD disabled. Run: pip install smbus2
2026-06-10 20:04:26,703 [WARNING] GPIO unavailable – simulation mode
2026-06-10 20:04:27,292 [INFO] Firebase connected
2026-06-10 20:04:31,184 [WARNING] STATE: NORMAL -> DIZZY
2026-06-10 20:04:32,622 [WARNING] STATE: DIZZY -> DISTRACTED
2026-06-10 20:04:32,757 [WARNING] STATE: DISTRACTED -> DIZZY
2026-06-10 20:04:33,587 [WARNING] STATE: DIZZY -> NORMAL
2026-06-10 20:04:34,644 [WARNING] STATE: NORMAL -> DROWSY
2026-06-10 20:04:34,758 [WARNING] STATE: DROWSY -> DIZZY
2026-06-10 20:04:35,839 [INFO] DOMINANT EMOTION: NEUTRAL -> STRESSED (stability 70%, 133/190 readings)
2026-06-10 20:04:35,862 [WARNING] STATE: DIZZY -> NORMAL
2026-06-10 20:04:36,701 [WARNING] STATE: NORMAL -> DROWSY
2026-06-10 20:04:37,046 [WARNING] STATE: DROWSY -> DIZZY
2026-06-10 20:04:38,275 [WARNING] STATE: DIZZY -> NORMAL
2026-06-10 20:04:42,835 [WARNING] STATE: NORMAL -> DIZZY
2026-06-10 20:04:43,492 [WARNING] STATE: DIZZY -> DISTRACTED
2026-06-10 20:04:43,759 [WARNING] STATE: DISTRACTED -> DIZZY
2026-06-10 20:04:44,591 [WARNING] STATE: DIZZY -> DISTRACTED
2026-06-10 20:04:46,690 [WARNING] STATE: DISTRACTED -> DIZZY
2026-06-10 20:04:47,376 [WARNING] STATE: DIZZY -> DROWSY
2026-06-10 20:04:54,834 [WARNING] STATE: DROWSY -> NORMAL
2026-06-10 20:04:55,534 [WARNING] STATE: NORMAL -> DROWSY
2026-06-10 20:04:56,923 [WARNING] STATE: DROWSY -> DIZZY
2026-06-10 20:04:57,573 [WARNING] STATE: DIZZY -> DISTRACTED
2026-06-10 20:04:59,768 [WARNING] STATE: DISTRACTED -> DIZZY
2026-06-10 20:05:00,047 [WARNING] STATE: DIZZY -> NORMAL
2026-06-10 20:05:04,443 [WARNING] STATE: NORMAL -> DIZZY
2026-06-10 20:05:05,170 [WARNING] STATE: DIZZY -> DISTRACTED
2026-06-10 20:05:05,968 [WARNING] STATE: DISTRACTED -> DROWSY
2026-06-10 20:05:06,203 [WARNING] STATE: DROWSY -> DISTRACTED
2026-06-10 20:05:07,630 [WARNING] STATE: DISTRACTED -> DROWSY
2026-06-10 20:05:08,171 [WARNING] STATE: DROWSY -> DISTRACTED
2026-06-10 20:05:10,540 [WARNING] STATE: DISTRACTED -> DROWSY
2026-06-10 20:05:11,625 [WARNING] STATE: DROWSY -> NORMAL
2026-06-10 20:05:12,387 [WARNING] STATE: NORMAL -> DIZZY
2026-06-10 20:05:13,085 [WARNING] STATE: DIZZY -> DISTRACTED
2026-06-10 20:05:13,649 [WARNING] STATE: DISTRACTED -> NORMAL
2026-06-10 20:05:14,229 [WARNING] STATE: NORMAL -> DIZZY
2026-06-10 20:05:15,077 [WARNING] STATE: DIZZY -> DISTRACTED
2026-06-10 20:05:16,381 [WARNING] STATE: DISTRACTED -> DIZZY
2026-06-10 20:05:16,622 [WARNING] STATE: DIZZY -> DISTRACTED
2026-06-10 20:05:17,922 [WARNING] STATE: DISTRACTED -> DIZZY
2026-06-10 20:05:19,269 [WARNING] STATE: DIZZY -> DROWSY
2026-06-10 20:05:19,441 [WARNING] STATE: DROWSY -> DIZZY
2026-06-10 20:05:20,404 [WARNING] STATE: DIZZY -> DISTRACTED
2026-06-10 20:05:21,501 [WARNING] STATE: DISTRACTED -> NORMAL
2026-06-10 20:05:22,093 [WARNING] STATE: NORMAL -> DIZZY
2026-06-10 20:05:23,394 [WARNING] STATE: DIZZY -> NORMAL
2026-06-10 20:05:26,064 [WARNING] STATE: NORMAL -> DISTRACTED
2026-06-10 20:05:26,557 [WARNING] STATE: DISTRACTED -> NORMAL
2026-06-10 20:05:28,485 [WARNING] STATE: NORMAL -> DROWSY
2026-06-10 20:05:29,394 [WARNING] STATE: DROWSY -> NORMAL
2026-06-10 20:05:29,776 [WARNING] STATE: NORMAL -> DROWSY
2026-06-10 20:05:31,041 [WARNING] STATE: DROWSY -> NORMAL
2026-06-10 20:05:32,007 [WARNING] STATE: NORMAL -> DIZZY
2026-06-10 20:05:32,920 [WARNING] STATE: DIZZY -> DROWSY
2026-06-10 20:05:33,040 [WARNING] STATE: DROWSY -> DIZZY
2026-06-10 20:05:33,279 [WARNING] STATE: DIZZY -> DISTRACTED
2026-06-10 20:05:33,622 [WARNING] STATE: DISTRACTED -> NORMAL
2026-06-10 20:05:35,350 [WARNING] STATE: NORMAL -> DIZZY
2026-06-10 20:05:36,209 [WARNING] STATE: DIZZY -> DROWSY
2026-06-10 20:05:38,960 [WARNING] STATE: DROWSY -> NORMAL
2026-06-10 20:05:42,012 [WARNING] STATE: NORMAL -> DROWSY
2026-06-10 20:05:44,050 [WARNING] STATE: DROWSY -> NORMAL
2026-06-10 20:05:45,698 [WARNING] STATE: NORMAL -> DROWSY
2026-06-10 20:05:46,136 [WARNING] STATE: DROWSY -> NORMAL
2026-06-10 20:05:50,538 [WARNING] STATE: NORMAL -> DROWSY
2026-06-10 20:05:50,877 [WARNING] STATE: DROWSY -> NORMAL
2026-06-10 20:05:51,266 [WARNING] STATE: NORMAL -> DROWSY
2026-06-10 20:05:51,905 [WARNING] STATE: DROWSY -> DIZZY
2026-06-10 20:05:54,252 [WARNING] STATE: DIZZY -> NORMAL
2026-06-10 20:05:54,592 [WARNING] STATE: NORMAL -> DROWSY
2026-06-10 20:05:54,893 [WARNING] STATE: DROWSY -> NORMAL
2026-06-10 20:06:07,665 [WARNING] STATE: NORMAL -> DIZZY
2026-06-10 20:06:10,257 [WARNING] STATE: DIZZY -> NORMAL
2026-06-10 20:06:10,589 [WARNING] STATE: NORMAL -> DROWSY
2026-06-10 20:06:10,724 [WARNING] STATE: DROWSY -> DIZZY
2026-06-10 20:06:11,397 [WARNING] STATE: DIZZY -> NORMAL
2026-06-10 20:06:12,820 [WARNING] STATE: NORMAL -> DISTRACTED
2026-06-10 20:06:13,113 [WARNING] STATE: DISTRACTED -> NORMAL
2026-06-10 20:06:13,485 [WARNING] STATE: NORMAL -> DROWSY
2026-06-10 20:06:13,649 [WARNING] STATE: DROWSY -> DIZZY
2026-06-10 20:06:15,217 [WARNING] STATE: DIZZY -> DROWSY
2026-06-10 20:06:15,415 [WARNING] STATE: DROWSY -> DIZZY
2026-06-10 20:06:16,207 [WARNING] STATE: DIZZY -> DROWSY
2026-06-10 20:06:16,488 [WARNING] STATE: DROWSY -> NORMAL
2026-06-10 20:06:21,545 [WARNING] STATE: NORMAL -> DROWSY
2026-06-10 20:06:22,288 [WARNING] STATE: DROWSY -> NORMAL
2026-06-10 20:06:24,860 [WARNING] STATE: NORMAL -> DROWSY
2026-06-10 20:06:25,154 [WARNING] STATE: DROWSY -> NORMAL
2026-06-10 20:06:26,353 [WARNING] STATE: NORMAL -> DIZZY
2026-06-10 20:06:27,103 [WARNING] STATE: DIZZY -> DISTRACTED
2026-06-10 20:06:27,950 [WARNING] STATE: DISTRACTED -> DIZZY
2026-06-10 20:06:28,082 [WARNING] STATE: DIZZY -> DISTRACTED
2026-06-10 20:06:28,579 [WARNING] STATE: DISTRACTED -> DIZZY
2026-06-10 20:06:30,452 [WARNING] STATE: DIZZY -> NORMAL
2026-06-10 20:06:30,794 [WARNING] STATE: NORMAL -> DROWSY
2026-06-10 20:06:31,040 [WARNING] STATE: DROWSY -> NORMAL
2026-06-10 20:06:34,124 [WARNING] STATE: NORMAL -> DROWSY
2026-06-10 20:06:34,585 [WARNING] STATE: DROWSY -> NORMAL
2026-06-10 20:06:38,135 [WARNING] STATE: NORMAL -> DROWSY
2026-06-10 20:06:38,383 [WARNING] STATE: DROWSY -> NORMAL
2026-06-10 20:06:42,488 [WARNING] STATE: NORMAL -> DROWSY
2026-06-10 20:06:42,774 [WARNING] STATE: DROWSY -> NORMAL
2026-06-10 20:06:46,718 [WARNING] STATE: NORMAL -> DROWSY
2026-06-10 20:06:46,981 [WARNING] STATE: DROWSY -> NORMAL
2026-06-10 20:06:48,245 [WARNING] STATE: NORMAL -> DROWSY
2026-06-10 20:06:48,497 [WARNING] STATE: DROWSY -> NORMAL
2026-06-10 20:06:50,097 [WARNING] STATE: NORMAL -> DROWSY
2026-06-10 20:06:50,438 [WARNING] STATE: DROWSY -> NORMAL
2026-06-10 20:06:50,928 [WARNING] STATE: NORMAL -> DROWSY
2026-06-10 20:06:51,270 [WARNING] STATE: DROWSY -> NORMAL
2026-06-10 20:06:53,206 [INFO] Stopping ADAMS
2026-06-10 20:07:02,630 [INFO] Starting ADAMS v3
2026-06-10 20:07:02,630 [WARNING] smbus2 not installed – LCD disabled. Run: pip install smbus2
2026-06-10 20:07:02,630 [WARNING] GPIO unavailable – simulation mode
2026-06-10 20:07:03,045 [INFO] Firebase connected
2026-06-10 20:07:08,414 [INFO] DOMINANT EMOTION: NEUTRAL -> FOCUSED (stability 70%, 26/37 readings)
2026-06-10 20:07:08,717 [WARNING] STATE: NORMAL -> DROWSY
2026-06-10 20:07:09,114 [WARNING] STATE: DROWSY -> NORMAL
2026-06-10 20:07:13,710 [WARNING] STATE: NORMAL -> DROWSY
2026-06-10 20:07:14,024 [WARNING] STATE: DROWSY -> NORMAL
2026-06-10 20:07:16,469 [WARNING] STATE: NORMAL -> DROWSY
2026-06-10 20:07:16,841 [WARNING] STATE: DROWSY -> NORMAL
2026-06-10 20:07:17,490 [WARNING] STATE: NORMAL -> DROWSY
2026-06-10 20:07:17,816 [WARNING] STATE: DROWSY -> NORMAL
2026-06-10 20:07:19,079 [WARNING] STATE: NORMAL -> DIZZY
2026-06-10 20:07:19,883 [WARNING] STATE: DIZZY -> DISTRACTED
2026-06-10 20:07:20,371 [WARNING] STATE: DISTRACTED -> NORMAL
2026-06-10 20:07:22,931 [WARNING] STATE: NORMAL -> DROWSY
2026-06-10 20:07:23,269 [WARNING] STATE: DROWSY -> NORMAL
2026-06-10 20:07:23,517 [WARNING] STATE: NORMAL -> DROWSY
2026-06-10 20:07:23,995 [WARNING] STATE: DROWSY -> NORMAL
2026-06-10 20:07:24,334 [WARNING] STATE: NORMAL -> DROWSY
2026-06-10 20:07:24,812 [WARNING] STATE: DROWSY -> NORMAL
2026-06-10 20:07:26,369 [WARNING] STATE: NORMAL -> DROWSY
2026-06-10 20:07:26,785 [WARNING] STATE: DROWSY -> NORMAL
2026-06-10 20:07:27,218 [WARNING] STATE: NORMAL -> DROWSY
2026-06-10 20:07:28,038 [WARNING] STATE: DROWSY -> NORMAL
2026-06-10 20:07:40,239 [WARNING] STATE: NORMAL -> DROWSY
2026-06-10 20:07:40,740 [WARNING] STATE: DROWSY -> NORMAL
2026-06-10 20:07:41,013 [WARNING] STATE: NORMAL -> DROWSY
2026-06-10 20:07:41,638 [WARNING] STATE: DROWSY -> NORMAL
2026-06-10 20:07:44,118 [WARNING] STATE: NORMAL -> DROWSY
2026-06-10 20:07:44,694 [WARNING] STATE: DROWSY -> NORMAL
2026-06-10 20:08:02,655 [WARNING] STATE: NORMAL -> DISTRACTED
2026-06-10 20:08:03,677 [WARNING] STATE: DISTRACTED -> DIZZY
2026-06-10 20:08:06,129 [WARNING] STATE: DIZZY -> NORMAL
2026-06-10 20:08:07,321 [WARNING] STATE: NORMAL -> DIZZY
2026-06-10 20:08:08,710 [WARNING] STATE: DIZZY -> DISTRACTED
2026-06-10 20:08:14,697 [WARNING] STATE: DISTRACTED -> DIZZY
2026-06-10 20:08:17,225 [WARNING] STATE: DIZZY -> NORMAL
2026-06-10 20:08:30,407 [WARNING] STATE: NORMAL -> DROWSY
2026-06-10 20:08:30,887 [WARNING] STATE: DROWSY -> NORMAL
2026-06-10 20:08:32,966 [WARNING] STATE: NORMAL -> DROWSY
2026-06-10 20:08:33,678 [WARNING] STATE: DROWSY -> NORMAL
2026-06-10 20:08:35,076 [WARNING] STATE: NORMAL -> DROWSY
2026-06-10 20:08:35,497 [WARNING] STATE: DROWSY -> NORMAL
2026-06-10 20:08:35,749 [WARNING] STATE: NORMAL -> DROWSY
2026-06-10 20:08:36,176 [WARNING] STATE: DROWSY -> NORMAL
2026-06-10 20:08:36,836 [WARNING] STATE: NORMAL -> DIZZY
2026-06-10 20:08:38,043 [WARNING] STATE: DIZZY -> NORMAL
2026-06-10 20:08:42,229 [WARNING] STATE: NORMAL -> DROWSY
2026-06-10 20:08:43,367 [WARNING] STATE: DROWSY -> NORMAL
2026-06-10 20:08:46,392 [WARNING] STATE: NORMAL -> DROWSY
2026-06-10 20:08:46,930 [WARNING] STATE: DROWSY -> NORMAL
2026-06-10 20:08:50,638 [WARNING] STATE: NORMAL -> DROWSY
2026-06-10 20:08:51,196 [WARNING] STATE: DROWSY -> NORMAL
2026-06-10 20:08:57,836 [WARNING] STATE: NORMAL -> DROWSY
2026-06-10 20:08:58,320 [WARNING] STATE: DROWSY -> NORMAL
2026-06-10 20:09:02,372 [WARNING] STATE: NORMAL -> DROWSY
2026-06-10 20:09:02,889 [WARNING] STATE: DROWSY -> NORMAL
2026-06-10 20:09:06,253 [WARNING] STATE: NORMAL -> DROWSY
2026-06-10 20:09:06,639 [WARNING] STATE: DROWSY -> NORMAL
2026-06-10 20:09:07,607 [WARNING] STATE: NORMAL -> DROWSY
2026-06-10 20:09:15,780 [WARNING] STATE: DROWSY -> DIZZY
2026-06-10 20:09:16,115 [WARNING] STATE: DIZZY -> DROWSY
2026-06-10 20:09:16,487 [WARNING] STATE: DROWSY -> DIZZY
2026-06-10 20:09:17,736 [WARNING] STATE: DIZZY -> NORMAL
2026-06-10 20:09:19,292 [WARNING] STATE: NORMAL -> DISTRACTED
2026-06-10 20:09:20,052 [WARNING] STATE: DISTRACTED -> NORMAL
2026-06-10 20:09:21,726 [WARNING] STATE: NORMAL -> DROWSY
2026-06-10 20:09:22,317 [WARNING] STATE: DROWSY -> NORMAL
2026-06-10 20:09:26,527 [WARNING] STATE: NORMAL -> DROWSY
2026-06-10 20:09:27,569 [WARNING] STATE: DROWSY -> NORMAL
2026-06-10 20:09:29,719 [WARNING] STATE: NORMAL -> DROWSY
2026-06-10 20:09:30,105 [WARNING] STATE: DROWSY -> NORMAL
2026-06-10 20:09:34,896 [WARNING] STATE: NORMAL -> DROWSY
2026-06-10 20:09:35,263 [WARNING] STATE: DROWSY -> NORMAL
2026-06-10 20:09:45,501 [WARNING] STATE: NORMAL -> DROWSY
2026-06-10 20:09:45,877 [WARNING] STATE: DROWSY -> NORMAL
2026-06-10 20:09:48,168 [WARNING] STATE: NORMAL -> DROWSY
2026-06-10 20:09:48,632 [WARNING] STATE: DROWSY -> NORMAL
2026-06-10 20:09:51,520 [WARNING] STATE: NORMAL -> DROWSY
2026-06-10 20:09:51,896 [WARNING] STATE: DROWSY -> NORMAL
2026-06-10 20:09:53,902 [WARNING] STATE: NORMAL -> DROWSY
2026-06-10 20:09:54,496 [WARNING] STATE: DROWSY -> NORMAL
2026-06-10 20:09:54,977 [WARNING] STATE: NORMAL -> DROWSY
2026-06-10 20:09:55,362 [WARNING] STATE: DROWSY -> NORMAL
2026-06-10 20:10:02,025 [WARNING] STATE: NORMAL -> DROWSY
2026-06-10 20:10:02,417 [WARNING] STATE: DROWSY -> NORMAL
2026-06-10 20:10:02,607 [WARNING] STATE: NORMAL -> DROWSY
2026-06-10 20:10:03,238 [WARNING] STATE: DROWSY -> NORMAL
2026-06-10 20:10:07,258 [WARNING] STATE: NORMAL -> DROWSY
2026-06-10 20:10:07,667 [WARNING] STATE: DROWSY -> NORMAL
2026-06-10 20:10:09,434 [WARNING] STATE: NORMAL -> DROWSY
2026-06-10 20:10:09,806 [WARNING] STATE: DROWSY -> NORMAL
2026-06-10 20:10:14,812 [WARNING] STATE: NORMAL -> DROWSY
2026-06-10 20:10:15,373 [WARNING] STATE: DROWSY -> NORMAL
2026-06-10 20:10:15,855 [WARNING] STATE: NORMAL -> DROWSY
2026-06-10 20:10:16,272 [WARNING] STATE: DROWSY -> NORMAL
2026-06-10 20:10:16,632 [WARNING] STATE: NORMAL -> DROWSY
2026-06-10 20:10:17,573 [WARNING] STATE: DROWSY -> NORMAL
2026-06-10 20:10:18,042 [WARNING] STATE: NORMAL -> DROWSY
2026-06-10 20:10:18,469 [WARNING] STATE: DROWSY -> NORMAL
2026-06-10 20:10:22,554 [WARNING] STATE: NORMAL -> DROWSY
2026-06-10 20:10:22,961 [WARNING] STATE: DROWSY -> NORMAL
2026-06-10 20:10:24,423 [WARNING] STATE: NORMAL -> DROWSY
2026-06-10 20:10:24,940 [WARNING] STATE: DROWSY -> NORMAL
2026-06-10 20:10:26,771 [WARNING] STATE: NORMAL -> DROWSY
2026-06-10 20:10:27,223 [WARNING] STATE: DROWSY -> NORMAL
2026-06-10 20:10:28,726 [WARNING] STATE: NORMAL -> DROWSY
2026-06-10 20:10:29,630 [WARNING] STATE: DROWSY -> NORMAL
2026-06-10 20:10:30,885 [WARNING] STATE: NORMAL -> DROWSY
2026-06-10 20:10:31,367 [WARNING] STATE: DROWSY -> NORMAL
2026-06-10 20:10:32,094 [WARNING] STATE: NORMAL -> DROWSY
2026-06-10 20:10:32,460 [WARNING] STATE: DROWSY -> NORMAL
2026-06-10 20:10:35,687 [WARNING] STATE: NORMAL -> DROWSY
2026-06-10 20:10:36,178 [WARNING] STATE: DROWSY -> NORMAL
2026-06-10 20:10:37,202 [WARNING] STATE: NORMAL -> DROWSY
2026-06-10 20:10:37,788 [WARNING] STATE: DROWSY -> NORMAL
2026-06-10 20:10:39,328 [WARNING] STATE: NORMAL -> DROWSY
2026-06-10 20:10:39,869 [WARNING] STATE: DROWSY -> NORMAL
2026-06-10 20:10:40,211 [WARNING] STATE: NORMAL -> DROWSY
2026-06-10 20:10:41,878 [WARNING] STATE: DROWSY -> NORMAL
2026-06-10 20:10:49,089 [WARNING] STATE: NORMAL -> DROWSY
2026-06-10 20:10:49,559 [WARNING] STATE: DROWSY -> NORMAL
2026-06-10 20:10:51,675 [WARNING] STATE: NORMAL -> DROWSY
2026-06-10 20:10:52,276 [WARNING] STATE: DROWSY -> NORMAL
2026-06-10 20:10:52,722 [WARNING] STATE: NORMAL -> DROWSY
2026-06-10 20:10:53,222 [WARNING] STATE: DROWSY -> NORMAL
2026-06-10 20:10:55,022 [WARNING] STATE: NORMAL -> DROWSY
2026-06-10 20:10:55,531 [WARNING] STATE: DROWSY -> NORMAL
2026-06-10 20:10:59,031 [WARNING] STATE: NORMAL -> DROWSY
2026-06-10 20:10:59,519 [WARNING] STATE: DROWSY -> NORMAL
2026-06-10 20:11:00,306 [WARNING] STATE: NORMAL -> DISTRACTED
2026-06-10 20:11:00,783 [WARNING] STATE: DISTRACTED -> DIZZY
2026-06-10 20:11:01,225 [WARNING] STATE: DIZZY -> DISTRACTED
2026-06-10 20:11:04,324 [WARNING] STATE: DISTRACTED -> DROWSY
2026-06-10 20:11:04,783 [WARNING] STATE: DROWSY -> NORMAL
2026-06-10 20:11:05,560 [INFO] Stopping ADAMS
2026-06-10 20:22:21,131 [INFO] Starting ADAMS v3
2026-06-10 20:22:21,131 [WARNING] smbus2 not installed – LCD disabled. Run: pip install smbus2
2026-06-10 20:22:21,132 [WARNING] GPIO unavailable – simulation mode
2026-06-10 20:22:21,640 [INFO] Firebase connected
2026-06-10 20:22:23,764 [WARNING] STATE: NORMAL -> DISTRACTED
2026-06-10 20:22:25,423 [WARNING] STATE: DISTRACTED -> DIZZY
2026-06-10 20:22:26,562 [WARNING] STATE: DIZZY -> DISTRACTED
2026-06-10 20:22:28,540 [WARNING] STATE: DISTRACTED -> NORMAL
2026-06-10 20:22:30,782 [WARNING] STATE: NORMAL -> DISTRACTED
2026-06-10 20:22:31,167 [WARNING] STATE: DISTRACTED -> NORMAL
2026-06-10 20:22:31,651 [WARNING] STATE: NORMAL -> DIZZY
2026-06-10 20:22:32,321 [WARNING] STATE: DIZZY -> DISTRACTED
2026-06-10 20:22:32,750 [WARNING] STATE: DISTRACTED -> NORMAL
2026-06-10 20:22:33,679 [WARNING] STATE: NORMAL -> DISTRACTED
2026-06-10 20:22:34,774 [WARNING] STATE: DISTRACTED -> NORMAL
2026-06-10 20:22:35,014 [WARNING] STATE: NORMAL -> DIZZY
2026-06-10 20:22:35,634 [WARNING] STATE: DIZZY -> DISTRACTED
2026-06-10 20:22:38,429 [WARNING] STATE: DISTRACTED -> DIZZY
2026-06-10 20:22:38,997 [WARNING] STATE: DIZZY -> DISTRACTED
2026-06-10 20:22:43,381 [WARNING] STATE: DISTRACTED -> NORMAL
2026-06-10 20:22:43,794 [WARNING] STATE: NORMAL -> DROWSY
2026-06-10 20:22:44,981 [WARNING] STATE: DROWSY -> DIZZY
2026-06-10 20:22:46,109 [WARNING] STATE: DIZZY -> NORMAL
2026-06-10 20:22:47,410 [WARNING] STATE: NORMAL -> DROWSY
2026-06-10 20:22:47,816 [WARNING] STATE: DROWSY -> NORMAL
2026-06-10 20:22:47,937 [WARNING] STATE: NORMAL -> DROWSY
2026-06-10 20:22:48,212 [WARNING] STATE: DROWSY -> NORMAL
2026-06-10 20:22:48,342 [WARNING] STATE: NORMAL -> DROWSY
2026-06-10 20:22:48,884 [WARNING] STATE: DROWSY -> DIZZY
2026-06-10 20:22:49,908 [WARNING] STATE: DIZZY -> DISTRACTED
2026-06-10 20:22:50,830 [WARNING] STATE: DISTRACTED -> NORMAL
2026-06-10 20:22:53,558 [WARNING] STATE: NORMAL -> DIZZY
2026-06-10 20:22:56,850 [WARNING] STATE: DIZZY -> NORMAL
2026-06-10 20:23:06,833 [WARNING] STATE: NORMAL -> DIZZY
2026-06-10 20:23:08,805 [WARNING] STATE: DIZZY -> DISTRACTED
2026-06-10 20:23:09,065 [WARNING] STATE: DISTRACTED -> DIZZY
2026-06-10 20:23:10,611 [WARNING] STATE: DIZZY -> NORMAL
2026-06-10 20:23:11,251 [WARNING] STATE: NORMAL -> DIZZY
2026-06-10 20:23:11,412 [WARNING] STATE: DIZZY -> DISTRACTED
2026-06-10 20:23:12,217 [WARNING] STATE: DISTRACTED -> NORMAL
2026-06-10 20:23:12,455 [WARNING] STATE: NORMAL -> DIZZY
2026-06-10 20:23:16,678 [WARNING] STATE: DIZZY -> NORMAL
2026-06-10 20:23:46,315 [WARNING] STATE: NORMAL -> DISTRACTED
2026-06-10 20:23:47,074 [WARNING] STATE: DISTRACTED -> NORMAL
2026-06-10 20:23:47,198 [WARNING] STATE: NORMAL -> DISTRACTED
2026-06-10 20:23:48,183 [WARNING] STATE: DISTRACTED -> NORMAL
2026-06-10 20:23:51,861 [WARNING] STATE: NORMAL -> DISTRACTED
2026-06-10 20:23:53,648 [WARNING] STATE: DISTRACTED -> NORMAL
2026-06-10 20:23:56,532 [WARNING] STATE: NORMAL -> DISTRACTED
2026-06-10 20:23:57,408 [WARNING] STATE: DISTRACTED -> NORMAL
2026-06-10 20:23:58,307 [WARNING] STATE: NORMAL -> DIZZY
2026-06-10 20:23:59,090 [WARNING] STATE: DIZZY -> NORMAL
2026-06-10 20:24:00,394 [WARNING] STATE: NORMAL -> DROWSY
2026-06-10 20:24:03,261 [WARNING] STATE: DROWSY -> DISTRACTED
2026-06-10 20:24:03,445 [WARNING] STATE: DISTRACTED -> DIZZY
2026-06-10 20:24:03,942 [WARNING] STATE: DIZZY -> DISTRACTED
2026-06-10 20:24:08,096 [WARNING] STATE: DISTRACTED -> NORMAL
2026-06-10 20:24:08,204 [WARNING] STATE: NORMAL -> DIZZY
2026-06-10 20:24:08,789 [WARNING] STATE: DIZZY -> NORMAL
2026-06-10 20:24:08,965 [WARNING] STATE: NORMAL -> DIZZY
2026-06-10 20:24:10,843 [WARNING] STATE: DIZZY -> DISTRACTED
2026-06-10 20:24:11,579 [WARNING] STATE: DISTRACTED -> DIZZY
2026-06-10 20:24:12,241 [WARNING] STATE: DIZZY -> DISTRACTED
2026-06-10 20:24:13,722 [WARNING] STATE: DISTRACTED -> NORMAL
2026-06-10 20:24:14,120 [WARNING] STATE: NORMAL -> DIZZY
2026-06-10 20:24:14,740 [WARNING] STATE: DIZZY -> NORMAL
2026-06-10 20:24:15,347 [INFO] Stopping ADAMS
2026-06-10 20:24:30,932 [INFO] Starting ADAMS v3
2026-06-10 20:24:30,932 [WARNING] smbus2 not installed – LCD disabled. Run: pip install smbus2
2026-06-10 20:24:30,932 [WARNING] GPIO unavailable – simulation mode
2026-06-10 20:24:31,346 [INFO] Firebase connected
2026-06-10 20:24:44,291 [INFO] Starting ADAMS v3
2026-06-10 20:24:44,292 [WARNING] smbus2 not installed – LCD disabled. Run: pip install smbus2
2026-06-10 20:24:44,292 [WARNING] GPIO unavailable – simulation mode
2026-06-10 20:24:44,606 [INFO] Firebase connected
2026-06-10 20:24:46,915 [WARNING] STATE: NORMAL -> DIZZY
2026-06-10 20:24:48,780 [WARNING] STATE: DIZZY -> NORMAL
2026-06-10 20:24:48,944 [WARNING] STATE: NORMAL -> DROWSY
2026-06-10 20:24:50,348 [WARNING] STATE: DROWSY -> DIZZY
2026-06-10 20:24:51,409 [WARNING] STATE: DIZZY -> DROWSY
2026-06-10 20:24:52,293 [WARNING] STATE: DROWSY -> DIZZY
2026-06-10 20:24:53,120 [WARNING] STATE: DIZZY -> NORMAL
2026-06-10 20:25:04,077 [WARNING] STATE: NORMAL -> DISTRACTED
2026-06-10 20:25:04,522 [WARNING] STATE: DISTRACTED -> DIZZY
2026-06-10 20:25:05,724 [WARNING] STATE: DIZZY -> DISTRACTED
2026-06-10 20:25:06,640 [WARNING] STATE: DISTRACTED -> DIZZY
2026-06-10 20:25:08,308 [WARNING] STATE: DIZZY -> NORMAL
2026-06-10 20:25:08,741 [WARNING] STATE: NORMAL -> DROWSY
2026-06-10 20:25:09,018 [WARNING] STATE: DROWSY -> DIZZY
2026-06-10 20:25:09,868 [WARNING] STATE: DIZZY -> NORMAL
2026-06-10 20:25:10,295 [WARNING] STATE: NORMAL -> DROWSY
2026-06-10 20:25:10,701 [WARNING] STATE: DROWSY -> NORMAL
2026-06-10 20:25:10,856 [WARNING] STATE: NORMAL -> DROWSY
2026-06-10 20:25:11,246 [WARNING] STATE: DROWSY -> DIZZY
2026-06-10 20:25:13,229 [WARNING] STATE: DIZZY -> DISTRACTED
2026-06-10 20:25:14,146 [WARNING] STATE: DISTRACTED -> DIZZY
2026-06-10 20:25:14,414 [WARNING] STATE: DIZZY -> DISTRACTED
2026-06-10 20:25:14,864 [INFO] Stopping ADAMS
2026-06-10 20:27:19,543 [INFO] Starting ADAMS v3
2026-06-10 20:27:19,544 [WARNING] smbus2 not installed – LCD disabled. Run: pip install smbus2
2026-06-10 20:27:19,544 [WARNING] GPIO unavailable – simulation mode
2026-06-10 20:27:19,848 [INFO] Firebase connected
2026-06-10 20:27:21,510 [WARNING] STATE: NORMAL -> DIZZY
2026-06-10 20:27:22,170 [INFO] DOMINANT EMOTION: NEUTRAL -> STRESSED (stability 80%, 20/25 readings)
2026-06-10 20:27:22,334 [WARNING] STATE: DIZZY -> DISTRACTED
2026-06-10 20:27:25,161 [WARNING] STATE: DISTRACTED -> DIZZY
2026-06-10 20:27:26,052 [WARNING] STATE: DIZZY -> NORMAL
2026-06-10 20:27:27,429 [WARNING] STATE: NORMAL -> DISTRACTED
2026-06-10 20:27:27,632 [WARNING] STATE: DISTRACTED -> DIZZY
2026-06-10 20:27:28,255 [WARNING] STATE: DIZZY -> DISTRACTED
2026-06-10 20:27:28,502 [WARNING] STATE: DISTRACTED -> DIZZY
2026-06-10 20:27:29,099 [WARNING] STATE: DIZZY -> DISTRACTED
2026-06-10 20:27:31,420 [WARNING] STATE: DISTRACTED -> DIZZY
2026-06-10 20:27:31,787 [WARNING] STATE: DIZZY -> DISTRACTED
2026-06-10 20:27:33,105 [WARNING] STATE: DISTRACTED -> DIZZY
2026-06-10 20:27:36,367 [WARNING] STATE: DIZZY -> DISTRACTED
2026-06-10 20:27:36,978 [WARNING] STATE: DISTRACTED -> DIZZY
2026-06-10 20:27:40,240 [WARNING] STATE: DIZZY -> NORMAL
2026-06-10 20:27:41,265 [WARNING] STATE: NORMAL -> DIZZY
2026-06-10 20:27:42,384 [WARNING] STATE: DIZZY -> DISTRACTED
2026-06-10 20:27:42,737 [WARNING] STATE: DISTRACTED -> NORMAL
2026-06-10 20:27:43,695 [WARNING] STATE: NORMAL -> DISTRACTED
2026-06-10 20:27:44,517 [WARNING] STATE: DISTRACTED -> DIZZY
2026-06-10 20:27:45,488 [WARNING] STATE: DIZZY -> NORMAL
2026-06-10 20:27:51,202 [WARNING] STATE: NORMAL -> DISTRACTED
2026-06-10 20:27:51,671 [WARNING] STATE: DISTRACTED -> DIZZY
2026-06-10 20:27:52,996 [WARNING] STATE: DIZZY -> DISTRACTED
2026-06-10 20:27:55,954 [WARNING] STATE: DISTRACTED -> DIZZY
2026-06-10 20:27:57,108 [WARNING] STATE: DIZZY -> NORMAL
2026-06-10 20:27:57,457 [WARNING] STATE: NORMAL -> DIZZY
2026-06-10 20:27:57,929 [WARNING] STATE: DIZZY -> NORMAL
2026-06-10 20:27:58,359 [WARNING] STATE: NORMAL -> DROWSY
2026-06-10 20:27:58,761 [WARNING] STATE: DROWSY -> NORMAL
2026-06-10 20:27:59,041 [WARNING] STATE: NORMAL -> DIZZY
2026-06-10 20:27:59,431 [WARNING] STATE: DIZZY -> NORMAL
2026-06-10 20:27:59,839 [WARNING] STATE: NORMAL -> DIZZY
2026-06-10 20:28:00,378 [WARNING] STATE: DIZZY -> NORMAL
2026-06-10 20:28:00,808 [WARNING] STATE: NORMAL -> DROWSY
2026-06-10 20:28:01,489 [WARNING] STATE: DROWSY -> DIZZY
2026-06-10 20:28:02,294 [WARNING] STATE: DIZZY -> NORMAL
2026-06-10 20:28:02,729 [WARNING] STATE: NORMAL -> DROWSY
2026-06-10 20:28:03,129 [WARNING] STATE: DROWSY -> NORMAL
2026-06-10 20:28:03,238 [WARNING] STATE: NORMAL -> DROWSY
2026-06-10 20:28:03,543 [WARNING] STATE: DROWSY -> NORMAL
2026-06-10 20:28:03,777 [WARNING] STATE: NORMAL -> DIZZY
2026-06-10 20:28:04,147 [WARNING] STATE: DIZZY -> NORMAL
2026-06-10 20:28:04,873 [WARNING] STATE: NORMAL -> DIZZY
2026-06-10 20:28:05,113 [WARNING] STATE: DIZZY -> NORMAL
2026-06-10 20:28:05,333 [WARNING] STATE: NORMAL -> DIZZY
2026-06-10 20:28:05,687 [WARNING] STATE: DIZZY -> NORMAL
2026-06-10 20:28:05,868 [WARNING] STATE: NORMAL -> DIZZY
2026-06-10 20:28:06,170 [WARNING] STATE: DIZZY -> NORMAL
2026-06-10 20:28:06,544 [WARNING] STATE: NORMAL -> DIZZY
2026-06-10 20:28:12,499 [WARNING] STATE: DIZZY -> NORMAL
2026-06-10 20:28:12,624 [WARNING] STATE: NORMAL -> DIZZY
2026-06-10 20:28:13,017 [WARNING] STATE: DIZZY -> NORMAL
2026-06-10 20:28:13,473 [WARNING] STATE: NORMAL -> DIZZY
2026-06-10 20:28:14,446 [WARNING] STATE: DIZZY -> DISTRACTED
2026-06-10 20:28:15,575 [WARNING] STATE: DISTRACTED -> DIZZY
2026-06-10 20:28:15,751 [WARNING] STATE: DIZZY -> DISTRACTED
2026-06-10 20:28:15,866 [WARNING] STATE: DISTRACTED -> DIZZY
2026-06-10 20:28:17,904 [WARNING] STATE: DIZZY -> DISTRACTED
2026-06-10 20:28:28,061 [WARNING] STATE: DISTRACTED -> NORMAL
2026-06-10 20:28:30,685 [WARNING] STATE: NORMAL -> DROWSY
2026-06-10 20:28:31,231 [WARNING] STATE: DROWSY -> DISTRACTED
2026-06-10 20:28:31,627 [WARNING] STATE: DISTRACTED -> NORMAL
2026-06-10 20:28:32,139 [WARNING] STATE: NORMAL -> DROWSY
2026-06-10 20:28:33,348 [WARNING] STATE: DROWSY -> DISTRACTED
2026-06-10 20:28:34,018 [WARNING] STATE: DISTRACTED -> NORMAL
2026-06-10 20:28:34,385 [WARNING] STATE: NORMAL -> DISTRACTED
2026-06-10 20:28:35,137 [WARNING] STATE: DISTRACTED -> NORMAL
2026-06-10 20:28:35,631 [WARNING] STATE: NORMAL -> DROWSY
2026-06-10 20:28:35,974 [WARNING] STATE: DROWSY -> NORMAL
2026-06-10 20:28:38,163 [WARNING] STATE: NORMAL -> DISTRACTED
2026-06-10 20:28:39,939 [WARNING] STATE: DISTRACTED -> NORMAL
2026-06-10 20:28:40,410 [WARNING] STATE: NORMAL -> DROWSY
2026-06-10 20:28:41,547 [WARNING] STATE: DROWSY -> NORMAL
2026-06-10 20:28:41,726 [WARNING] STATE: NORMAL -> DISTRACTED
2026-06-10 20:28:43,348 [INFO] Stopping ADAMS
2026-06-10 20:29:27,901 [INFO] Starting ADAMS v3
2026-06-10 20:29:27,901 [WARNING] smbus2 not installed – LCD disabled. Run: pip install smbus2
2026-06-10 20:29:27,901 [WARNING] GPIO unavailable – simulation mode
2026-06-10 20:29:28,210 [INFO] Firebase connected
2026-06-10 20:29:30,078 [WARNING] STATE: NORMAL -> DIZZY
2026-06-10 20:29:30,483 [WARNING] STATE: DIZZY -> DISTRACTED
2026-06-10 20:29:31,171 [INFO] DOMINANT EMOTION: NEUTRAL -> STRESSED (stability 80%, 20/25 readings)
2026-06-10 20:29:57,962 [WARNING] STATE: DISTRACTED -> DIZZY
2026-06-10 20:29:59,869 [WARNING] STATE: DIZZY -> DISTRACTED
2026-06-10 20:30:05,973 [WARNING] STATE: DISTRACTED -> DIZZY
2026-06-10 20:30:08,999 [WARNING] STATE: DIZZY -> DISTRACTED
2026-06-10 20:30:58,849 [WARNING] STATE: DISTRACTED -> DIZZY
2026-06-10 20:31:01,466 [WARNING] STATE: DIZZY -> DISTRACTED
2026-06-10 20:31:17,867 [WARNING] STATE: DISTRACTED -> DIZZY
2026-06-10 20:31:20,421 [WARNING] STATE: DIZZY -> DISTRACTED
2026-06-10 20:31:24,345 [WARNING] STATE: DISTRACTED -> DIZZY
2026-06-10 20:31:26,489 [WARNING] STATE: DIZZY -> DISTRACTED
2026-06-10 20:31:30,690 [WARNING] STATE: DISTRACTED -> NORMAL
2026-06-10 20:31:30,881 [WARNING] STATE: NORMAL -> DROWSY
2026-06-10 20:31:35,912 [WARNING] STATE: DROWSY -> DIZZY
2026-06-10 20:31:36,906 [WARNING] STATE: DIZZY -> DISTRACTED
2026-06-10 20:31:37,231 [WARNING] STATE: DISTRACTED -> DIZZY
2026-06-10 20:31:39,712 [WARNING] STATE: DIZZY -> DROWSY
2026-06-10 20:31:41,133 [WARNING] STATE: DROWSY -> DIZZY
2026-06-10 20:31:42,453 [WARNING] STATE: DIZZY -> DISTRACTED
2026-06-10 20:31:59,679 [WARNING] STATE: DISTRACTED -> DIZZY
2026-06-10 20:32:00,140 [WARNING] STATE: DIZZY -> NORMAL
2026-06-10 20:32:00,419 [WARNING] STATE: NORMAL -> DIZZY
2026-06-10 20:32:04,044 [WARNING] STATE: DIZZY -> NORMAL
2026-06-10 20:32:05,112 [WARNING] STATE: NORMAL -> DROWSY
2026-06-10 20:32:07,140 [WARNING] STATE: DROWSY -> NORMAL
2026-06-10 20:32:07,325 [WARNING] STATE: NORMAL -> DROWSY
2026-06-10 20:32:07,680 [WARNING] STATE: DROWSY -> NORMAL
2026-06-10 20:32:07,853 [WARNING] STATE: NORMAL -> DROWSY
2026-06-10 20:32:08,119 [WARNING] STATE: DROWSY -> DIZZY
2026-06-10 20:32:09,393 [WARNING] STATE: DIZZY -> NORMAL
2026-06-10 20:32:09,757 [WARNING] STATE: NORMAL -> DIZZY
2026-06-10 20:32:11,013 [WARNING] STATE: DIZZY -> DISTRACTED
2026-06-10 20:32:11,476 [WARNING] STATE: DISTRACTED -> DIZZY
2026-06-10 20:32:11,924 [WARNING] STATE: DIZZY -> NORMAL
2026-06-10 20:32:12,501 [WARNING] STATE: NORMAL -> DROWSY
2026-06-10 20:32:12,964 [WARNING] STATE: DROWSY -> NORMAL
2026-06-10 20:32:13,140 [WARNING] STATE: NORMAL -> DROWSY
2026-06-10 20:32:13,498 [WARNING] STATE: DROWSY -> NORMAL
2026-06-10 20:32:13,676 [WARNING] STATE: NORMAL -> DROWSY
2026-06-10 20:32:20,077 [WARNING] STATE: DROWSY -> DIZZY
2026-06-10 20:32:24,769 [WARNING] STATE: DIZZY -> DISTRACTED
2026-06-10 20:32:41,096 [WARNING] STATE: DISTRACTED -> DIZZY
2026-06-10 20:32:41,951 [WARNING] STATE: DIZZY -> DROWSY
2026-06-10 20:32:42,370 [WARNING] STATE: DROWSY -> NORMAL
2026-06-10 20:32:42,988 [WARNING] STATE: NORMAL -> DIZZY
2026-06-10 20:32:44,117 [WARNING] STATE: DIZZY -> DISTRACTED
2026-06-10 20:32:59,846 [WARNING] STATE: DISTRACTED -> DIZZY
2026-06-10 20:33:01,495 [WARNING] STATE: DIZZY -> DISTRACTED
2026-06-10 20:33:07,316 [WARNING] STATE: DISTRACTED -> DIZZY
2026-06-10 20:33:08,474 [WARNING] STATE: DIZZY -> DISTRACTED
2026-06-10 20:33:08,725 [WARNING] STATE: DISTRACTED -> DIZZY
2026-06-10 20:33:10,097 [WARNING] STATE: DIZZY -> DISTRACTED
2026-06-10 20:33:15,712 [WARNING] STATE: DISTRACTED -> DIZZY
2026-06-10 20:33:19,835 [WARNING] STATE: DIZZY -> DISTRACTED
2026-06-10 20:33:21,904 [INFO] Stopping ADAMS
2026-06-10 20:36:35,197 [INFO] Starting ADAMS v3
2026-06-10 20:36:35,197 [WARNING] smbus2 not installed – LCD disabled. Run: pip install smbus2
2026-06-10 20:36:35,197 [WARNING] GPIO unavailable – simulation mode
2026-06-10 20:36:35,650 [INFO] Firebase connected
2026-06-10 20:36:37,405 [WARNING] STATE: NORMAL -> DISTRACTED
2026-06-10 20:36:41,410 [WARNING] STATE: DISTRACTED -> DIZZY
2026-06-10 20:36:42,901 [WARNING] STATE: DIZZY -> NORMAL
2026-06-10 20:36:43,236 [WARNING] STATE: NORMAL -> DISTRACTED
2026-06-10 20:36:43,825 [WARNING] STATE: DISTRACTED -> DIZZY
2026-06-10 20:36:44,734 [WARNING] STATE: DIZZY -> DISTRACTED
2026-06-10 20:36:50,348 [WARNING] STATE: DISTRACTED -> DIZZY
2026-06-10 20:36:51,490 [WARNING] STATE: DIZZY -> DISTRACTED
2026-06-10 20:37:11,961 [WARNING] STATE: DISTRACTED -> DIZZY
2026-06-10 20:37:14,492 [WARNING] STATE: DIZZY -> DISTRACTED
2026-06-10 20:37:18,172 [WARNING] STATE: DISTRACTED -> DIZZY
2026-06-10 20:37:21,217 [WARNING] STATE: DIZZY -> DISTRACTED
2026-06-10 20:37:22,167 [WARNING] STATE: DISTRACTED -> DIZZY
2026-06-10 20:37:23,418 [WARNING] STATE: DIZZY -> DISTRACTED
2026-06-10 20:37:48,416 [WARNING] STATE: DISTRACTED -> DIZZY
2026-06-10 20:37:49,541 [WARNING] STATE: DIZZY -> DISTRACTED
2026-06-10 20:37:55,144 [WARNING] STATE: DISTRACTED -> DIZZY
2026-06-10 20:37:57,591 [WARNING] STATE: DIZZY -> NORMAL
2026-06-10 20:37:58,005 [WARNING] STATE: NORMAL -> DROWSY
2026-06-10 20:37:58,818 [WARNING] STATE: DROWSY -> DIZZY
2026-06-10 20:38:03,681 [WARNING] STATE: DIZZY -> NORMAL
2026-06-10 20:38:04,086 [WARNING] STATE: NORMAL -> DROWSY
2026-06-10 20:38:04,503 [WARNING] STATE: DROWSY -> NORMAL
2026-06-10 20:38:04,631 [WARNING] STATE: NORMAL -> DROWSY
2026-06-10 20:38:04,909 [WARNING] STATE: DROWSY -> NORMAL
2026-06-10 20:38:05,038 [WARNING] STATE: NORMAL -> DROWSY
2026-06-10 20:38:25,392 [WARNING] STATE: DROWSY -> DIZZY
2026-06-10 20:38:26,879 [WARNING] STATE: DIZZY -> NORMAL
2026-06-10 20:38:27,298 [WARNING] STATE: NORMAL -> DROWSY
2026-06-10 20:38:27,705 [WARNING] STATE: DROWSY -> NORMAL
2026-06-10 20:38:27,831 [WARNING] STATE: NORMAL -> DROWSY
2026-06-10 20:38:28,075 [WARNING] STATE: DROWSY -> NORMAL
2026-06-10 20:38:28,218 [WARNING] STATE: NORMAL -> DROWSY
2026-06-10 20:38:49,696 [INFO] DOMINANT EMOTION: NEUTRAL -> TIRED (stability 80%, 1336/1670 readings)
2026-06-10 20:38:50,822 [WARNING] STATE: DROWSY -> DIZZY
2026-06-10 20:38:53,819 [WARNING] STATE: DIZZY -> DISTRACTED
2026-06-10 20:38:54,593 [WARNING] STATE: DISTRACTED -> DIZZY
2026-06-10 20:38:55,612 [WARNING] STATE: DIZZY -> DISTRACTED
2026-06-10 20:38:57,316 [WARNING] STATE: DISTRACTED -> DIZZY
2026-06-10 20:38:57,787 [WARNING] STATE: DIZZY -> DISTRACTED
2026-06-10 20:38:58,778 [WARNING] STATE: DISTRACTED -> DIZZY
2026-06-10 20:39:00,538 [WARNING] STATE: DIZZY -> DISTRACTED
2026-06-10 20:39:02,278 [WARNING] STATE: DISTRACTED -> DIZZY
2026-06-10 20:39:02,872 [WARNING] STATE: DIZZY -> NORMAL
2026-06-10 20:39:03,293 [WARNING] STATE: NORMAL -> DROWSY
2026-06-10 20:39:03,670 [WARNING] STATE: DROWSY -> NORMAL
2026-06-10 20:39:03,790 [WARNING] STATE: NORMAL -> DROWSY
2026-06-10 20:39:04,069 [WARNING] STATE: DROWSY -> NORMAL
2026-06-10 20:39:04,191 [WARNING] STATE: NORMAL -> DROWSY
2026-06-10 20:39:10,153 [WARNING] STATE: DROWSY -> DIZZY
2026-06-10 20:39:11,029 [WARNING] STATE: DIZZY -> NORMAL
2026-06-10 20:39:11,634 [WARNING] STATE: NORMAL -> DIZZY
2026-06-10 20:39:12,737 [WARNING] STATE: DIZZY -> NORMAL
2026-06-10 20:39:13,173 [WARNING] STATE: NORMAL -> DROWSY
2026-06-10 20:39:13,616 [WARNING] STATE: DROWSY -> DIZZY
2026-06-10 20:39:14,484 [WARNING] STATE: DIZZY -> NORMAL
2026-06-10 20:39:14,905 [WARNING] STATE: NORMAL -> DROWSY
2026-06-10 20:39:15,475 [WARNING] STATE: DROWSY -> DIZZY
2026-06-10 20:39:16,638 [WARNING] STATE: DIZZY -> NORMAL
2026-06-10 20:39:17,147 [WARNING] STATE: NORMAL -> DIZZY
2026-06-10 20:39:18,431 [WARNING] STATE: DIZZY -> NORMAL
2026-06-10 20:39:18,669 [WARNING] STATE: NORMAL -> DIZZY
2026-06-10 20:39:19,547 [WARNING] STATE: DIZZY -> NORMAL
2026-06-10 20:39:19,952 [WARNING] STATE: NORMAL -> DROWSY
2026-06-10 20:39:20,261 [WARNING] STATE: DROWSY -> DIZZY
2026-06-10 20:39:24,404 [WARNING] STATE: DIZZY -> NORMAL
2026-06-10 20:39:24,823 [WARNING] STATE: NORMAL -> DROWSY
2026-06-10 20:39:25,213 [WARNING] STATE: DROWSY -> NORMAL
2026-06-10 20:39:25,354 [WARNING] STATE: NORMAL -> DROWSY
2026-06-10 20:39:25,617 [WARNING] STATE: DROWSY -> NORMAL
2026-06-10 20:39:25,773 [WARNING] STATE: NORMAL -> DROWSY
2026-06-10 20:39:36,947 [WARNING] STATE: DROWSY -> DIZZY
2026-06-10 20:39:37,670 [WARNING] STATE: DIZZY -> NORMAL
2026-06-10 20:39:38,099 [WARNING] STATE: NORMAL -> DROWSY
2026-06-10 20:39:38,504 [WARNING] STATE: DROWSY -> NORMAL
2026-06-10 20:39:38,642 [WARNING] STATE: NORMAL -> DROWSY
2026-06-10 20:39:38,924 [WARNING] STATE: DROWSY -> NORMAL
2026-06-10 20:39:39,069 [WARNING] STATE: NORMAL -> DROWSY
2026-06-10 20:39:46,095 [WARNING] STATE: DROWSY -> DIZZY
2026-06-10 20:39:46,956 [WARNING] STATE: DIZZY -> NORMAL
2026-06-10 20:39:47,219 [WARNING] STATE: NORMAL -> DIZZY
2026-06-10 20:39:49,329 [WARNING] STATE: DIZZY -> DISTRACTED
2026-06-10 20:39:51,738 [WARNING] STATE: DISTRACTED -> DIZZY
2026-06-10 20:39:52,895 [WARNING] STATE: DIZZY -> DISTRACTED
2026-06-10 20:39:53,393 [WARNING] STATE: DISTRACTED -> DIZZY
2026-06-10 20:39:54,566 [WARNING] STATE: DIZZY -> DISTRACTED
2026-06-10 20:40:14,725 [WARNING] STATE: DISTRACTED -> DIZZY
2026-06-10 20:40:17,810 [WARNING] STATE: DIZZY -> DISTRACTED
2026-06-10 20:40:25,909 [WARNING] STATE: DISTRACTED -> DIZZY
2026-06-10 20:40:28,155 [WARNING] STATE: DIZZY -> DISTRACTED
2026-06-10 20:40:29,343 [WARNING] STATE: DISTRACTED -> DIZZY
2026-06-10 20:40:32,512 [WARNING] STATE: DIZZY -> DISTRACTED
2026-06-10 20:40:40,167 [WARNING] STATE: DISTRACTED -> DIZZY
2026-06-10 20:40:44,475 [WARNING] STATE: DIZZY -> NORMAL
2026-06-10 20:40:44,932 [WARNING] STATE: NORMAL -> DROWSY
2026-06-10 20:40:45,317 [WARNING] STATE: DROWSY -> NORMAL
2026-06-10 20:40:45,458 [WARNING] STATE: NORMAL -> DROWSY
2026-06-10 20:40:45,727 [WARNING] STATE: DROWSY -> NORMAL
2026-06-10 20:40:45,862 [WARNING] STATE: NORMAL -> DROWSY
2026-06-10 20:41:02,751 [WARNING] STATE: DROWSY -> DIZZY
2026-06-10 20:41:04,433 [WARNING] STATE: DIZZY -> DISTRACTED
2026-06-10 20:41:05,960 [WARNING] STATE: DISTRACTED -> DIZZY
2026-06-10 20:41:06,339 [WARNING] STATE: DIZZY -> DISTRACTED
2026-06-10 20:41:08,134 [WARNING] STATE: DISTRACTED -> DIZZY
2026-06-10 20:41:11,435 [WARNING] STATE: DIZZY -> DISTRACTED
2026-06-10 20:41:12,338 [WARNING] STATE: DISTRACTED -> DIZZY
2026-06-10 20:41:14,780 [WARNING] STATE: DIZZY -> DROWSY
2026-06-10 20:41:16,250 [WARNING] STATE: DROWSY -> DIZZY
2026-06-10 20:41:19,029 [WARNING] STATE: DIZZY -> DISTRACTED
2026-06-10 20:41:20,480 [WARNING] STATE: DISTRACTED -> NORMAL
2026-06-10 20:41:20,675 [WARNING] STATE: NORMAL -> DROWSY
2026-06-10 20:41:20,909 [WARNING] STATE: DROWSY -> DISTRACTED
2026-06-10 20:41:22,263 [WARNING] STATE: DISTRACTED -> DIZZY
2026-06-10 20:41:23,326 [WARNING] STATE: DIZZY -> DISTRACTED
2026-06-10 20:41:24,342 [WARNING] STATE: DISTRACTED -> DIZZY
2026-06-10 20:41:25,571 [WARNING] STATE: DIZZY -> NORMAL
2026-06-10 20:41:26,344 [WARNING] STATE: NORMAL -> DIZZY
2026-06-10 20:41:27,455 [WARNING] STATE: DIZZY -> NORMAL
2026-06-10 20:41:28,141 [WARNING] STATE: NORMAL -> DIZZY
2026-06-10 20:41:29,453 [WARNING] STATE: DIZZY -> NORMAL
2026-06-10 20:41:29,853 [WARNING] STATE: NORMAL -> DROWSY
2026-06-10 20:41:30,226 [WARNING] STATE: DROWSY -> NORMAL
2026-06-10 20:41:30,350 [WARNING] STATE: NORMAL -> DROWSY
2026-06-10 20:41:30,618 [WARNING] STATE: DROWSY -> NORMAL
2026-06-10 20:41:30,758 [WARNING] STATE: NORMAL -> DROWSY
2026-06-10 20:41:35,402 [WARNING] STATE: DROWSY -> DIZZY
2026-06-10 20:41:37,147 [WARNING] STATE: DIZZY -> DISTRACTED
2026-06-10 20:41:37,650 [WARNING] STATE: DISTRACTED -> DIZZY
2026-06-10 20:41:38,813 [WARNING] STATE: DIZZY -> NORMAL
2026-06-10 20:41:39,236 [WARNING] STATE: NORMAL -> DROWSY
2026-06-10 20:41:39,638 [WARNING] STATE: DROWSY -> NORMAL
2026-06-10 20:41:39,765 [WARNING] STATE: NORMAL -> DROWSY
2026-06-10 20:41:40,008 [WARNING] STATE: DROWSY -> NORMAL
2026-06-10 20:41:40,138 [WARNING] STATE: NORMAL -> DROWSY
2026-06-10 20:41:52,439 [WARNING] STATE: DROWSY -> NORMAL
2026-06-10 20:41:52,834 [WARNING] STATE: NORMAL -> DIZZY
2026-06-10 20:41:53,650 [WARNING] STATE: DIZZY -> NORMAL
2026-06-10 20:41:54,792 [WARNING] STATE: NORMAL -> DROWSY
2026-06-10 20:41:55,177 [WARNING] STATE: DROWSY -> NORMAL
2026-06-10 20:41:55,303 [WARNING] STATE: NORMAL -> DROWSY
2026-06-10 20:41:55,569 [WARNING] STATE: DROWSY -> NORMAL
2026-06-10 20:41:55,710 [WARNING] STATE: NORMAL -> DROWSY
2026-06-10 20:41:55,945 [WARNING] STATE: DROWSY -> DIZZY
2026-06-10 20:41:57,132 [WARNING] STATE: DIZZY -> NORMAL
2026-06-10 20:41:57,570 [WARNING] STATE: NORMAL -> DROWSY
2026-06-10 20:41:58,762 [WARNING] STATE: DROWSY -> NORMAL
2026-06-10 20:41:58,885 [WARNING] STATE: NORMAL -> DROWSY
2026-06-10 20:41:59,145 [WARNING] STATE: DROWSY -> NORMAL
2026-06-10 20:41:59,270 [WARNING] STATE: NORMAL -> DROWSY
2026-06-10 20:42:06,190 [WARNING] STATE: DROWSY -> DIZZY
2026-06-10 20:42:07,123 [WARNING] STATE: DIZZY -> DISTRACTED
2026-06-10 20:42:10,088 [WARNING] STATE: DISTRACTED -> DIZZY
2026-06-10 20:42:11,235 [WARNING] STATE: DIZZY -> NORMAL
2026-06-10 20:42:11,634 [WARNING] STATE: NORMAL -> DROWSY
2026-06-10 20:42:12,086 [WARNING] STATE: DROWSY -> NORMAL
2026-06-10 20:42:12,207 [WARNING] STATE: NORMAL -> DROWSY
2026-06-10 20:42:12,462 [WARNING] STATE: DROWSY -> NORMAL
2026-06-10 20:42:12,589 [WARNING] STATE: NORMAL -> DROWSY
2026-06-10 20:42:16,187 [WARNING] STATE: DROWSY -> DIZZY
2026-06-10 20:42:16,968 [WARNING] STATE: DIZZY -> NORMAL
2026-06-10 20:42:17,393 [WARNING] STATE: NORMAL -> DROWSY
2026-06-10 20:42:17,762 [WARNING] STATE: DROWSY -> NORMAL
2026-06-10 20:42:17,918 [WARNING] STATE: NORMAL -> DROWSY
2026-06-10 20:42:18,185 [WARNING] STATE: DROWSY -> NORMAL
2026-06-10 20:42:18,304 [WARNING] STATE: NORMAL -> DROWSY
2026-06-10 20:42:25,537 [WARNING] STATE: DROWSY -> DIZZY
2026-06-10 20:42:26,318 [WARNING] STATE: DIZZY -> NORMAL
2026-06-10 20:42:26,764 [WARNING] STATE: NORMAL -> DROWSY
2026-06-10 20:42:27,157 [WARNING] STATE: DROWSY -> NORMAL
2026-06-10 20:42:27,281 [WARNING] STATE: NORMAL -> DROWSY
2026-06-10 20:42:27,562 [WARNING] STATE: DROWSY -> NORMAL
2026-06-10 20:42:27,688 [WARNING] STATE: NORMAL -> DROWSY
2026-06-10 20:42:36,205 [WARNING] STATE: DROWSY -> DIZZY
2026-06-10 20:42:36,730 [WARNING] STATE: DIZZY -> NORMAL
2026-06-10 20:42:37,135 [WARNING] STATE: NORMAL -> DROWSY
2026-06-10 20:42:37,510 [WARNING] STATE: DROWSY -> NORMAL
2026-06-10 20:42:37,656 [WARNING] STATE: NORMAL -> DROWSY
2026-06-10 20:42:37,921 [WARNING] STATE: DROWSY -> NORMAL
2026-06-10 20:42:38,060 [WARNING] STATE: NORMAL -> DROWSY
2026-06-10 20:42:41,836 [WARNING] STATE: DROWSY -> NORMAL
2026-06-10 20:42:41,958 [WARNING] STATE: NORMAL -> DROWSY
2026-06-10 20:42:42,221 [WARNING] STATE: DROWSY -> NORMAL
2026-06-10 20:42:42,363 [WARNING] STATE: NORMAL -> DROWSY
2026-06-10 20:42:43,490 [WARNING] STATE: DROWSY -> DIZZY
2026-06-10 20:42:46,150 [WARNING] STATE: DIZZY -> DISTRACTED
2026-06-10 20:42:46,697 [WARNING] STATE: DISTRACTED -> DIZZY
2026-06-10 20:42:47,644 [WARNING] STATE: DIZZY -> DISTRACTED
2026-06-10 20:42:47,924 [WARNING] STATE: DISTRACTED -> DIZZY
2026-06-10 20:42:51,575 [WARNING] STATE: DIZZY -> DISTRACTED
2026-06-10 20:42:52,553 [WARNING] STATE: DISTRACTED -> NORMAL
2026-06-10 20:42:53,519 [WARNING] STATE: NORMAL -> DISTRACTED
2026-06-10 20:42:55,028 [WARNING] STATE: DISTRACTED -> DIZZY
2026-06-10 20:42:56,029 [WARNING] STATE: DIZZY -> DISTRACTED
2026-06-10 20:42:56,883 [WARNING] STATE: DISTRACTED -> DIZZY
2026-06-10 20:43:03,143 [WARNING] STATE: DIZZY -> NORMAL
2026-06-10 20:43:03,660 [WARNING] STATE: NORMAL -> DIZZY
2026-06-10 20:43:05,874 [WARNING] STATE: DIZZY -> NORMAL
2026-06-10 20:43:15,398 [WARNING] STATE: NORMAL -> DISTRACTED
2026-06-10 20:43:15,522 [WARNING] STATE: DISTRACTED -> DIZZY
2026-06-10 20:43:17,474 [WARNING] STATE: DIZZY -> NORMAL
2026-06-10 20:43:18,991 [WARNING] STATE: NORMAL -> DIZZY
2026-06-10 20:43:21,747 [WARNING] STATE: DIZZY -> DISTRACTED
2026-06-10 20:43:22,571 [WARNING] STATE: DISTRACTED -> DIZZY
2026-06-10 20:43:22,849 [WARNING] STATE: DIZZY -> NORMAL
2026-06-10 20:43:23,296 [WARNING] STATE: NORMAL -> DROWSY
2026-06-10 20:43:23,495 [WARNING] STATE: DROWSY -> DIZZY
2026-06-10 20:43:24,581 [WARNING] STATE: DIZZY -> DROWSY
2026-06-10 20:43:24,898 [WARNING] STATE: DROWSY -> DIZZY
2026-06-10 20:43:26,348 [WARNING] STATE: DIZZY -> NORMAL
2026-06-10 20:43:26,810 [WARNING] STATE: NORMAL -> DROWSY
2026-06-10 20:43:27,253 [WARNING] STATE: DROWSY -> DIZZY
2026-06-10 20:43:29,241 [WARNING] STATE: DIZZY -> NORMAL
2026-06-10 20:43:29,778 [WARNING] STATE: NORMAL -> DIZZY
2026-06-10 20:43:30,552 [WARNING] STATE: DIZZY -> DISTRACTED
2026-06-10 20:43:31,277 [WARNING] STATE: DISTRACTED -> DIZZY
2026-06-10 20:43:31,726 [WARNING] STATE: DIZZY -> NORMAL
2026-06-10 20:43:32,711 [WARNING] STATE: NORMAL -> DROWSY
2026-06-10 20:43:33,084 [WARNING] STATE: DROWSY -> NORMAL
2026-06-10 20:43:33,223 [WARNING] STATE: NORMAL -> DROWSY
2026-06-10 20:43:33,603 [WARNING] STATE: DROWSY -> DIZZY
2026-06-10 20:43:34,730 [WARNING] STATE: DIZZY -> DISTRACTED
2026-06-10 20:43:35,090 [WARNING] STATE: DISTRACTED -> DIZZY
2026-06-10 20:43:37,012 [WARNING] STATE: DIZZY -> DISTRACTED
2026-06-10 20:43:37,573 [WARNING] STATE: DISTRACTED -> DIZZY
2026-06-10 20:43:38,497 [WARNING] STATE: DIZZY -> DISTRACTED
2026-06-10 20:43:40,888 [WARNING] STATE: DISTRACTED -> DIZZY
2026-06-10 20:43:43,756 [WARNING] STATE: DIZZY -> DISTRACTED
2026-06-10 20:43:57,080 [WARNING] STATE: DISTRACTED -> DIZZY
2026-06-10 20:43:57,311 [WARNING] STATE: DIZZY -> DISTRACTED
2026-06-10 20:44:14,319 [WARNING] STATE: DISTRACTED -> DIZZY
2026-06-10 20:44:16,756 [WARNING] STATE: DIZZY -> DISTRACTED
2026-06-10 20:44:17,083 [WARNING] STATE: DISTRACTED -> DIZZY
2026-06-10 20:44:18,098 [WARNING] STATE: DIZZY -> DISTRACTED
2026-06-10 20:44:18,485 [WARNING] STATE: DISTRACTED -> DIZZY
2026-06-10 20:44:24,199 [WARNING] STATE: DIZZY -> DISTRACTED
2026-06-10 20:44:24,754 [WARNING] STATE: DISTRACTED -> DIZZY
2026-06-10 20:44:27,850 [WARNING] STATE: DIZZY -> DISTRACTED
2026-06-10 20:44:28,760 [WARNING] STATE: DISTRACTED -> DIZZY
2026-06-10 20:44:33,472 [WARNING] STATE: DIZZY -> DISTRACTED
2026-06-10 20:44:36,188 [WARNING] STATE: DISTRACTED -> DIZZY
2026-06-10 20:44:37,071 [WARNING] STATE: DIZZY -> DISTRACTED
2026-06-10 20:44:39,648 [WARNING] STATE: DISTRACTED -> DIZZY
2026-06-10 20:44:39,975 [WARNING] STATE: DIZZY -> DISTRACTED
2026-06-10 20:44:56,424 [WARNING] STATE: DISTRACTED -> DIZZY
2026-06-10 20:44:57,239 [WARNING] STATE: DIZZY -> NORMAL
2026-06-10 20:44:57,820 [WARNING] STATE: NORMAL -> DIZZY
2026-06-10 20:44:59,677 [WARNING] STATE: DIZZY -> DISTRACTED
2026-06-10 20:45:09,296 [WARNING] STATE: DISTRACTED -> NORMAL
2026-06-10 20:45:09,676 [WARNING] STATE: NORMAL -> DISTRACTED
2026-06-10 20:45:10,233 [WARNING] STATE: DISTRACTED -> NORMAL
2026-06-10 20:45:11,514 [WARNING] STATE: NORMAL -> DROWSY
2026-06-10 20:45:12,970 [WARNING] STATE: DROWSY -> DIZZY
2026-06-10 20:45:14,096 [WARNING] STATE: DIZZY -> DISTRACTED
2026-06-10 20:45:16,916 [WARNING] STATE: DISTRACTED -> NORMAL
2026-06-10 20:45:17,369 [WARNING] STATE: NORMAL -> DROWSY
2026-06-10 20:45:17,868 [WARNING] STATE: DROWSY -> DIZZY
2026-06-10 20:45:18,988 [WARNING] STATE: DIZZY -> NORMAL
2026-06-10 20:45:19,393 [WARNING] STATE: NORMAL -> DROWSY
2026-06-10 20:45:19,785 [WARNING] STATE: DROWSY -> NORMAL
2026-06-10 20:45:19,926 [WARNING] STATE: NORMAL -> DROWSY
2026-06-10 20:45:20,194 [WARNING] STATE: DROWSY -> NORMAL
2026-06-10 20:45:20,331 [WARNING] STATE: NORMAL -> DROWSY
2026-06-10 20:45:21,674 [WARNING] STATE: DROWSY -> DIZZY
2026-06-10 20:45:22,430 [WARNING] STATE: DIZZY -> NORMAL
2026-06-10 20:45:22,760 [WARNING] STATE: NORMAL -> DIZZY
2026-06-10 20:45:23,666 [WARNING] STATE: DIZZY -> NORMAL
2026-06-10 20:45:23,933 [WARNING] STATE: NORMAL -> DIZZY
2026-06-10 20:45:25,073 [WARNING] STATE: DIZZY -> NORMAL
2026-06-10 20:45:25,346 [WARNING] STATE: NORMAL -> DIZZY
2026-06-10 20:45:25,603 [WARNING] STATE: DIZZY -> NORMAL
2026-06-10 20:45:26,042 [WARNING] STATE: NORMAL -> DROWSY
2026-06-10 20:45:26,506 [WARNING] STATE: DROWSY -> DIZZY
2026-06-10 20:45:29,819 [WARNING] STATE: DIZZY -> NORMAL
2026-06-10 20:45:30,242 [WARNING] STATE: NORMAL -> DROWSY
2026-06-10 20:45:30,666 [WARNING] STATE: DROWSY -> NORMAL
2026-06-10 20:45:30,831 [WARNING] STATE: NORMAL -> DROWSY
2026-06-10 20:45:31,113 [WARNING] STATE: DROWSY -> NORMAL
2026-06-10 20:45:31,385 [WARNING] STATE: NORMAL -> DIZZY
2026-06-10 20:45:36,153 [WARNING] STATE: DIZZY -> DISTRACTED
2026-06-10 20:45:37,932 [WARNING] STATE: DISTRACTED -> DIZZY
2026-06-10 20:45:41,691 [WARNING] STATE: DIZZY -> NORMAL
2026-06-10 20:45:42,321 [WARNING] STATE: NORMAL -> DIZZY
2026-06-10 20:45:45,473 [WARNING] STATE: DIZZY -> NORMAL
2026-06-10 20:45:47,862 [WARNING] STATE: NORMAL -> DIZZY
2026-06-10 20:45:48,988 [WARNING] STATE: DIZZY -> NORMAL
2026-06-10 20:45:58,258 [WARNING] STATE: NORMAL -> DISTRACTED
2026-06-10 20:45:58,796 [WARNING] STATE: DISTRACTED -> NORMAL
2026-06-10 20:46:01,086 [WARNING] STATE: NORMAL -> DIZZY
2026-06-10 20:46:02,374 [WARNING] STATE: DIZZY -> NORMAL
2026-06-10 20:46:23,523 [WARNING] STATE: NORMAL -> DIZZY
2026-06-10 20:46:25,172 [WARNING] STATE: DIZZY -> NORMAL
2026-06-10 20:46:25,359 [WARNING] STATE: NORMAL -> DIZZY
2026-06-10 20:46:27,516 [WARNING] STATE: DIZZY -> NORMAL
2026-06-10 20:46:33,704 [WARNING] STATE: NORMAL -> DIZZY
2026-06-10 20:46:35,255 [WARNING] STATE: DIZZY -> NORMAL
2026-06-10 20:47:13,169 [WARNING] STATE: NORMAL -> DIZZY
2026-06-10 20:47:15,132 [WARNING] STATE: DIZZY -> NORMAL
2026-06-10 20:47:15,590 [WARNING] STATE: NORMAL -> DROWSY
2026-06-10 20:47:15,991 [WARNING] STATE: DROWSY -> NORMAL
2026-06-10 20:47:16,132 [WARNING] STATE: NORMAL -> DROWSY
2026-06-10 20:47:16,386 [WARNING] STATE: DROWSY -> NORMAL
2026-06-10 20:47:16,505 [WARNING] STATE: NORMAL -> DROWSY
2026-06-10 20:47:25,342 [WARNING] STATE: DROWSY -> DIZZY
2026-06-10 20:47:32,067 [WARNING] STATE: DIZZY -> DROWSY
2026-06-10 20:47:32,862 [WARNING] STATE: DROWSY -> DIZZY
2026-06-10 20:47:34,754 [WARNING] STATE: DIZZY -> DISTRACTED
2026-06-10 20:47:36,251 [INFO] Stopping ADAMS
2026-06-10 21:00:14,872 [INFO] Starting ADAMS v3
2026-06-10 21:00:14,872 [WARNING] smbus2 not installed – LCD disabled. Run: pip install smbus2
2026-06-10 21:00:14,872 [WARNING] GPIO unavailable – simulation mode
2026-06-10 21:00:15,402 [INFO] Firebase connected
2026-06-10 21:00:17,053 [INFO] FSR hands=ON pin=27 reads=[] high=0 low=0 active=5/3 active_high=True
2026-06-10 21:00:17,254 [WARNING] STATE: NORMAL -> DISTRACTED
2026-06-10 21:00:20,032 [WARNING] STATE: DISTRACTED -> DIZZY
2026-06-10 21:00:22,264 [INFO] FSR hands=ON pin=27 reads=[] high=0 low=0 active=5/3 active_high=True
2026-06-10 21:00:23,839 [WARNING] STATE: DIZZY -> DISTRACTED
2026-06-10 21:00:26,749 [WARNING] STATE: DISTRACTED -> NORMAL
2026-06-10 21:00:27,522 [INFO] FSR hands=ON pin=27 reads=[] high=0 low=0 active=5/3 active_high=True
2026-06-10 21:00:28,504 [WARNING] STATE: NORMAL -> DISTRACTED
2026-06-10 21:00:29,525 [WARNING] STATE: DISTRACTED -> NORMAL
2026-06-10 21:00:32,787 [INFO] FSR hands=ON pin=27 reads=[] high=0 low=0 active=5/3 active_high=True
2026-06-10 21:00:38,076 [INFO] FSR hands=ON pin=27 reads=[] high=0 low=0 active=5/3 active_high=True
2026-06-10 21:00:39,430 [WARNING] STATE: NORMAL -> DISTRACTED
2026-06-10 21:00:40,179 [WARNING] STATE: DISTRACTED -> DIZZY
2026-06-10 21:00:41,180 [WARNING] STATE: DIZZY -> DISTRACTED
2026-06-10 21:00:42,960 [WARNING] STATE: DISTRACTED -> DIZZY
2026-06-10 21:00:43,470 [INFO] FSR hands=ON pin=27 reads=[] high=0 low=0 active=5/3 active_high=True
2026-06-10 21:00:43,967 [WARNING] STATE: DIZZY -> DISTRACTED
2026-06-10 21:00:47,027 [WARNING] STATE: DISTRACTED -> DIZZY
2026-06-10 21:00:48,013 [WARNING] STATE: DIZZY -> DISTRACTED
2026-06-10 21:00:48,806 [INFO] FSR hands=ON pin=27 reads=[] high=0 low=0 active=5/3 active_high=True
2026-06-10 21:00:54,108 [INFO] FSR hands=ON pin=27 reads=[] high=0 low=0 active=5/3 active_high=True
2026-06-10 21:00:59,393 [INFO] FSR hands=ON pin=27 reads=[] high=0 low=0 active=5/3 active_high=True
2026-06-10 21:01:06,136 [INFO] FSR hands=ON pin=27 reads=[] high=0 low=0 active=5/3 active_high=True
2026-06-10 21:01:11,425 [INFO] FSR hands=ON pin=27 reads=[] high=0 low=0 active=5/3 active_high=True
2026-06-10 21:01:16,652 [INFO] FSR hands=ON pin=27 reads=[] high=0 low=0 active=5/3 active_high=True
2026-06-10 21:01:21,888 [INFO] FSR hands=ON pin=27 reads=[] high=0 low=0 active=5/3 active_high=True
2026-06-10 21:01:27,086 [INFO] FSR hands=ON pin=27 reads=[] high=0 low=0 active=5/3 active_high=True
2026-06-10 21:01:32,277 [INFO] FSR hands=ON pin=27 reads=[] high=0 low=0 active=5/3 active_high=True
2026-06-10 21:01:37,555 [INFO] FSR hands=ON pin=27 reads=[] high=0 low=0 active=5/3 active_high=True
2026-06-10 21:01:37,788 [WARNING] STATE: DISTRACTED -> DIZZY
2026-06-10 21:01:41,308 [WARNING] STATE: DIZZY -> NORMAL
2026-06-10 21:01:41,721 [WARNING] STATE: NORMAL -> DROWSY
2026-06-10 21:01:42,127 [WARNING] STATE: DROWSY -> NORMAL
2026-06-10 21:01:42,250 [WARNING] STATE: NORMAL -> DROWSY
2026-06-10 21:01:42,508 [WARNING] STATE: DROWSY -> NORMAL
2026-06-10 21:01:42,634 [WARNING] STATE: NORMAL -> DROWSY
2026-06-10 21:01:42,735 [INFO] FSR hands=ON pin=27 reads=[] high=0 low=0 active=5/3 active_high=True
2026-06-10 21:01:47,944 [INFO] FSR hands=ON pin=27 reads=[] high=0 low=0 active=5/3 active_high=True
2026-06-10 21:01:50,661 [WARNING] STATE: DROWSY -> DIZZY
2026-06-10 21:01:51,808 [WARNING] STATE: DIZZY -> NORMAL
2026-06-10 21:01:52,215 [WARNING] STATE: NORMAL -> DROWSY
2026-06-10 21:01:52,778 [WARNING] STATE: DROWSY -> DIZZY
2026-06-10 21:01:53,168 [INFO] FSR hands=ON pin=27 reads=[] high=0 low=0 active=5/3 active_high=True
2026-06-10 21:01:56,064 [WARNING] STATE: DIZZY -> NORMAL
2026-06-10 21:01:57,395 [WARNING] STATE: NORMAL -> DROWSY
2026-06-10 21:01:58,396 [INFO] FSR hands=ON pin=27 reads=[] high=0 low=0 active=5/3 active_high=True
2026-06-10 21:01:59,952 [WARNING] STATE: DROWSY -> DIZZY
2026-06-10 21:02:00,599 [WARNING] STATE: DIZZY -> NORMAL
2026-06-10 21:02:01,033 [WARNING] STATE: NORMAL -> DROWSY
2026-06-10 21:02:01,438 [WARNING] STATE: DROWSY -> DIZZY
2026-06-10 21:02:03,613 [INFO] FSR hands=ON pin=27 reads=[] high=0 low=0 active=5/3 active_high=True
2026-06-10 21:02:06,472 [WARNING] STATE: DIZZY -> DISTRACTED
2026-06-10 21:02:08,811 [INFO] FSR hands=ON pin=27 reads=[] high=0 low=0 active=5/3 active_high=True
2026-06-10 21:02:09,870 [WARNING] STATE: DISTRACTED -> DIZZY
2026-06-10 21:02:11,105 [WARNING] STATE: DIZZY -> DISTRACTED
2026-06-10 21:02:14,122 [INFO] FSR hands=ON pin=27 reads=[] high=0 low=0 active=5/3 active_high=True
2026-06-10 21:02:14,353 [WARNING] STATE: DISTRACTED -> DIZZY
2026-06-10 21:02:18,226 [WARNING] STATE: DIZZY -> DISTRACTED
2026-06-10 21:02:19,413 [INFO] FSR hands=ON pin=27 reads=[] high=0 low=0 active=5/3 active_high=True
2026-06-10 21:02:21,139 [WARNING] STATE: DISTRACTED -> DIZZY
2026-06-10 21:02:23,776 [WARNING] STATE: DIZZY -> DISTRACTED
2026-06-10 21:02:24,618 [INFO] FSR hands=ON pin=27 reads=[] high=0 low=0 active=5/3 active_high=True
2026-06-10 21:02:24,713 [WARNING] STATE: DISTRACTED -> DIZZY
2026-06-10 21:02:26,912 [WARNING] STATE: DIZZY -> DISTRACTED
2026-06-10 21:02:29,860 [INFO] FSR hands=ON pin=27 reads=[] high=0 low=0 active=5/3 active_high=True
2026-06-10 21:02:35,059 [INFO] FSR hands=ON pin=27 reads=[] high=0 low=0 active=5/3 active_high=True
2026-06-10 21:02:39,851 [WARNING] STATE: DISTRACTED -> DIZZY
2026-06-10 21:02:40,051 [WARNING] STATE: DIZZY -> DISTRACTED
2026-06-10 21:02:40,243 [INFO] FSR hands=ON pin=27 reads=[] high=0 low=0 active=5/3 active_high=True
2026-06-10 21:02:40,727 [WARNING] STATE: DISTRACTED -> DIZZY
2026-06-10 21:02:40,954 [WARNING] STATE: DIZZY -> DISTRACTED
2026-06-10 21:02:41,156 [WARNING] STATE: DISTRACTED -> DIZZY
2026-06-10 21:02:41,719 [WARNING] STATE: DIZZY -> DISTRACTED
2026-06-10 21:02:45,435 [INFO] FSR hands=ON pin=27 reads=[] high=0 low=0 active=5/3 active_high=True
2026-06-10 21:02:50,750 [INFO] FSR hands=ON pin=27 reads=[] high=0 low=0 active=5/3 active_high=True
2026-06-10 21:02:55,994 [INFO] FSR hands=ON pin=27 reads=[] high=0 low=0 active=5/3 active_high=True
2026-06-10 21:03:01,297 [INFO] FSR hands=ON pin=27 reads=[] high=0 low=0 active=5/3 active_high=True
2026-06-10 21:03:06,528 [INFO] FSR hands=ON pin=27 reads=[] high=0 low=0 active=5/3 active_high=True
2026-06-10 21:03:11,659 [INFO] FSR hands=ON pin=27 reads=[] high=0 low=0 active=5/3 active_high=True
2026-06-10 21:03:13,563 [WARNING] STATE: DISTRACTED -> DIZZY
2026-06-10 21:03:14,551 [WARNING] STATE: DIZZY -> DISTRACTED
2026-06-10 21:03:14,847 [WARNING] STATE: DISTRACTED -> DIZZY
2026-06-10 21:03:15,704 [WARNING] STATE: DIZZY -> DISTRACTED
2026-06-10 21:03:17,008 [INFO] FSR hands=ON pin=27 reads=[] high=0 low=0 active=5/3 active_high=True
2026-06-10 21:03:22,280 [INFO] FSR hands=ON pin=27 reads=[] high=0 low=0 active=5/3 active_high=True
2026-06-10 21:03:27,605 [INFO] FSR hands=ON pin=27 reads=[] high=0 low=0 active=5/3 active_high=True
2026-06-10 21:03:32,871 [INFO] FSR hands=ON pin=27 reads=[] high=0 low=0 active=5/3 active_high=True
2026-06-10 21:03:38,197 [INFO] FSR hands=ON pin=27 reads=[] high=0 low=0 active=5/3 active_high=True
2026-06-10 21:03:41,363 [WARNING] STATE: DISTRACTED -> DIZZY
2026-06-10 21:03:42,721 [WARNING] STATE: DIZZY -> NORMAL
2026-06-10 21:03:43,012 [WARNING] STATE: NORMAL -> DIZZY
2026-06-10 21:03:43,393 [INFO] FSR hands=ON pin=27 reads=[] high=0 low=0 active=5/3 active_high=True
2026-06-10 21:03:44,193 [WARNING] STATE: DIZZY -> NORMAL
2026-06-10 21:03:44,635 [WARNING] STATE: NORMAL -> DROWSY
2026-06-10 21:03:45,008 [WARNING] STATE: DROWSY -> NORMAL
2026-06-10 21:03:45,135 [WARNING] STATE: NORMAL -> DROWSY
2026-06-10 21:03:45,414 [WARNING] STATE: DROWSY -> NORMAL
2026-06-10 21:03:45,553 [WARNING] STATE: NORMAL -> DROWSY
2026-06-10 21:03:48,581 [INFO] FSR hands=ON pin=27 reads=[] high=0 low=0 active=5/3 active_high=True
2026-06-10 21:03:53,800 [INFO] FSR hands=ON pin=27 reads=[] high=0 low=0 active=5/3 active_high=True
2026-06-10 21:03:59,041 [INFO] FSR hands=ON pin=27 reads=[] high=0 low=0 active=5/3 active_high=True
2026-06-10 21:04:03,571 [WARNING] STATE: DROWSY -> DIZZY
2026-06-10 21:04:04,232 [INFO] FSR hands=ON pin=27 reads=[] high=0 low=0 active=5/3 active_high=True
2026-06-10 21:04:04,608 [WARNING] STATE: DIZZY -> DISTRACTED
2026-06-10 21:04:06,227 [WARNING] STATE: DISTRACTED -> NORMAL
2026-06-10 21:04:06,732 [WARNING] STATE: NORMAL -> DIZZY
2026-06-10 21:04:07,257 [WARNING] STATE: DIZZY -> NORMAL
2026-06-10 21:04:08,241 [WARNING] STATE: NORMAL -> DROWSY
2026-06-10 21:04:08,563 [WARNING] STATE: DROWSY -> DIZZY
2026-06-10 21:04:09,479 [INFO] FSR hands=ON pin=27 reads=[] high=0 low=0 active=5/3 active_high=True
2026-06-10 21:04:09,658 [WARNING] STATE: DIZZY -> NORMAL
2026-06-10 21:04:10,045 [WARNING] STATE: NORMAL -> DROWSY
2026-06-10 21:04:10,433 [WARNING] STATE: DROWSY -> NORMAL
2026-06-10 21:04:10,573 [WARNING] STATE: NORMAL -> DROWSY
2026-06-10 21:04:10,865 [WARNING] STATE: DROWSY -> NORMAL
2026-06-10 21:04:11,037 [WARNING] STATE: NORMAL -> DROWSY
2026-06-10 21:04:11,709 [WARNING] STATE: DROWSY -> DIZZY
2026-06-10 21:04:14,204 [WARNING] STATE: DIZZY -> DISTRACTED
2026-06-10 21:04:14,707 [INFO] FSR hands=ON pin=27 reads=[] high=0 low=0 active=5/3 active_high=True
2026-06-10 21:04:18,619 [WARNING] STATE: DISTRACTED -> DIZZY
2026-06-10 21:04:19,590 [WARNING] STATE: DIZZY -> DISTRACTED
2026-06-10 21:04:19,891 [WARNING] STATE: DISTRACTED -> DIZZY
2026-06-10 21:04:20,001 [INFO] FSR hands=ON pin=27 reads=[] high=0 low=0 active=5/3 active_high=True
2026-06-10 21:04:21,020 [WARNING] STATE: DIZZY -> DISTRACTED
2026-06-10 21:04:25,326 [INFO] FSR hands=ON pin=27 reads=[] high=0 low=0 active=5/3 active_high=True
2026-06-10 21:04:30,596 [INFO] FSR hands=ON pin=27 reads=[] high=0 low=0 active=5/3 active_high=True
2026-06-10 21:04:30,835 [WARNING] STATE: DISTRACTED -> DIZZY
2026-06-10 21:04:33,055 [WARNING] STATE: DIZZY -> DISTRACTED
2026-06-10 21:04:35,814 [INFO] FSR hands=ON pin=27 reads=[] high=0 low=0 active=5/3 active_high=True
2026-06-10 21:04:38,145 [WARNING] STATE: DISTRACTED -> DIZZY
2026-06-10 21:04:40,706 [WARNING] STATE: DIZZY -> DISTRACTED
2026-06-10 21:04:41,056 [INFO] FSR hands=ON pin=27 reads=[] high=0 low=0 active=5/3 active_high=True
2026-06-10 21:04:45,738 [WARNING] STATE: DISTRACTED -> DIZZY
2026-06-10 21:04:46,334 [INFO] FSR hands=ON pin=27 reads=[] high=0 low=0 active=5/3 active_high=True
2026-06-10 21:04:49,241 [WARNING] STATE: DIZZY -> DISTRACTED
2026-06-10 21:04:51,646 [INFO] FSR hands=ON pin=27 reads=[] high=0 low=0 active=5/3 active_high=True
2026-06-10 21:04:56,921 [INFO] FSR hands=ON pin=27 reads=[] high=0 low=0 active=5/3 active_high=True
2026-06-10 21:04:58,301 [WARNING] STATE: DISTRACTED -> DIZZY
2026-06-10 21:05:00,695 [WARNING] STATE: DIZZY -> DISTRACTED
2026-06-10 21:05:02,249 [INFO] FSR hands=ON pin=27 reads=[] high=0 low=0 active=5/3 active_high=True
2026-06-10 21:05:07,639 [INFO] FSR hands=ON pin=27 reads=[] high=0 low=0 active=5/3 active_high=True
2026-06-10 21:05:11,130 [WARNING] STATE: DISTRACTED -> DIZZY
2026-06-10 21:05:12,919 [INFO] FSR hands=ON pin=27 reads=[] high=0 low=0 active=5/3 active_high=True
2026-06-10 21:05:13,039 [WARNING] STATE: DIZZY -> DISTRACTED
2026-06-10 21:05:18,322 [INFO] FSR hands=ON pin=27 reads=[] high=0 low=0 active=5/3 active_high=True
2026-06-10 21:05:23,569 [INFO] FSR hands=ON pin=27 reads=[] high=0 low=0 active=5/3 active_high=True
2026-06-10 21:05:25,669 [WARNING] STATE: DISTRACTED -> DIZZY
2026-06-10 21:05:27,693 [WARNING] STATE: DIZZY -> DISTRACTED
2026-06-10 21:05:28,849 [INFO] FSR hands=ON pin=27 reads=[] high=0 low=0 active=5/3 active_high=True
2026-06-10 21:05:34,263 [INFO] FSR hands=ON pin=27 reads=[] high=0 low=0 active=5/3 active_high=True
2026-06-10 21:05:39,600 [INFO] FSR hands=ON pin=27 reads=[] high=0 low=0 active=5/3 active_high=True
2026-06-10 21:05:45,000 [INFO] FSR hands=ON pin=27 reads=[] high=0 low=0 active=5/3 active_high=True
2026-06-10 21:05:50,331 [INFO] FSR hands=ON pin=27 reads=[] high=0 low=0 active=5/3 active_high=True
2026-06-10 21:05:55,717 [INFO] FSR hands=ON pin=27 reads=[] high=0 low=0 active=5/3 active_high=True
2026-06-10 21:06:01,101 [INFO] FSR hands=ON pin=27 reads=[] high=0 low=0 active=5/3 active_high=True
2026-06-10 21:06:06,489 [INFO] FSR hands=ON pin=27 reads=[] high=0 low=0 active=5/3 active_high=True
2026-06-10 21:06:11,795 [INFO] FSR hands=ON pin=27 reads=[] high=0 low=0 active=5/3 active_high=True
2026-06-10 21:06:17,129 [INFO] FSR hands=ON pin=27 reads=[] high=0 low=0 active=5/3 active_high=True
2026-06-10 21:06:22,536 [INFO] FSR hands=ON pin=27 reads=[] high=0 low=0 active=5/3 active_high=True
2026-06-10 21:06:27,843 [INFO] FSR hands=ON pin=27 reads=[] high=0 low=0 active=5/3 active_high=True
2026-06-10 21:06:33,051 [INFO] FSR hands=ON pin=27 reads=[] high=0 low=0 active=5/3 active_high=True
2026-06-10 21:06:38,390 [INFO] FSR hands=ON pin=27 reads=[] high=0 low=0 active=5/3 active_high=True
2026-06-10 21:06:43,574 [INFO] FSR hands=ON pin=27 reads=[] high=0 low=0 active=5/3 active_high=True
2026-06-10 21:06:48,756 [INFO] FSR hands=ON pin=27 reads=[] high=0 low=0 active=5/3 active_high=True
2026-06-10 21:06:53,952 [INFO] FSR hands=ON pin=27 reads=[] high=0 low=0 active=5/3 active_high=True
2026-06-10 21:06:59,244 [INFO] FSR hands=ON pin=27 reads=[] high=0 low=0 active=5/3 active_high=True
2026-06-10 21:07:04,576 [INFO] FSR hands=ON pin=27 reads=[] high=0 low=0 active=5/3 active_high=True
2026-06-10 21:07:09,837 [INFO] FSR hands=ON pin=27 reads=[] high=0 low=0 active=5/3 active_high=True
2026-06-10 21:07:15,132 [INFO] FSR hands=ON pin=27 reads=[] high=0 low=0 active=5/3 active_high=True
2026-06-10 21:07:20,469 [INFO] FSR hands=ON pin=27 reads=[] high=0 low=0 active=5/3 active_high=True
2026-06-10 21:07:25,669 [INFO] FSR hands=ON pin=27 reads=[] high=0 low=0 active=5/3 active_high=True
2026-06-10 21:07:30,929 [INFO] FSR hands=ON pin=27 reads=[] high=0 low=0 active=5/3 active_high=True
2026-06-10 21:07:31,188 [WARNING] STATE: DISTRACTED -> DIZZY
2026-06-10 21:07:33,039 [WARNING] STATE: DIZZY -> DISTRACTED
2026-06-10 21:07:36,153 [INFO] FSR hands=ON pin=27 reads=[] high=0 low=0 active=5/3 active_high=True
2026-06-10 21:07:37,588 [WARNING] STATE: DISTRACTED -> DIZZY
2026-06-10 21:07:38,877 [WARNING] STATE: DIZZY -> DISTRACTED
2026-06-10 21:07:39,252 [WARNING] STATE: DISTRACTED -> DIZZY
2026-06-10 21:07:40,326 [WARNING] STATE: DIZZY -> DISTRACTED
2026-06-10 21:07:41,321 [INFO] FSR hands=ON pin=27 reads=[] high=0 low=0 active=5/3 active_high=True
2026-06-10 21:07:41,953 [WARNING] STATE: DISTRACTED -> DIZZY
2026-06-10 21:07:43,556 [INFO] Stopping ADAMS
